"Portal","Keyword","StatusCategory","SNo","TenderID","TitleAndRefNo","OrganisationChain","TenderStage","CleanTitle","RefNo","DownloadedPDFs"
"https://wbtenders.gov.in","CABLE","AOC","1","2026_WRDD_999653_6","[Supply of 3 core(2.5 sq mm , 4.0 sq mm) PVC insulated water proof flat cableunder A.E.(A-I) Krishnagar-I ( A-I ) Sub-Division under Krishnagar-II(A-I)Division.][WBWRDD/Krishnagar-II(A-I) Divn/e- NIQ17/2025-26]","WATER RESOURCES DEV. DTE.||KRISHNANAGAR (AI) CIRCLE||KRISHNAGAR -II (AI) DVN","AOC","Supply of 3 core(2.5 sq mm , 4.0 sq mm) PVC insulated water proof flat cableunder A.E.(A-I) Krishnagar-I ( A-I ) Sub-Division under Krishnagar-II(A-I)Division.","WBWRDD/Krishnagar-II(A-I) Divn/e- NIQ17/2025-26","downloads\wbtenders.gov.in\2026_WRDD_999653_6\stage_summary_2026_WRDD_999653_6.pdf"
"https://jharkhandtenders.gov.in","CABLE","AOC","1","2026_ENRGY_111554_7","[Round the clock comprehensive annual maintenance of all E.I including fans, campus light, garden light, U/G cable, Panel, Generator 7 nos 35 KVA in Hon,ble Jharkhand High Corut, Judge Bungalow no. 1, 2, 3, 6, 8, 10, 11, 12, 14, 15, 16, 17, 18, 19 nea][Energy/EWD/Ranchi/103/2025-26]","Energy CEE","AOC","Round the clock comprehensive annual maintenance of all E.I including fans, campus light, garden light, U/G cable, Panel, Generator 7 nos 35 KVA in Hon,ble Jharkhand High Corut, Judge Bungalow no. 1, 2, 3, 6, 8, 10, 11, 12, 14, 15, 16, 17, 18, 19 nea","Energy/EWD/Ranchi/103/2025-26","downloads\jharkhandtenders.gov.in\2026_ENRGY_111554_7\stage_summary_2026_ENRGY_111554_7.pdf"
"https://jharkhandtenders.gov.in","CABLE","AOC","2","2026_ENRGY_111554_4","[Round the clock manning operation and comprehensive annual maintenance of all E.i in the Campus including, Garden light, LED Street light, U/G cable, panel of Old building of Jharkhand High Court ( Heritage building) at Doranda, Ranchi.][Energy/EWD/Ranchi/103/2025-26]","Energy CEE","AOC","Round the clock manning operation and comprehensive annual maintenance of all E.i in the Campus including, Garden light, LED Street light, U/G cable, panel of Old building of Jharkhand High Court ( Heritage building) at Doranda, Ranchi.","Energy/EWD/Ranchi/103/2025-26","downloads\jharkhandtenders.gov.in\2026_ENRGY_111554_4\stage_summary_2026_ENRGY_111554_4.pdf"
"https://jharkhandtenders.gov.in","CABLE","AOC","3","2026_ENRGY_111175_5","[S.I.T.C of 58.5 (3PH) KVA silent type CPCB IV compliant DG set with AMF panel and cable in Chief Justice Residence Kanke road, Ranchi.][Energy/EWD/Ranchi/105/2025-26]","Energy CEE","AOC","S.I.T.C of 58.5 (3PH) KVA silent type CPCB IV compliant DG set with AMF panel and cable in Chief Justice Residence Kanke road, Ranchi.","Energy/EWD/Ranchi/105/2025-26","downloads\jharkhandtenders.gov.in\2026_ENRGY_111175_5\stage_summary_2026_ENRGY_111175_5.pdf"
"https://jharkhandtenders.gov.in","CABLE","AOC","4","2026_ENRGY_111164_4","[Provision of armoured electric cable for advocate block-1 to Separate line connection from court building in the Premised of Jharkhand High Court at Dhurwa, Ranchi.][Energy/EWD/Ranchi/106/2025-26]","Energy CEE","AOC","Provision of armoured electric cable for advocate block-1 to Separate line connection from court building in the Premised of Jharkhand High Court at Dhurwa, Ranchi.","Energy/EWD/Ranchi/106/2025-26","downloads\jharkhandtenders.gov.in\2026_ENRGY_111164_4\stage_summary_2026_ENRGY_111164_4.pdf"
"https://jharkhandtenders.gov.in","CABLE","AOC","5","2026_ENRGY_111164_2","[S.I.T.C of 01 no 250 KVA Silent type DG (CPCB IV complint) set with AMF Panel, Plinth, Shed, Armoured cable and Changover cubical Panel at Nepal House, Doranda, Ranchi.][Energy/EWD/Ranchi/106/2025-26]","Energy CEE","AOC","S.I.T.C of 01 no 250 KVA Silent type DG (CPCB IV complint) set with AMF Panel, Plinth, Shed, Armoured cable and Changover cubical Panel at Nepal House, Doranda, Ranchi.","Energy/EWD/Ranchi/106/2025-26","downloads\jharkhandtenders.gov.in\2026_ENRGY_111164_2\stage_summary_2026_ENRGY_111164_2.pdf"
"https://jharkhandtenders.gov.in","CABLE","AOC","6","2026_ENRGY_110837_1","[Provision of Garden light, LED Flood light and Service cable for different Places in the campus of D.C Residence at Simdega.][Energy/EWD/Ranchi/100/2025-26]","Energy CEE","AOC","Provision of Garden light, LED Flood light and Service cable for different Places in the campus of D.C Residence at Simdega.","Energy/EWD/Ranchi/100/2025-26","downloads\jharkhandtenders.gov.in\2026_ENRGY_110837_1\stage_summary_2026_ENRGY_110837_1.pdf"
"https://jharkhandtenders.gov.in","CABLE","AOC","7","2026_ENRGY_109072_1","[Round the clock comprehensive annual maintenance of all E.I. work U.G Cable, Fans, light fitting, Street light, Garden light, Decorative path light, Panel, UPS and AMC of 125 KVA DG set at Lok Bhawan, Dumka.][Energy/EWD/Dumka/24/2025-26]","Energy CEE","AOC","Round the clock comprehensive annual maintenance of all E.I. work U.G Cable, Fans, light fitting, Street light, Garden light, Decorative path light, Panel, UPS and AMC of 125 KVA DG set at Lok Bhawan, Dumka.","Energy/EWD/Dumka/24/2025-26","downloads\jharkhandtenders.gov.in\2026_ENRGY_109072_1\stage_summary_2026_ENRGY_109072_1.pdf"
"https://jharkhandtenders.gov.in","CABLE","AOC","8","2026_ENRGY_108763_1","[Operation and AMC of all E.I including Fans, Metal halide, U/G cable, Panel, Generator (1 no 35 KVA, 1 no 125 KVA DG, 1 no 200 KVA and 1 no 250KVA) and 2 no Lift (G3) etc in Chief Secretariat, Nepal House and Raja Rani Kothi, Doranda, Ranchi.][Energy/EWD/Ranchi/90/2025-26]","Energy CEE","AOC","Operation and AMC of all E.I including Fans, Metal halide, U/G cable, Panel, Generator (1 no 35 KVA, 1 no 125 KVA DG, 1 no 200 KVA and 1 no 250KVA) and 2 no Lift (G3) etc in Chief Secretariat, Nepal House and Raja Rani Kothi, Doranda, Ranchi.","Energy/EWD/Ranchi/90/2025-26","downloads\jharkhandtenders.gov.in\2026_ENRGY_108763_1\stage_summary_2026_ENRGY_108763_1.pdf"
"https://jharkhandtenders.gov.in","CABLE","AOC","9","2025_UDD_107745_36","[Installation 02 Nos Deep Boring in Old Cable Town Under JNAC Jamshedpur in East Singhbhum Dist][Jnac/Epro-24/2025-26]","UDD Secretary||UDD Chairperson eProc Cell","AOC","Installation 02 Nos Deep Boring in Old Cable Town Under JNAC Jamshedpur in East Singhbhum Dist","Jnac/Epro-24/2025-26","downloads\jharkhandtenders.gov.in\2025_UDD_107745_36\stage_summary_2025_UDD_107745_36.pdf"
"https://jharkhandtenders.gov.in","CABLE","AOC","10","2025_UDD_107745_26","[Installation 03 Nos Deep Boring at Cable Town Under JNAC Jamshedpur in East Singhbhum Dist][Jnac/Epro-24/2025-26]","UDD Secretary||UDD Chairperson eProc Cell","AOC","Installation 03 Nos Deep Boring at Cable Town Under JNAC Jamshedpur in East Singhbhum Dist","Jnac/Epro-24/2025-26","downloads\jharkhandtenders.gov.in\2025_UDD_107745_26\stage_summary_2025_UDD_107745_26.pdf"
"https://jharkhandtenders.gov.in","CABLE","AOC","11","2025_UDD_107745_25","[Installation 02 Nos Deep Boring at Cable Harijan Basti Under JNAC Jamshedpur in East Singhbhum Dist][Jnac/Epro-24/2025-26]","UDD Secretary||UDD Chairperson eProc Cell","AOC","Installation 02 Nos Deep Boring at Cable Harijan Basti Under JNAC Jamshedpur in East Singhbhum Dist","Jnac/Epro-24/2025-26","downloads\jharkhandtenders.gov.in\2025_UDD_107745_25\stage_summary_2025_UDD_107745_25.pdf"
"https://jharkhandtenders.gov.in","CABLE","AOC","12","2025_UDD_102373_2","[Supply installation testing and commissioning of 03 Nos. of current transformer,01 Nos. of Cable termination kit 11KV HT XLPE cable- 03 core, and 01 Nos. of automatic float cum boost Battery charger 110 V at WTP Under Chas Municipal Corporation][UDD/CMC/06/2025-26]","UDD Secretary||UDD Chairperson eProc Cell","AOC","Supply installation testing and commissioning of 03 Nos. of current transformer,01 Nos. of Cable termination kit 11KV HT XLPE cable- 03 core, and 01 Nos. of automatic float cum boost Battery charger 110 V at WTP Under Chas Municipal Corporation","UDD/CMC/06/2025-26","downloads\jharkhandtenders.gov.in\2025_UDD_102373_2\stage_summary_2025_UDD_102373_2.pdf"
"https://jharkhandtenders.gov.in","CABLE","AOC","13","2025_UDD_100996_1","[Estimate for Supply, Installation, Testing and Commissioning of 11KV 400A VCB 415V 1600A ACB FASD Starter and SupplyLaying with jointing of different size of cables and its allied electrical works at Jharia pumping plant Under JMADADhanbad][08/JMADA/2025-26 (2nd Call) (Gr 04)]","UDD Secretary||UDD Chairperson eProc Cell","AOC","Estimate for Supply, Installation, Testing and Commissioning of 11KV 400A VCB 415V 1600A ACB FASD Starter and SupplyLaying with jointing of different size of cables and its allied electrical works at Jharia pumping plant Under JMADADhanbad","08/JMADA/2025-26 (2nd Call) (Gr 04)","downloads\jharkhandtenders.gov.in\2025_UDD_100996_1\stage_summary_2025_UDD_100996_1.pdf"
"https://jharkhandtenders.gov.in","CABLE","AOC","14","2025_UDD_100436_1","[Supply, Install, Testing and Commissioning of 11KV 400A VCB, 415V 1600A ACB, FASD Starter and Supply, Laying with jointing of different size of cables and Its allied electrical works at Main SubStation and 12 MGD WTP Jamadoba under JMADA, Dhanbad ][03/JMADA/2025-26 (Gr B)]","UDD Secretary||UDD Chairperson eProc Cell","AOC","Supply, Install, Testing and Commissioning of 11KV 400A VCB, 415V 1600A ACB, FASD Starter and Supply, Laying with jointing of different size of cables and Its allied electrical works at Main SubStation and 12 MGD WTP Jamadoba under JMADA, Dhanbad","03/JMADA/2025-26 (Gr B)","downloads\jharkhandtenders.gov.in\2025_UDD_100436_1\stage_summary_2025_UDD_100436_1.pdf"
"https://jharkhandtenders.gov.in","CABLE","AOC","15","2025_UDD_100396_1","[Supply, Installation, Testing and Commissioning of 11KV 400A VCB, 415V 1600A ACB, FASD Starter and Supply, Laying with jointing of different size of cables and its allied electrical works at Putki pumping plant Under JMADA, Dhanbad ][02/JMADA/2025-26 (Gr 30) ]","UDD Secretary||UDD Chairperson eProc Cell","AOC","Supply, Installation, Testing and Commissioning of 11KV 400A VCB, 415V 1600A ACB, FASD Starter and Supply, Laying with jointing of different size of cables and its allied electrical works at Putki pumping plant Under JMADA, Dhanbad","02/JMADA/2025-26 (Gr 30)","downloads\jharkhandtenders.gov.in\2025_UDD_100396_1\stage_summary_2025_UDD_100396_1.pdf"
"https://jharkhandtenders.gov.in","CABLE","AOC","16","2025_UDD_100394_1","[Supply, Installation, Testing and Commissioning of 11KV 400A VCB, 415V 1600A ACB, FASD Starter and Supply, Laying with jointing of different size of cables and its allied electrical works at Bhuli pumping plant Under JMADA, Dhanbad for Year 2024-][02/JMADA/2025-26 (Gr 28)]","UDD Secretary||UDD Chairperson eProc Cell","AOC","Supply, Installation, Testing and Commissioning of 11KV 400A VCB, 415V 1600A ACB, FASD Starter and Supply, Laying with jointing of different size of cables and its allied electrical works at Bhuli pumping plant Under JMADA, Dhanbad for Year 2024-","02/JMADA/2025-26 (Gr 28)","downloads\jharkhandtenders.gov.in\2025_UDD_100394_1\stage_summary_2025_UDD_100394_1.pdf"
"https://jharkhandtenders.gov.in","CABLE","AOC","17","2025_JSEB_99147_1","[PCC in 220 kV switchyard slope area near ATRs and extension of trench for drainage of upcoming ATR cable trench at 220/132 kV GSS, Adityapur-II (RCP)][393/PR/JUSNL/2024-25]","JSEB||JUSNL||GM, TZ-III, JAMSHEDPUR.","AOC","PCC in 220 kV switchyard slope area near ATRs and extension of trench for drainage of upcoming ATR cable trench at 220/132 kV GSS, Adityapur-II (RCP)","393/PR/JUSNL/2024-25","downloads\jharkhandtenders.gov.in\2025_JSEB_99147_1\stage_summary_2025_JSEB_99147_1.pdf"
"https://jharkhandtenders.gov.in","CABLE","AOC","18","2025_JSEB_98841_1","[Providing a retaining wall for cable trench, strengthening of earthing system of ATR and SST, erection of surge arrestor (132 kV) and VCB (SST) and approach road for repair and maintenance of 220/132 kV, 150 MVA ATRs at GSS, Adityapur-II (RCP)][371/PR/JUSNL/2024-25]","JSEB||JUSNL||GM, TZ-III, JAMSHEDPUR.","AOC","Providing a retaining wall for cable trench, strengthening of earthing system of ATR and SST, erection of surge arrestor (132 kV) and VCB (SST) and approach road for repair and maintenance of 220/132 kV, 150 MVA ATRs at GSS, Adityapur-II (RCP)","371/PR/JUSNL/2024-25","downloads\jharkhandtenders.gov.in\2025_JSEB_98841_1\stage_summary_2025_JSEB_98841_1.pdf"
"https://jharkhandtenders.gov.in","CABLE","AOC","19","2025_JSEB_98769_1","[33 kV main and side cable trench slabs along with providing cable tray on support hangers in main and side cable trenches with their interior renovation at 132/33 kV GSS, Jadugoda][361/PR/JUSNL/2024-25]","JSEB||JUSNL||GM, TZ-III, JAMSHEDPUR.","AOC","33 kV main and side cable trench slabs along with providing cable tray on support hangers in main and side cable trenches with their interior renovation at 132/33 kV GSS, Jadugoda","361/PR/JUSNL/2024-25","downloads\jharkhandtenders.gov.in\2025_JSEB_98769_1\stage_summary_2025_JSEB_98769_1.pdf"
"https://jharkhandtenders.gov.in","CABLE","AOC","20","2025_JSEB_98759_1","[Installation of cable tray with support hanger in main and side cable trenches with interior renovation of cable trenches at 132/33 kV GSS, Golmuri][357/PR/JUSNL/2024-25]","JSEB||JUSNL||GM, TZ-III, JAMSHEDPUR.","AOC","Installation of cable tray with support hanger in main and side cable trenches with interior renovation of cable trenches at 132/33 kV GSS, Golmuri","357/PR/JUSNL/2024-25","downloads\jharkhandtenders.gov.in\2025_JSEB_98759_1\stage_summary_2025_JSEB_98759_1.pdf"
"https://jharkhandtenders.gov.in","CABLE","AOC","21","2025_JSEB_106884_1","[Repairing and strengthening of damaged cable trench including replacement of damage trench slab cover, cable hanger at 132/33 KV GSS switchyard Chakradharpur][533/PR/JUSNL/2025-26]","JSEB||JUSNL||GM, TZ-VIII, CHAIBASA","AOC","Repairing and strengthening of damaged cable trench including replacement of damage trench slab cover, cable hanger at 132/33 KV GSS switchyard Chakradharpur","533/PR/JUSNL/2025-26","downloads\jharkhandtenders.gov.in\2025_JSEB_106884_1\stage_summary_2025_JSEB_106884_1.pdf"
"https://jharkhandtenders.gov.in","CABLE","AOC","22","2025_JSEB_104559_1","[Design Engineering Supply of materials equipment Erection Testing and Commissioning for connectivity of GSS Irba (Sikidiri) to SRHP Switchyard through UG 132 KV XLPE copper cable conforming to the latest version on turnkey basis][363/PR/JUSNL/2025-26 ]","JSEB||JUSNL||GM, C AND M (NWBP), JUSNL.","AOC","Design Engineering Supply of materials equipment Erection Testing and Commissioning for connectivity of GSS Irba (Sikidiri) to SRHP Switchyard through UG 132 KV XLPE copper cable conforming to the latest version on turnkey basis","363/PR/JUSNL/2025-26","downloads\jharkhandtenders.gov.in\2025_JSEB_104559_1\stage_summary_2025_JSEB_104559_1.pdf"
"https://jharkhandtenders.gov.in","CABLE","AOC","23","2025_JSEB_104207_1","[Repairing of existing main and side cable trenches with complete new construction of RCC slab for the cable trenches at 132/33kV GSS Goilkera][344/PR/JUSNL/2025-26]","JSEB||JUSNL||GM, TZ-VIII, CHAIBASA","AOC","Repairing of existing main and side cable trenches with complete new construction of RCC slab for the cable trenches at 132/33kV GSS Goilkera","344/PR/JUSNL/2025-26","downloads\jharkhandtenders.gov.in\2025_JSEB_104207_1\stage_summary_2025_JSEB_104207_1.pdf"
"https://jharkhandtenders.gov.in","CABLE","AOC","24","2025_JSEB_104058_1","[Reconstruction of fallen and leaned portion of boundary wall and construction of cable trench at 33/11 KV PSS Redma Daltonganj under electric supply circle daltonganj][141/PR/JBVNL/2025-26]","JSEB||JBVNL||GM (TECHNICAL), ESA, MEDININAGAR, JBVNL.","AOC","Reconstruction of fallen and leaned portion of boundary wall and construction of cable trench at 33/11 KV PSS Redma Daltonganj under electric supply circle daltonganj","141/PR/JBVNL/2025-26","downloads\jharkhandtenders.gov.in\2025_JSEB_104058_1\stage_summary_2025_JSEB_104058_1.pdf"
"https://jharkhandtenders.gov.in","CABLE","AOC","25","2025_JSEB_103126_1","[Installation of cable tray with support hanger in main and side cable trenches with interior renovation of cable trenches at 132/33 KV GSS, Manoharpur][266/PR/JUSNL/2025-26]","JSEB||JUSNL||GM, TZ-VIII, CHAIBASA","AOC","Installation of cable tray with support hanger in main and side cable trenches with interior renovation of cable trenches at 132/33 KV GSS, Manoharpur","266/PR/JUSNL/2025-26","downloads\jharkhandtenders.gov.in\2025_JSEB_103126_1\stage_summary_2025_JSEB_103126_1.pdf"
"https://jharkhandtenders.gov.in","CABLE","AOC","26","2025_JSEB_101282_1","[Improvement of earthing system of power transformer and auxiliary transformer along with repairing of 132 kV cable trench slabs at 132/33 kV GSS, Golmuri][114/PR/JUSNL/2025-26]","JSEB||JUSNL||GM, TZ-III, JAMSHEDPUR.","AOC","Improvement of earthing system of power transformer and auxiliary transformer along with repairing of 132 kV cable trench slabs at 132/33 kV GSS, Golmuri","114/PR/JUSNL/2025-26","downloads\jharkhandtenders.gov.in\2025_JSEB_101282_1\stage_summary_2025_JSEB_101282_1.pdf"
"https://jharkhandtenders.gov.in","CABLE","AOC","27","2025_JSEB_101281_1","[Installation of cable tray with support hanger in 132 kV main and side cable trenches with interior renovation of cable trenches along with painting work of 132 kV and 33 kV structures and equipment at 132/33 kV GSS, Jadugoda][113/PR/JUSNL/2025-26]","JSEB||JUSNL||GM, TZ-III, JAMSHEDPUR.","AOC","Installation of cable tray with support hanger in 132 kV main and side cable trenches with interior renovation of cable trenches along with painting work of 132 kV and 33 kV structures and equipment at 132/33 kV GSS, Jadugoda","113/PR/JUSNL/2025-26","downloads\jharkhandtenders.gov.in\2025_JSEB_101281_1\stage_summary_2025_JSEB_101281_1.pdf"
"https://jharkhandtenders.gov.in","CABLE","AOC","28","2025_JSEB_101215_1","[Installation of cable tray with support hanger in 132 kV main and side cable trenches including interior renovation of cable trenches at 132/33 kV GSS, Adityapur-I][103/PR/JUSNL/2025-26]","JSEB||JUSNL||GM, TZ-III, JAMSHEDPUR.","AOC","Installation of cable tray with support hanger in 132 kV main and side cable trenches including interior renovation of cable trenches at 132/33 kV GSS, Adityapur-I","103/PR/JUSNL/2025-26","downloads\jharkhandtenders.gov.in\2025_JSEB_101215_1\stage_summary_2025_JSEB_101215_1.pdf"
"https://jharkhandtenders.gov.in","CABLE","AOC","29","2025_JPHCL_105135_1","[External Electrification Work and Cable Trench Work 450 x 600 mm at Home Guard Jamtara in the district of Jamtara.][JPHCL/GR 08/NIT 04/2025-26]","Jharkhand Police Housing Corporation Ltd||JPHCL RANCHI","AOC","External Electrification Work and Cable Trench Work 450 x 600 mm at Home Guard Jamtara in the district of Jamtara.","JPHCL/GR 08/NIT 04/2025-26","downloads\jharkhandtenders.gov.in\2025_JPHCL_105135_1\stage_summary_2025_JPHCL_105135_1.pdf"
"https://jharkhandtenders.gov.in","CABLE","AOC","30","2025_ENRGY_99460_3","[Replacement and Addition of Service Cable ,Street light, Pathway light, Flood light, Bollard Garden light at SKIPA Mayor Road Ranchi][Energy/EWD/Ranchi/129/2024-25]","Energy CEE","AOC","Replacement and Addition of Service Cable ,Street light, Pathway light, Flood light, Bollard Garden light at SKIPA Mayor Road Ranchi","Energy/EWD/Ranchi/129/2024-25","downloads\jharkhandtenders.gov.in\2025_ENRGY_99460_3\stage_summary_2025_ENRGY_99460_3.pdf"
"https://jharkhandtenders.gov.in","CABLE","AOC","31","2025_ENRGY_99427_1","[Provision of underground service cable for academic part of BIT Sindri, Dhanbad. ][Energy/EWD/Dhanbad/47/24-25]","Energy CEE","AOC","Provision of underground service cable for academic part of BIT Sindri, Dhanbad.","Energy/EWD/Dhanbad/47/24-25","downloads\jharkhandtenders.gov.in\2025_ENRGY_99427_1\stage_summary_2025_ENRGY_99427_1.pdf"
"https://jharkhandtenders.gov.in","CABLE","AOC","32","2025_ENRGY_99232_2","[Round the clock AMC of all E.I incl. fans, LED Street light, U/G cable, Panel, Gen.r (2 nos 200 KVA, 4 nos 35 KVA DG set) in new Judge Bun. near A.G More and Bun. no.-119, Bun. no-3 near Raje. chowk, Old Bun. no.-5 near Cen. Sch. at Doranda, Ranchi.][Energy/EWD/Ranchi/127/2024-25]","Energy CEE","AOC","Round the clock AMC of all E.I incl. fans, LED Street light, U/G cable, Panel, Gen.r (2 nos 200 KVA, 4 nos 35 KVA DG set) in new Judge Bun. near A.G More and Bun. no.-119, Bun. no-3 near Raje. chowk, Old Bun. no.-5 near Cen. Sch. at Doranda, Ranchi.","Energy/EWD/Ranchi/127/2024-25","downloads\jharkhandtenders.gov.in\2025_ENRGY_99232_2\stage_summary_2025_ENRGY_99232_2.pdf"
"https://jharkhandtenders.gov.in","CABLE","AOC","33","2025_ENRGY_98581_2","[Round the Clock manning operation and comprehensive annual maintenance of all E.I in the campus including, Garden lgiht, LED Street light, U/G cable, panel of old Building of Jharkhand High Court (Heritage building) at Doranda, Ranchi.][Energy/EWD/Ranchi/121/2024-25]","Energy CEE","AOC","Round the Clock manning operation and comprehensive annual maintenance of all E.I in the campus including, Garden lgiht, LED Street light, U/G cable, panel of old Building of Jharkhand High Court (Heritage building) at Doranda, Ranchi.","Energy/EWD/Ranchi/121/2024-25","downloads\jharkhandtenders.gov.in\2025_ENRGY_98581_2\stage_summary_2025_ENRGY_98581_2.pdf"
"https://jharkhandtenders.gov.in","CABLE","AOC","34","2025_ENRGY_98507_1","[Round the clock comprehensive annual maintenance of all E.I work U.G cable, fans, light fitting Transfarmer, L.T line street light and Security light in the campus of SNMMCH, Saraidhella, Dhanbad.][Energy/EWD/Dhanbad/43/2024-25]","Energy CEE","AOC","Round the clock comprehensive annual maintenance of all E.I work U.G cable, fans, light fitting Transfarmer, L.T line street light and Security light in the campus of SNMMCH, Saraidhella, Dhanbad.","Energy/EWD/Dhanbad/43/2024-25","downloads\jharkhandtenders.gov.in\2025_ENRGY_98507_1\stage_summary_2025_ENRGY_98507_1.pdf"
"https://jharkhandtenders.gov.in","CABLE","AOC","35","2025_ENRGY_98312_2","[Provision of 25 KVA Single Phase Silent type CPCB VI Compliant DG set with AMF system and XLPE Cable for Chief Secretary Residence Quarter no. F6 at Sector 3, Dhurwa, Ranchi.][Energy/EWD/Ranchi/110/2024-25]","Energy CEE","AOC","Provision of 25 KVA Single Phase Silent type CPCB VI Compliant DG set with AMF system and XLPE Cable for Chief Secretary Residence Quarter no. F6 at Sector 3, Dhurwa, Ranchi.","Energy/EWD/Ranchi/110/2024-25","downloads\jharkhandtenders.gov.in\2025_ENRGY_98312_2\stage_summary_2025_ENRGY_98312_2.pdf"
"https://jharkhandtenders.gov.in","CABLE","AOC","36","2025_ENRGY_98312_1","[Provision of 35 KVA 3 Phase silent type DG set with AMF Panel, Plinth, Shed, Cable and Main automatic Distribution Panel in Judges Qtr no 6/19 Doranda, Ranchi.][Energy/EWD/Ranchi/110/2024-25]","Energy CEE","AOC","Provision of 35 KVA 3 Phase silent type DG set with AMF Panel, Plinth, Shed, Cable and Main automatic Distribution Panel in Judges Qtr no 6/19 Doranda, Ranchi.","Energy/EWD/Ranchi/110/2024-25","downloads\jharkhandtenders.gov.in\2025_ENRGY_98312_1\stage_summary_2025_ENRGY_98312_1.pdf"
"https://jharkhandtenders.gov.in","CABLE","AOC","37","2025_ENRGY_98165_2","[Round the clock comprehensive annual maintenance and manning operation of all E.I fans, U/G cables, Cubical Control Panel etc and AMC of D.G Set and Operation of Lift at Raj Bhawan, Ranchi.][Energy/EWD/Ranchi/112/2024-25]","Energy CEE","AOC","Round the clock comprehensive annual maintenance and manning operation of all E.I fans, U/G cables, Cubical Control Panel etc and AMC of D.G Set and Operation of Lift at Raj Bhawan, Ranchi.","Energy/EWD/Ranchi/112/2024-25","downloads\jharkhandtenders.gov.in\2025_ENRGY_98165_2\stage_summary_2025_ENRGY_98165_2.pdf"
"https://jharkhandtenders.gov.in","CABLE","AOC","38","2025_ENRGY_108491_3","[Operation and Comprehensive annual maintenance of all Electrical Installation including fans, LED flood light, UG cable, Panel, Generator (2 nos 250 KVA) and 4 nos Lift (G3) in Yojna Bhawan, Nepal House Campus, Doranda, Ranchi.][Energy/EWD/Ranchi/89/2025-26]","Energy CEE","AOC","Operation and Comprehensive annual maintenance of all Electrical Installation including fans, LED flood light, UG cable, Panel, Generator (2 nos 250 KVA) and 4 nos Lift (G3) in Yojna Bhawan, Nepal House Campus, Doranda, Ranchi.","Energy/EWD/Ranchi/89/2025-26","downloads\jharkhandtenders.gov.in\2025_ENRGY_108491_3\stage_summary_2025_ENRGY_108491_3.pdf"
"https://jharkhandtenders.gov.in","CABLE","AOC","39","2025_ENRGY_108491_1","[Round the clock comp. AMC and manning oper. of all E.I, fans, Security lights, UG cables, L.T Panels inclu. Compo. light and C.M House and C.M Secretariat, Kanke road, and C.M Resid. Kanke Road, Ranchi and AMC of 125 and 62.5 KVA DG sets.][Energy/EWD/Ranchi/89/2025-26]","Energy CEE","AOC","Round the clock comp. AMC and manning oper. of all E.I, fans, Security lights, UG cables, L.T Panels inclu. Compo. light and C.M House and C.M Secretariat, Kanke road, and C.M Resid. Kanke Road, Ranchi and AMC of 125 and 62.5 KVA DG sets.","Energy/EWD/Ranchi/89/2025-26","downloads\jharkhandtenders.gov.in\2025_ENRGY_108491_1\stage_summary_2025_ENRGY_108491_1.pdf"
"https://jharkhandtenders.gov.in","CABLE","AOC","40","2025_ENRGY_108410_7","[Round the clock comprehensive maintenance and manning operation of all E.I Fans, Security lighting, under ground cable, L.T pannel etc at (1) Hon,ble Chief Justice Residence Kanke road, Ranchi. (2) Chief Secretary residence Kanke road, Ranchi. etc][Energy/EWD/Ranchi/88/2025-26]","Energy CEE","AOC","Round the clock comprehensive maintenance and manning operation of all E.I Fans, Security lighting, under ground cable, L.T pannel etc at (1) Hon,ble Chief Justice Residence Kanke road, Ranchi. (2) Chief Secretary residence Kanke road, Ranchi. etc","Energy/EWD/Ranchi/88/2025-26","downloads\jharkhandtenders.gov.in\2025_ENRGY_108410_7\stage_summary_2025_ENRGY_108410_7.pdf"
"https://jharkhandtenders.gov.in","CABLE","AOC","41","2025_ENRGY_108410_1","[Round the clock manning operation and comprehensive annual maintenance of all Electrical Installation including Fans, LED light, U/G cable, Panel, Generator (1 no 200 KVA) 2 nos Lift at JHALSA, A.G More, Doranda, Ranchi.][Energy/EWD/Ranchi/88/2025-26]","Energy CEE","AOC","Round the clock manning operation and comprehensive annual maintenance of all Electrical Installation including Fans, LED light, U/G cable, Panel, Generator (1 no 200 KVA) 2 nos Lift at JHALSA, A.G More, Doranda, Ranchi.","Energy/EWD/Ranchi/88/2025-26","downloads\jharkhandtenders.gov.in\2025_ENRGY_108410_1\stage_summary_2025_ENRGY_108410_1.pdf"
"https://jharkhandtenders.gov.in","CABLE","AOC","42","2025_ENRGY_107920_5","[Round the clock comprehensive annual maintenance of all Electrical installation including fans, campus light, garden light, U/G cable, Panel etc in different building of ATI campus at Ranchi.][Energy/EWD/Ranchi/80/2025-26]","Energy CEE","AOC","Round the clock comprehensive annual maintenance of all Electrical installation including fans, campus light, garden light, U/G cable, Panel etc in different building of ATI campus at Ranchi.","Energy/EWD/Ranchi/80/2025-26","downloads\jharkhandtenders.gov.in\2025_ENRGY_107920_5\stage_summary_2025_ENRGY_107920_5.pdf"
"https://jharkhandtenders.gov.in","CABLE","AOC","43","2025_ENRGY_106812_3","[S/R to E.I in the Prisoner Wards, Replacement and installation of Cubical panel and Additional security light with cable in the campus of Divisional Jail, Gumla.][Energy/EWD/Ranchi/72/2025-26]","Energy CEE","AOC","S/R to E.I in the Prisoner Wards, Replacement and installation of Cubical panel and Additional security light with cable in the campus of Divisional Jail, Gumla.","Energy/EWD/Ranchi/72/2025-26","downloads\jharkhandtenders.gov.in\2025_ENRGY_106812_3\stage_summary_2025_ENRGY_106812_3.pdf"
"https://jharkhandtenders.gov.in","CABLE","AOC","44","2025_ENRGY_106812_2","[S/R to E.I in the Prisoner wards, Replacement and Installation of Additional secuiryt lights with cable in the campus of Divisional Jail, Garhwa.][Energy/EWD/Ranchi/72/2025-26]","Energy CEE","AOC","S/R to E.I in the Prisoner wards, Replacement and Installation of Additional secuiryt lights with cable in the campus of Divisional Jail, Garhwa.","Energy/EWD/Ranchi/72/2025-26","downloads\jharkhandtenders.gov.in\2025_ENRGY_106812_2\stage_summary_2025_ENRGY_106812_2.pdf"
"https://jharkhandtenders.gov.in","CABLE","AOC","45","2025_ENRGY_106195_2","[Replacement of Cable and Feeder Pillar in Male Section of RINPAS Kanke, Ranchi.][Energy/EWD/Ranchi/66/2025-26]","Energy CEE","AOC","Replacement of Cable and Feeder Pillar in Male Section of RINPAS Kanke, Ranchi.","Energy/EWD/Ranchi/66/2025-26","downloads\jharkhandtenders.gov.in\2025_ENRGY_106195_2\stage_summary_2025_ENRGY_106195_2.pdf"
"https://jharkhandtenders.gov.in","CABLE","AOC","46","2025_ENRGY_106174_2","[Replacement of cable, Feeder Piller and Repairing of 1 nos High Mast in Female Section of RINPAS, Kanke, Ranchi.][Energy/EWD/Ranchi/65/2025-26]","Energy CEE","AOC","Replacement of cable, Feeder Piller and Repairing of 1 nos High Mast in Female Section of RINPAS, Kanke, Ranchi.","Energy/EWD/Ranchi/65/2025-26","downloads\jharkhandtenders.gov.in\2025_ENRGY_106174_2\stage_summary_2025_ENRGY_106174_2.pdf"
"https://jharkhandtenders.gov.in","CABLE","AOC","47","2025_ENRGY_105868_3","[Replacement of service cable feeder pillar and high mast light LED luminaries in the campus of Sainik School at Tilaiya, koderma.][Energy/EWD/Dhanbad/16/2025-26]","Energy CEE","AOC","Replacement of service cable feeder pillar and high mast light LED luminaries in the campus of Sainik School at Tilaiya, koderma.","Energy/EWD/Dhanbad/16/2025-26","downloads\jharkhandtenders.gov.in\2025_ENRGY_105868_3\stage_summary_2025_ENRGY_105868_3.pdf"
"https://jharkhandtenders.gov.in","CABLE","AOC","48","2025_ENRGY_105233_7","[Special Repair to E.I in Main Residential Block, Outhouse and Replacement of campus light, gate light, service cable and Panel, installation of inverter set with battery in Judges Qtr no. 14 near A.G More, Doranda, Ranchi.][Energy/EWD/Ranchi/59/2025-26]","Energy CEE","AOC","Special Repair to E.I in Main Residential Block, Outhouse and Replacement of campus light, gate light, service cable and Panel, installation of inverter set with battery in Judges Qtr no. 14 near A.G More, Doranda, Ranchi.","Energy/EWD/Ranchi/59/2025-26","downloads\jharkhandtenders.gov.in\2025_ENRGY_105233_7\stage_summary_2025_ENRGY_105233_7.pdf"
"https://jharkhandtenders.gov.in","CABLE","AOC","49","2025_ENRGY_105233_3","[Special Repair to E.I and Replacement of Garden light, campus light, Gate light, service cable and Panel in Bungalow no. 8/19 near A.G More, Doranda, Ranchi.][Energy/EWD/Ranchi/59/2025-26]","Energy CEE","AOC","Special Repair to E.I and Replacement of Garden light, campus light, Gate light, service cable and Panel in Bungalow no. 8/19 near A.G More, Doranda, Ranchi.","Energy/EWD/Ranchi/59/2025-26","downloads\jharkhandtenders.gov.in\2025_ENRGY_105233_3\stage_summary_2025_ENRGY_105233_3.pdf"
"https://jharkhandtenders.gov.in","CABLE","AOC","50","2025_ENRGY_105233_2","[S/R to E.I in 12 no. A-type Qtrs 04 nos B-type Qtrs and 02 nos C-type Qtrs and Repl. of service cable, M/S, Busbar, Feeder Panel and outer security light in A, B, C type Resid. block under Fire H.Qr office near Rajender Chowk at Doranda, Ranchi.][Energy/EWD/Ranchi/59/2025-26]","Energy CEE","AOC","S/R to E.I in 12 no. A-type Qtrs 04 nos B-type Qtrs and 02 nos C-type Qtrs and Repl. of service cable, M/S, Busbar, Feeder Panel and outer security light in A, B, C type Resid. block under Fire H.Qr office near Rajender Chowk at Doranda, Ranchi.","Energy/EWD/Ranchi/59/2025-26","downloads\jharkhandtenders.gov.in\2025_ENRGY_105233_2\stage_summary_2025_ENRGY_105233_2.pdf"
"https://jharkhandtenders.gov.in","CABLE","AOC","51","2025_ENRGY_105159_3","[Annual Repair to E.I Service cable connection, Replacement of Security light and Repairing of High mast light in the campus of Sub-Divisional Court at Chandil (Sraikella-Kharsawan)][Energy/EWD/Jamshedpur/06/25-26]","Energy CEE","AOC","Annual Repair to E.I Service cable connection, Replacement of Security light and Repairing of High mast light in the campus of Sub-Divisional Court at Chandil (Sraikella-Kharsawan)","Energy/EWD/Jamshedpur/06/25-26","downloads\jharkhandtenders.gov.in\2025_ENRGY_105159_3\stage_summary_2025_ENRGY_105159_3.pdf"
"https://jharkhandtenders.gov.in","CABLE","AOC","52","2025_ENRGY_105149_5","[Special Repair to E.I and Addition and Replacement of cable, Street light, LED Flood light, Garden light, Gate light in he Residence of Juicial Commissioner, Kanke road, Ranchi.][Energy/EWD/Ranchi/57/2025-26]","Energy CEE","AOC","Special Repair to E.I and Addition and Replacement of cable, Street light, LED Flood light, Garden light, Gate light in he Residence of Juicial Commissioner, Kanke road, Ranchi.","Energy/EWD/Ranchi/57/2025-26","downloads\jharkhandtenders.gov.in\2025_ENRGY_105149_5\stage_summary_2025_ENRGY_105149_5.pdf"
"https://jharkhandtenders.gov.in","CABLE","AOC","53","2025_ENRGY_103784_9","[Repl. of Secu. light, LED ceil. Light, Rep. and Repl. of 8 nos High mast Light, etc and fixing of LED bulb, Tube light, etc, Laying of Service cable and Rewinding of Ceiling fan and Exhaust fan at Birsa Munda Central Jail. Hotwar, Ranchi][Energy/EWD/Ranchi/44/2025-26]","Energy CEE","AOC","Repl. of Secu. light, LED ceil. Light, Rep. and Repl. of 8 nos High mast Light, etc and fixing of LED bulb, Tube light, etc, Laying of Service cable and Rewinding of Ceiling fan and Exhaust fan at Birsa Munda Central Jail. Hotwar, Ranchi","Energy/EWD/Ranchi/44/2025-26","downloads\jharkhandtenders.gov.in\2025_ENRGY_103784_9\stage_summary_2025_ENRGY_103784_9.pdf"
"https://jharkhandtenders.gov.in","CABLE","AOC","54","2025_ENRGY_103592_2","[Round the clock comprehensive annual maintenance and manning operation of all E.I fans, Security lights, U/G cables, L.T Panel, 04 nos Lift Operation and D.G maintenance at Civil court, Ranchi.][Energy/EWD/Ranchi/33/2025-26]","Energy CEE","AOC","Round the clock comprehensive annual maintenance and manning operation of all E.I fans, Security lights, U/G cables, L.T Panel, 04 nos Lift Operation and D.G maintenance at Civil court, Ranchi.","Energy/EWD/Ranchi/33/2025-26","downloads\jharkhandtenders.gov.in\2025_ENRGY_103592_2\stage_summary_2025_ENRGY_103592_2.pdf"
"https://jharkhandtenders.gov.in","CABLE","AOC","55","2025_ENRGY_103592_1","[Round the clock comprehensive annual maintenance of E.I Fans, Gate/Garden light, Street light, U/G cable etc in Engineering Hostel no.-1, Engineering Hostel no.-2, T.A Division and Rajaswa Parshad at Dhurwa, Ranchi.][Energy/EWD/Ranchi/33/2025-26]","Energy CEE","AOC","Round the clock comprehensive annual maintenance of E.I Fans, Gate/Garden light, Street light, U/G cable etc in Engineering Hostel no.-1, Engineering Hostel no.-2, T.A Division and Rajaswa Parshad at Dhurwa, Ranchi.","Energy/EWD/Ranchi/33/2025-26","downloads\jharkhandtenders.gov.in\2025_ENRGY_103592_1\stage_summary_2025_ENRGY_103592_1.pdf"
"https://jharkhandtenders.gov.in","CABLE","AOC","56","2025_ENRGY_103376_7","[S/R to E.I in Ground floor, 1st floor and Replacement of Service cable, cubical Panel in 15 Court Building at Civil Court, Godda.][Energy/EWD/Dumka/12/2025-26]","Energy CEE","AOC","S/R to E.I in Ground floor, 1st floor and Replacement of Service cable, cubical Panel in 15 Court Building at Civil Court, Godda.","Energy/EWD/Dumka/12/2025-26","downloads\jharkhandtenders.gov.in\2025_ENRGY_103376_7\stage_summary_2025_ENRGY_103376_7.pdf"
"https://jharkhandtenders.gov.in","CABLE","AOC","57","2025_ENRGY_103288_3","[S/R to E.I work in 2 nos Guest House, Service cable and Electric Panel work in Dharmshala at RINPAS, Kanke, Ranchi.][Energy/EWD/Ranchi/31/2025-26]","Energy CEE","AOC","S/R to E.I work in 2 nos Guest House, Service cable and Electric Panel work in Dharmshala at RINPAS, Kanke, Ranchi.","Energy/EWD/Ranchi/31/2025-26","downloads\jharkhandtenders.gov.in\2025_ENRGY_103288_3\stage_summary_2025_ENRGY_103288_3.pdf"
"https://jharkhandtenders.gov.in","CABLE","AOC","58","2025_ENRGY_103288_1","[S/R to E.I work in 3 nos Cow House, Provision of 2 nos High Mast and Replacement of overhead naked L.T line to Bunch cable in Agriculture and Plantation (Garden) Section at RINPAS, Kanke, Ranchi.][Energy/EWD/Ranchi/31/2025-26]","Energy CEE","AOC","S/R to E.I work in 3 nos Cow House, Provision of 2 nos High Mast and Replacement of overhead naked L.T line to Bunch cable in Agriculture and Plantation (Garden) Section at RINPAS, Kanke, Ranchi.","Energy/EWD/Ranchi/31/2025-26","downloads\jharkhandtenders.gov.in\2025_ENRGY_103288_1\stage_summary_2025_ENRGY_103288_1.pdf"
"https://jharkhandtenders.gov.in","CABLE","AOC","59","2025_ENRGY_103244_6","[S/R to E.I in the Old Girls Hostel, Female ward Qtr no. 95, 104, 107 Block C and K in Rep. of main/ gen. cable main panle to Adm.e block feeder pillar etc at RINPAS, Kanke, Ranchi.][Energy/EWD/Ranchi/30/2025-26]","Energy CEE","AOC","S/R to E.I in the Old Girls Hostel, Female ward Qtr no. 95, 104, 107 Block C and K in Rep. of main/ gen. cable main panle to Adm.e block feeder pillar etc at RINPAS, Kanke, Ranchi.","Energy/EWD/Ranchi/30/2025-26","downloads\jharkhandtenders.gov.in\2025_ENRGY_103244_6\stage_summary_2025_ENRGY_103244_6.pdf"
"https://jharkhandtenders.gov.in","CABLE","AOC","60","2025_ENRGY_103244_5","[Replacement of Aluminium armoured cable, Outdoor Feeder panel and Main Panel in RINPAS Bagan and Female ward at RINPAS, Kanke, Ranchi.][Energy/EWD/Ranchi/30/2025-26]","Energy CEE","AOC","Replacement of Aluminium armoured cable, Outdoor Feeder panel and Main Panel in RINPAS Bagan and Female ward at RINPAS, Kanke, Ranchi.","Energy/EWD/Ranchi/30/2025-26","downloads\jharkhandtenders.gov.in\2025_ENRGY_103244_5\stage_summary_2025_ENRGY_103244_5.pdf"
"https://jharkhandtenders.gov.in","CABLE","AOC","61","2025_ENRGY_102781_3","[Special Repair to E.I and Addition and Replacement of cable, Street light, LED Flood light, Post top Light in Chief Justice Residence, Kanke road, Ranchi.][Energy/EWD/Ranchi/24/2025-26]","Energy CEE","AOC","Special Repair to E.I and Addition and Replacement of cable, Street light, LED Flood light, Post top Light in Chief Justice Residence, Kanke road, Ranchi.","Energy/EWD/Ranchi/24/2025-26","downloads\jharkhandtenders.gov.in\2025_ENRGY_102781_3\stage_summary_2025_ENRGY_102781_3.pdf"
"https://jharkhandtenders.gov.in","CABLE","AOC","62","2025_ENRGY_102562_8","[Replacement of armoured cable, panel and solar wiring in PDJ, Family Judge, CJM residence and Judge Colony in Garhwa.][Energy/EWD/Ranchi/23/2025-26]","Energy CEE","AOC","Replacement of armoured cable, panel and solar wiring in PDJ, Family Judge, CJM residence and Judge Colony in Garhwa.","Energy/EWD/Ranchi/23/2025-26","downloads\jharkhandtenders.gov.in\2025_ENRGY_102562_8\stage_summary_2025_ENRGY_102562_8.pdf"
"https://jharkhandtenders.gov.in","CABLE","AOC","63","2025_ENRGY_102441_5","[Special Repair to E.I and Addition and Replacement of Cable, Street light, LED flood light, Garden light, Gate light in House no.-4 (DGP Residence) Kanke road, Ranchi.][Energy/EWD/Ranchi/20/2025-26]","Energy CEE","AOC","Special Repair to E.I and Addition and Replacement of Cable, Street light, LED flood light, Garden light, Gate light in House no.-4 (DGP Residence) Kanke road, Ranchi.","Energy/EWD/Ranchi/20/2025-26","downloads\jharkhandtenders.gov.in\2025_ENRGY_102441_5\stage_summary_2025_ENRGY_102441_5.pdf"
"https://jharkhandtenders.gov.in","CABLE","AOC","64","2025_ENRGY_102441_11","[Replacement of ACB in Panel, 02 nos 500 KVA, 3 Phase copper wound transformer and armoured cables in the campus of Nepal House, Doranda, Ranchi.][Energy/EWD/Ranchi/20/2025-26]","Energy CEE","AOC","Replacement of ACB in Panel, 02 nos 500 KVA, 3 Phase copper wound transformer and armoured cables in the campus of Nepal House, Doranda, Ranchi.","Energy/EWD/Ranchi/20/2025-26","downloads\jharkhandtenders.gov.in\2025_ENRGY_102441_11\stage_summary_2025_ENRGY_102441_11.pdf"
"https://jharkhandtenders.gov.in","CABLE","AOC","65","2025_ENRGY_102429_2","[Replacement and addition of cable fan and Tube light and rewiring in Foot over Bridge at Baba Baidyanath Mandir Premises, Deoghar.][Energy/EWD/Dumka/09/2025-26]","Energy CEE","AOC","Replacement and addition of cable fan and Tube light and rewiring in Foot over Bridge at Baba Baidyanath Mandir Premises, Deoghar.","Energy/EWD/Dumka/09/2025-26","downloads\jharkhandtenders.gov.in\2025_ENRGY_102429_2\stage_summary_2025_ENRGY_102429_2.pdf"
"https://jharkhandtenders.gov.in","CABLE","AOC","66","2025_ENRGY_100563_1","[Provision of 3 Phase industrial wiring with aluminium armoured cable in different workshop and security light in the campus of I.T.I at Kujra, Lohardga.][Energy/EWD/Ranchi/05/2025-26]","Energy CEE","AOC","Provision of 3 Phase industrial wiring with aluminium armoured cable in different workshop and security light in the campus of I.T.I at Kujra, Lohardga.","Energy/EWD/Ranchi/05/2025-26","downloads\jharkhandtenders.gov.in\2025_ENRGY_100563_1\stage_summary_2025_ENRGY_100563_1.pdf"
"https://jharkhandtenders.gov.in","CABLE","AOC","67","2025_ENRGY_100559_1","[Provision of 3 phase industrial wiring with aluminium armoured cable, security light in college campus and path repair of existing electrical wiring in ITI workshop at I.T.I Satbarwa, Palamu.][Energy/EWD/Ranchi/04/2025-26]","Energy CEE","AOC","Provision of 3 phase industrial wiring with aluminium armoured cable, security light in college campus and path repair of existing electrical wiring in ITI workshop at I.T.I Satbarwa, Palamu.","Energy/EWD/Ranchi/04/2025-26","downloads\jharkhandtenders.gov.in\2025_ENRGY_100559_1\stage_summary_2025_ENRGY_100559_1.pdf"
"https://jharkhandtenders.gov.in","CABLE","AOC","68","2025_ENRGY_100172_2","[Round the clock AMC of all E.In in 50 Beded Trauma Centre and Central Eme., New Adm. Buil., etc Service cable, Girls Hostel Campus H.T Busbar, 06 nos LED High Mast Light, Mortuary House, Tran., Substation for S.S Block and Oncology at RIMs, Ranchi.][Energy/EWD/Ranchi/143/2024-25]","Energy CEE","AOC","Round the clock AMC of all E.In in 50 Beded Trauma Centre and Central Eme., New Adm. Buil., etc Service cable, Girls Hostel Campus H.T Busbar, 06 nos LED High Mast Light, Mortuary House, Tran., Substation for S.S Block and Oncology at RIMs, Ranchi.","Energy/EWD/Ranchi/143/2024-25","downloads\jharkhandtenders.gov.in\2025_ENRGY_100172_2\stage_summary_2025_ENRGY_100172_2.pdf"
"https://jharkhandtenders.gov.in","CABLE","AOC","69","2025_ENRGY_100092_10","[Provision of U/G cable and cubical panel in Sadar Hospital Building at Garhwa.][Energy/EWD/Ranchi/141/2024-25]","Energy CEE","AOC","Provision of U/G cable and cubical panel in Sadar Hospital Building at Garhwa.","Energy/EWD/Ranchi/141/2024-25","downloads\jharkhandtenders.gov.in\2025_ENRGY_100092_10\stage_summary_2025_ENRGY_100092_10.pdf"
"https://jharkhandtenders.gov.in","CABLE","AOC","70","2025_ENRGY_100059_2","[Installation of aluminium Armoured cable for UPS, Main line Service cable in New building and installation of 90w LED Street light on 7 Mtr long Steel tubular Pole in Womens I.T.I at Ranchi.][Energy/EWD/Ranchi/139/2024-25]","Energy CEE","AOC","Installation of aluminium Armoured cable for UPS, Main line Service cable in New building and installation of 90w LED Street light on 7 Mtr long Steel tubular Pole in Womens I.T.I at Ranchi.","Energy/EWD/Ranchi/139/2024-25","downloads\jharkhandtenders.gov.in\2025_ENRGY_100059_2\stage_summary_2025_ENRGY_100059_2.pdf"
"https://jharkhandtenders.gov.in","CABLE","AOC","71","2025_DWSD_99115_1","[BOQ for Hiring of four no. Light Goods carrier Motor Vehicle like Mahindra Pick Up Van or equivalent with all applicable POI including Driver and one no Tube Well Mistry with two nos of Labour for ordinary repairing of Tube Well Group 03 ][Jamshedpur NIT-16/2024-25 RM to DT Sub Division Chakulia Group 03]","DWSD EinC||DWSD CE RANCHI||DWSD SE Jamshedpur||DWSD EE Jamshedpur","AOC","BOQ for Hiring of four no. Light Goods carrier Motor Vehicle like Mahindra Pick Up Van or equivalent with all applicable POI including Driver and one no Tube Well Mistry with two nos of Labour for ordinary repairing of Tube Well Group 03","Jamshedpur NIT-16/2024-25 RM to DT Sub Division Chakulia Group 03","downloads\jharkhandtenders.gov.in\2025_DWSD_99115_1\stage_summary_2025_DWSD_99115_1.pdf"
"https://jharkhandtenders.gov.in","CABLE","AOC","72","2025_DWSD_99113_1","[BOQ for Hiring of four no. Light Goods carrier Motor Vehicle like Mahindra Pick Up Van or equivalent with all applicable P.O.I. including Driver and one no Tube Well Mistry with two nos of Labour for ordinary repairing of Tube Well Group 02 ][Jamshedpur NIT-16/2024-25 Dated 27.02.2025 RM to DT Sub Division Ghatshila Group-02]","DWSD EinC||DWSD CE RANCHI||DWSD SE Jamshedpur||DWSD EE Jamshedpur","AOC","BOQ for Hiring of four no. Light Goods carrier Motor Vehicle like Mahindra Pick Up Van or equivalent with all applicable P.O.I. including Driver and one no Tube Well Mistry with two nos of Labour for ordinary repairing of Tube Well Group 02","Jamshedpur NIT-16/2024-25 Dated 27.02.2025 RM to DT Sub Division Ghatshila Group-02","downloads\jharkhandtenders.gov.in\2025_DWSD_99113_1\stage_summary_2025_DWSD_99113_1.pdf"
"https://jharkhandtenders.gov.in","CABLE","AOC","73","2025_DWSD_99111_1","[BOQ for Hiring of four no. Light Goods carrier Motor Vehicle like Mahindra Pick Up Van or equivalent with all applicable POI including Driver and one no Tube Well Mistry with two nos of Labour for ordinary repairing of Tube Well Group 01][Jamshedpur NIT-16/2024-25 Dated 27.02.2025 R/M to DT Sub Division Jamshedpur Group-01]","DWSD EinC||DWSD CE RANCHI||DWSD SE Jamshedpur||DWSD EE Jamshedpur","AOC","BOQ for Hiring of four no. Light Goods carrier Motor Vehicle like Mahindra Pick Up Van or equivalent with all applicable POI including Driver and one no Tube Well Mistry with two nos of Labour for ordinary repairing of Tube Well Group 01","Jamshedpur NIT-16/2024-25 Dated 27.02.2025 R/M to DT Sub Division Jamshedpur Group-01","downloads\jharkhandtenders.gov.in\2025_DWSD_99111_1\stage_summary_2025_DWSD_99111_1.pdf"
"https://jharkhandtenders.gov.in","CABLE","AOC","74","2025_DWSD_98352_1","[Supplying of light goods carrier motor vehicle like Mahindra pick up van of equivalent with all applicable POL including driver one no tube well mistry and two nos of labour for ordinary repairing of hand pumps in different blocks Group 03][Jamshedpur NIT13/2024-25 Dated 05.02.2025 Sub Division Chakulia 3rd Call Group 03]","DWSD EinC||DWSD CE RANCHI||DWSD SE Jamshedpur||DWSD EE Jamshedpur","AOC","Supplying of light goods carrier motor vehicle like Mahindra pick up van of equivalent with all applicable POL including driver one no tube well mistry and two nos of labour for ordinary repairing of hand pumps in different blocks Group 03","Jamshedpur NIT13/2024-25 Dated 05.02.2025 Sub Division Chakulia 3rd Call Group 03","downloads\jharkhandtenders.gov.in\2025_DWSD_98352_1\stage_summary_2025_DWSD_98352_1.pdf"
"https://jharkhandtenders.gov.in","CABLE","AOC","75","2025_DWSD_97905_1","[Estimate for construction of 1 nos of HYDT installation of 1 numbers of 2HP submersible electric motor pump cable rising main 1 nos of protection chamber etc at mukhyamantri utkrist vidhyalay sahebganj Kasturba Gandhi School Saraikela unde][DWSD/SKL/DT(SVS)/28/2024-25]","DWSD EinC||DWSD CE RANCHI||DWSD SE Jamshedpur||DWSD EE Adityapur","AOC","Estimate for construction of 1 nos of HYDT installation of 1 numbers of 2HP submersible electric motor pump cable rising main 1 nos of protection chamber etc at mukhyamantri utkrist vidhyalay sahebganj Kasturba Gandhi School Saraikela unde","DWSD/SKL/DT(SVS)/28/2024-25","downloads\jharkhandtenders.gov.in\2025_DWSD_97905_1\stage_summary_2025_DWSD_97905_1.pdf"
"https://jharkhandtenders.gov.in","CABLE","AOC","76","2025_DWSD_97346_1","[Supplying of light goods carrier motor vehicle like Mahindra pick up van of equivalent with all applicable POL including driver, one no. tube well mistry, and two nos. of labour for ordinary repairing of hand pumps in different blocks Group 02][Jamshedpur NIT-13 2024-25 RM to DT Sub Division Ghatshila Group 02]","DWSD EinC||DWSD CE RANCHI||DWSD SE Jamshedpur||DWSD EE Jamshedpur","AOC","Supplying of light goods carrier motor vehicle like Mahindra pick up van of equivalent with all applicable POL including driver, one no. tube well mistry, and two nos. of labour for ordinary repairing of hand pumps in different blocks Group 02","Jamshedpur NIT-13 2024-25 RM to DT Sub Division Ghatshila Group 02","downloads\jharkhandtenders.gov.in\2025_DWSD_97346_1\stage_summary_2025_DWSD_97346_1.pdf"
"https://jharkhandtenders.gov.in","CABLE","AOC","77","2025_DWSD_97343_1","[Supplying of light goods carrier motor vehicle like Mahindra pick up van of equivalent with all applicable POL including driver, one no. tube well mistry and two nos. of labour for ordinary repairing of hand pumps in different blocks Group 01][ Jamshedpur NIT 13 /2024-25 RM to DT Sub Division Jamshedpur Group 01]","DWSD EinC||DWSD CE RANCHI||DWSD SE Jamshedpur||DWSD EE Jamshedpur","AOC","Supplying of light goods carrier motor vehicle like Mahindra pick up van of equivalent with all applicable POL including driver, one no. tube well mistry and two nos. of labour for ordinary repairing of hand pumps in different blocks Group 01","Jamshedpur NIT 13 /2024-25 RM to DT Sub Division Jamshedpur Group 01","downloads\jharkhandtenders.gov.in\2025_DWSD_97343_1\stage_summary_2025_DWSD_97343_1.pdf"
"https://jharkhandtenders.gov.in","CABLE","AOC","78","2025_DWSD_105230_1","[Supplying and laying of aluminium armoured (E) 11 KV HT cable of 240 sq. mm 3 core with other electrical accessories under D.W. and S. Mechanical Sub Division, Rukka.][01/2025-26]","DWSD EinC||DWSD CE RANCHI||DWSD SE MECH Ranchi||DWSD EE Mech Urban","AOC","Supplying and laying of aluminium armoured (E) 11 KV HT cable of 240 sq. mm 3 core with other electrical accessories under D.W. and S. Mechanical Sub Division, Rukka.","01/2025-26","downloads\jharkhandtenders.gov.in\2025_DWSD_105230_1\stage_summary_2025_DWSD_105230_1.pdf"
"https://jharkhandtenders.gov.in","CABLE","AOC","79","2025_DWSD_104090_1","[SITC of VT pump sets having discharge 70m3hr and head 75m with 60ft column assembly of make operating on 3 phase AC supply based solid shaft LT motor 95 sq mm AL XLPE cable LT panel Stabilizer with all accessories at raw water P plant Banabuda][NIT no-5(2025-26)]","DWSD EinC||DWSD CE RANCHI||DWSD SE MECH Ranchi||DWSD EE Jamshedpur Mech","AOC","SITC of VT pump sets having discharge 70m3hr and head 75m with 60ft column assembly of make operating on 3 phase AC supply based solid shaft LT motor 95 sq mm AL XLPE cable LT panel Stabilizer with all accessories at raw water P plant Banabuda","NIT no-5(2025-26)","downloads\jharkhandtenders.gov.in\2025_DWSD_104090_1\stage_summary_2025_DWSD_104090_1.pdf"
"https://jharkhandtenders.gov.in","CABLE","AOC","80","2025_DWSD_102571_1","[Construction of 5 nos. 200 mm x165mm x 300.00 M deep HYDT Well and providing 5 nos. 5 HP Electric Motor with submersible Cable Rope HDPE pipe and Bore well chamber in WTP campus of Keredari-Peto RPWSS under D.W. and S. Division Hazaribagh][03/HZB/2025-26]","DWSD EinC||DWSD CE RANCHI||DWSD SE HZB||DWSD EE HZB","AOC","Construction of 5 nos. 200 mm x165mm x 300.00 M deep HYDT Well and providing 5 nos. 5 HP Electric Motor with submersible Cable Rope HDPE pipe and Bore well chamber in WTP campus of Keredari-Peto RPWSS under D.W. and S. Division Hazaribagh","03/HZB/2025-26","downloads\jharkhandtenders.gov.in\2025_DWSD_102571_1\stage_summary_2025_DWSD_102571_1.pdf"
"https://jharkhandtenders.gov.in","CABLE","AOC","81","2025_DWSD_101853_1","[Hiring of one no. Light Goods carrier Motor Vehicle like Mahindra Pick Up Van or equivalent with all applicable P.O.I. including Driver and one no. TW Mistry with two nos. of Labour for ordinary repairing of TW Geo_Tagging under DWSubDivision, Sonua][01/2025-26]","DWSD EinC||DWSD CE RANCHI||DWSD SE Chaibasa||DWSD EE Chakradharpur","AOC","Hiring of one no. Light Goods carrier Motor Vehicle like Mahindra Pick Up Van or equivalent with all applicable P.O.I. including Driver and one no. TW Mistry with two nos. of Labour for ordinary repairing of TW Geo_Tagging under DWSubDivision, Sonua","01/2025-26","downloads\jharkhandtenders.gov.in\2025_DWSD_101853_1\stage_summary_2025_DWSD_101853_1.pdf"
"https://jharkhandtenders.gov.in","CABLE","AOC","82","2025_DWSD_101761_1","[Hiring of one no. Light Goods carrier Motor Vehicle like Mahindra Pick Up Van or equivalent with all applicable P.O.I. including Driver and one no. TW Mistry with two nos. of Labour for ordinary repairing of TW Geo_Tagging under D_W_Sub_Division, So][01/2025-26]","DWSD EinC||DWSD CE RANCHI||DWSD SE Chaibasa||DWSD EE Chakradharpur","AOC","Hiring of one no. Light Goods carrier Motor Vehicle like Mahindra Pick Up Van or equivalent with all applicable P.O.I. including Driver and one no. TW Mistry with two nos. of Labour for ordinary repairing of TW Geo_Tagging under D_W_Sub_Division, So","01/2025-26","downloads\jharkhandtenders.gov.in\2025_DWSD_101761_1\stage_summary_2025_DWSD_101761_1.pdf"
"https://jharkhandtenders.gov.in","CABLE","AOC","83","2025_DWSD_101748_1","[Hiring of one no. Light Goods carrier Motor Vehicle like Mahindra Pick Up Van or equivalent with all applicable P.O.I. including Driver and one no. TW Mistry with two nos. of Labour for ordinary repairing of TW Geo_Tagging under D_W_Sub_Division, So][01/2025-26]","DWSD EinC||DWSD CE RANCHI||DWSD SE Chaibasa||DWSD EE Chakradharpur","AOC","Hiring of one no. Light Goods carrier Motor Vehicle like Mahindra Pick Up Van or equivalent with all applicable P.O.I. including Driver and one no. TW Mistry with two nos. of Labour for ordinary repairing of TW Geo_Tagging under D_W_Sub_Division, So","01/2025-26","downloads\jharkhandtenders.gov.in\2025_DWSD_101748_1\stage_summary_2025_DWSD_101748_1.pdf"
"https://jharkhandtenders.gov.in","CABLE","AOC","84","2025_DWSD_100976_1","[BOQ for Hiring of one no Light Goods carrier Motor Vehicle like Mahindra Pick Up Van or equivalent with all applicable P.O.I. including Driver and one no TW Mistry with two nos of Labour for ordinary repairing of TW RM DT GURA 03 ][Jamshedpur - NIT 03 Dated 07.05.2025 Group RM DT GURA 03]","DWSD EinC||DWSD CE RANCHI||DWSD SE Jamshedpur||DWSD EE Jamshedpur","AOC","BOQ for Hiring of one no Light Goods carrier Motor Vehicle like Mahindra Pick Up Van or equivalent with all applicable P.O.I. including Driver and one no TW Mistry with two nos of Labour for ordinary repairing of TW RM DT GURA 03","Jamshedpur - NIT 03 Dated 07.05.2025 Group RM DT GURA 03","downloads\jharkhandtenders.gov.in\2025_DWSD_100976_1\stage_summary_2025_DWSD_100976_1.pdf"
"https://jharkhandtenders.gov.in","CABLE","AOC","85","2025_DWSD_100975_1","[BOQ for Hiring of one no. Light Goods carrier Motor Vehicle like Mahindra Pick Up Van or equivalent with all applicable POI including Driver and one no TW Mistry with two nos of Labour for ordinary repairing of TW RM DT CHAK 02 ][Jamshedpur - NIT 03 Dated 07.05.2025 Group RM DT CHAK - 02]","DWSD EinC||DWSD CE RANCHI||DWSD SE Jamshedpur||DWSD EE Jamshedpur","AOC","BOQ for Hiring of one no. Light Goods carrier Motor Vehicle like Mahindra Pick Up Van or equivalent with all applicable POI including Driver and one no TW Mistry with two nos of Labour for ordinary repairing of TW RM DT CHAK 02","Jamshedpur - NIT 03 Dated 07.05.2025 Group RM DT CHAK - 02","downloads\jharkhandtenders.gov.in\2025_DWSD_100975_1\stage_summary_2025_DWSD_100975_1.pdf"
"https://jharkhandtenders.gov.in","CABLE","AOC","86","2025_DWSD_100974_1","[BOQ for Hiring of one no. Light Goods carrier Motor Vehicle like Mahindra Pick Up Van or equivalent with all applicable POI including Driver and one no. TW Mistry with two nos of Labour for ordinary repairing of TW RM DT MUS 01under ][Jamshedpur - NIT 03 Dated 07.05.2025 Group RM DT/MUS-01]","DWSD EinC||DWSD CE RANCHI||DWSD SE Jamshedpur||DWSD EE Jamshedpur","AOC","BOQ for Hiring of one no. Light Goods carrier Motor Vehicle like Mahindra Pick Up Van or equivalent with all applicable POI including Driver and one no. TW Mistry with two nos of Labour for ordinary repairing of TW RM DT MUS 01under","Jamshedpur - NIT 03 Dated 07.05.2025 Group RM DT/MUS-01","downloads\jharkhandtenders.gov.in\2025_DWSD_100974_1\stage_summary_2025_DWSD_100974_1.pdf"
"https://jharkhandtenders.gov.in","CABLE","AOC","87","2025_DWSD_100673_1","[BOQ for Hiring of one no Light Goods carrier Motor Vehicle like Mahindra Pick Up Van or equivalent with all applicable POI including Driver and one no TW Mistry with two nos of Labour for ordinary repairing of TW Group BAH 08 ][Jamshedpur - NIT 01 Dated 16.04.2025 Group RM DT BAH 08]","DWSD EinC||DWSD CE RANCHI||DWSD SE Jamshedpur||DWSD EE Jamshedpur","AOC","BOQ for Hiring of one no Light Goods carrier Motor Vehicle like Mahindra Pick Up Van or equivalent with all applicable POI including Driver and one no TW Mistry with two nos of Labour for ordinary repairing of TW Group BAH 08","Jamshedpur - NIT 01 Dated 16.04.2025 Group RM DT BAH 08","downloads\jharkhandtenders.gov.in\2025_DWSD_100673_1\stage_summary_2025_DWSD_100673_1.pdf"
"https://jharkhandtenders.gov.in","CABLE","AOC","88","2025_DWSD_100671_1","[BOQ for Hiring of one no Light Goods carrier Motor Vehicle like Mahindra Pick Up Van or equivalent with all applicable POI including Driver and one no TW Mistry with two nos of Labour for ordinary repairing of TW Group RM DT DVM ][Jamshedpur - NIT 01 Dated 16.04.2025 Group RM DT DVM 06]","DWSD EinC||DWSD CE RANCHI||DWSD SE Jamshedpur||DWSD EE Jamshedpur","AOC","BOQ for Hiring of one no Light Goods carrier Motor Vehicle like Mahindra Pick Up Van or equivalent with all applicable POI including Driver and one no TW Mistry with two nos of Labour for ordinary repairing of TW Group RM DT DVM","Jamshedpur - NIT 01 Dated 16.04.2025 Group RM DT DVM 06","downloads\jharkhandtenders.gov.in\2025_DWSD_100671_1\stage_summary_2025_DWSD_100671_1.pdf"
"https://jharkhandtenders.gov.in","CABLE","AOC","89","2025_DWSD_100669_1","[BOQ for Hiring of one no Light Goods carrier Motor Vehicle like Mahindra Pick Up Van or equivalent with all applicable POI including Driver and one no TW Mistry with two nos of Labour for ordinary repairing of TW Group RM DT DUM 04 ][Jamshedpur - NIT 01 Dated 16.04.2025 Group RM DT DUM 04]","DWSD EinC||DWSD CE RANCHI||DWSD SE Jamshedpur||DWSD EE Jamshedpur","AOC","BOQ for Hiring of one no Light Goods carrier Motor Vehicle like Mahindra Pick Up Van or equivalent with all applicable POI including Driver and one no TW Mistry with two nos of Labour for ordinary repairing of TW Group RM DT DUM 04","Jamshedpur - NIT 01 Dated 16.04.2025 Group RM DT DUM 04","downloads\jharkhandtenders.gov.in\2025_DWSD_100669_1\stage_summary_2025_DWSD_100669_1.pdf"
"https://jharkhandtenders.gov.in","CABLE","AOC","90","2025_DWSD_100665_1","[BOQ for Hiring of one no Light Goods carrier Motor Vehicle like Mahindra Pick Up Van or equivalent with all applicable POI including Driver and one no TW Mistry with two nos. of Labour for ordinary repairing of TW RM DT MUS 02 ][Jamshedpur - NIT 01 Dated 16.04.2025 Group RM DT GTS 02]","DWSD EinC||DWSD CE RANCHI||DWSD SE Jamshedpur||DWSD EE Jamshedpur","AOC","BOQ for Hiring of one no Light Goods carrier Motor Vehicle like Mahindra Pick Up Van or equivalent with all applicable POI including Driver and one no TW Mistry with two nos. of Labour for ordinary repairing of TW RM DT MUS 02","Jamshedpur - NIT 01 Dated 16.04.2025 Group RM DT GTS 02","downloads\jharkhandtenders.gov.in\2025_DWSD_100665_1\stage_summary_2025_DWSD_100665_1.pdf"
"https://jharkhandtenders.gov.in","CABLE","AOC","91","2025_DWSD_100662_1","[BOQ for Hiring of two no. Light Goods carrier Motor Vehicle like Mahindra Pick Up Van or equivalent with all applicable POI including Driver and one no TW Mistry with two nos of Labour for ordinary repairing of TW RM DT JSR 01][Jamshedpur-NIT 01 2025-26 Dated 16.04.2025 Group-01]","DWSD EinC||DWSD CE RANCHI||DWSD SE Jamshedpur||DWSD EE Jamshedpur","AOC","BOQ for Hiring of two no. Light Goods carrier Motor Vehicle like Mahindra Pick Up Van or equivalent with all applicable POI including Driver and one no TW Mistry with two nos of Labour for ordinary repairing of TW RM DT JSR 01","Jamshedpur-NIT 01 2025-26 Dated 16.04.2025 Group-01","downloads\jharkhandtenders.gov.in\2025_DWSD_100662_1\stage_summary_2025_DWSD_100662_1.pdf"
"https://jharkhandtenders.gov.in","CABLE","AOC","92","2025_BCD_103667_1","[External Electrification Work with Cable Trench at Mandal Kara, Simdega in simdega.][05/2025-26/EE/BCD/BD,SIMDEGA ]","BCD EinC||BCD CE||BCD SE CIRCLE-2||BCD EE, SIMDEGA","AOC","External Electrification Work with Cable Trench at Mandal Kara, Simdega in simdega.","05/2025-26/EE/BCD/BD,SIMDEGA","downloads\jharkhandtenders.gov.in\2025_BCD_103667_1\stage_summary_2025_BCD_103667_1.pdf"
"https://jharkhandtenders.gov.in","CABLE","AOC","93","2025_BAU_104640_2","[Replacement of LT Cable and Provision of Lightning Conductor at College of Fisheries Science, Gumla under BAU, Kanke ][198 Dated 26.08.2025 ]","Birsa Agricultural University||Vice Chancellor - BAU||Dy Director - BAU","AOC","Replacement of LT Cable and Provision of Lightning Conductor at College of Fisheries Science, Gumla under BAU, Kanke","198 Dated 26.08.2025","downloads\jharkhandtenders.gov.in\2025_BAU_104640_2\stage_summary_2025_BAU_104640_2.pdf"
"https://jharkhandtenders.gov.in","CABLE","AOC","94","2024_WRD_85409_1","[Installation of 2 Nos 12 M High mast light including stabilizer, inverter, battery, cable, switches and other equipment under Burhai campus, Nawada][WRD/IRR.DIV.SIKATIA CAMP-BURHAI/F2-02/23-24]","WRD EinC Major-Med n Minor||WRD Mjr Med CE DEO||WRD SE IRR MADHU||WRD EE IRR 1 SIKATIA","AOC","Installation of 2 Nos 12 M High mast light including stabilizer, inverter, battery, cable, switches and other equipment under Burhai campus, Nawada","WRD/IRR.DIV.SIKATIA CAMP-BURHAI/F2-02/23-24","downloads\jharkhandtenders.gov.in\2024_WRD_85409_1\stage_summary_2024_WRD_85409_1.pdf"
"https://jharkhandtenders.gov.in","CABLE","AOC","95","2024_UDD_87934_1","[Construction of Various Bituminous Roads at Old and New Cable Town Golmuri under JNAC Jamshedpur in East Singhbhum District][Jnac/Epro-04/2024-25]","UDD Secretary||UDD Chairperson eProc Cell","AOC","Construction of Various Bituminous Roads at Old and New Cable Town Golmuri under JNAC Jamshedpur in East Singhbhum District","Jnac/Epro-04/2024-25","downloads\jharkhandtenders.gov.in\2024_UDD_87934_1\stage_summary_2024_UDD_87934_1.pdf"
"https://jharkhandtenders.gov.in","CABLE","AOC","96","2024_UDD_83499_1","[Beautification of Chhath Ghat near Open Gym in Sona Maidan Cable Town Golmuri Under JNAC Jamshedpur in East Singhbhum Dist][JNAC/EPRO-35/2023-24]","UDD Secretary||UDD Chairperson eProc Cell","AOC","Beautification of Chhath Ghat near Open Gym in Sona Maidan Cable Town Golmuri Under JNAC Jamshedpur in East Singhbhum Dist","JNAC/EPRO-35/2023-24","downloads\jharkhandtenders.gov.in\2024_UDD_83499_1\stage_summary_2024_UDD_83499_1.pdf"
"https://jharkhandtenders.gov.in","CABLE","AOC","97","2024_JSEB_94471_1","[Repairing of 132 kV main and side cable trench slabs at 132/33 kV GSS, Jadugoda][214/PR/JUSNL/2024-25]","JSEB||JUSNL||GM, TZ-III, JAMSHEDPUR.","AOC","Repairing of 132 kV main and side cable trench slabs at 132/33 kV GSS, Jadugoda","214/PR/JUSNL/2024-25","downloads\jharkhandtenders.gov.in\2024_JSEB_94471_1\stage_summary_2024_JSEB_94471_1.pdf"
"https://jharkhandtenders.gov.in","CABLE","AOC","98","2024_JSEB_94447_1","[PCC work and stone metal spreading at required areas of switchyard and construction of water drain connecting to cable trench at 132/33 kV GSS, Kendposi][211/PR/JUSNL/2024-25]","JSEB||JUSNL||GM, TZ-III, JAMSHEDPUR.","AOC","PCC work and stone metal spreading at required areas of switchyard and construction of water drain connecting to cable trench at 132/33 kV GSS, Kendposi","211/PR/JUSNL/2024-25","downloads\jharkhandtenders.gov.in\2024_JSEB_94447_1\stage_summary_2024_JSEB_94447_1.pdf"
"https://jharkhandtenders.gov.in","CABLE","AOC","99","2024_JSEB_92337_1","[Repairing of old damaged cable trench brick wall and replacement of broken/damaged cable trench slabs at 220/132 kV GSS, Chandil-I][171/PR/JUSNL/2024-25]","JSEB||JUSNL||GM, TZ-III, JAMSHEDPUR.","AOC","Repairing of old damaged cable trench brick wall and replacement of broken/damaged cable trench slabs at 220/132 kV GSS, Chandil-I","171/PR/JUSNL/2024-25","downloads\jharkhandtenders.gov.in\2024_JSEB_92337_1\stage_summary_2024_JSEB_92337_1.pdf"
"https://jharkhandtenders.gov.in","CABLE","AOC","100","2024_JSEB_85891_1","[Design Engg. Supply Erection Testing and Commissioning of 132 kV 1C x 630 Sq. mm UG Cable incorporating to Design Engg Supply Erection Testing and Commissioning of 132 kV SC 2 Ph TL on DC Tower from GSS Jasidih to Deoghar Rly TSS on turnkey basis][730/PR/JUSNL/2023-24]","JSEB||JUSNL||GM, C AND M (NWBP), JUSNL.","AOC","Design Engg. Supply Erection Testing and Commissioning of 132 kV 1C x 630 Sq. mm UG Cable incorporating to Design Engg Supply Erection Testing and Commissioning of 132 kV SC 2 Ph TL on DC Tower from GSS Jasidih to Deoghar Rly TSS on turnkey basis","730/PR/JUSNL/2023-24","downloads\jharkhandtenders.gov.in\2024_JSEB_85891_1\stage_summary_2024_JSEB_85891_1.pdf"
"https://jharkhandtenders.gov.in","CABLE","AOC","101","2024_JSEB_85860_1","[Repairing of old cable trench for upcoming new ATR, extension of old cable trench to main cable trench and construction of cable trench slabs for damaged and missing slabs at 220/132 kV G/S/S, Adityapur-II (RCP)][735/PR/JUSNL/2023-24]","JSEB||JUSNL||GM, TZ-III, JAMSHEDPUR.","AOC","Repairing of old cable trench for upcoming new ATR, extension of old cable trench to main cable trench and construction of cable trench slabs for damaged and missing slabs at 220/132 kV G/S/S, Adityapur-II (RCP)","735/PR/JUSNL/2023-24","downloads\jharkhandtenders.gov.in\2024_JSEB_85860_1\stage_summary_2024_JSEB_85860_1.pdf"
"https://jharkhandtenders.gov.in","CABLE","AOC","102","2024_JSEB_85729_1","[Foundation and other civil work for construction of plinth and associated cable trench of upcoming ATR 220/132 kV, 150 MVA (Make - Bharat Bijilee Ltd) at 220/132 kV G/S/S, Adityapur-II (RCP)][723/PR/JUSNL/2023-24]","JSEB||JUSNL||GM, TZ-III, JAMSHEDPUR.","AOC","Foundation and other civil work for construction of plinth and associated cable trench of upcoming ATR 220/132 kV, 150 MVA (Make - Bharat Bijilee Ltd) at 220/132 kV G/S/S, Adityapur-II (RCP)","723/PR/JUSNL/2023-24","downloads\jharkhandtenders.gov.in\2024_JSEB_85729_1\stage_summary_2024_JSEB_85729_1.pdf"
"https://jharkhandtenders.gov.in","CABLE","AOC","103","2024_JSEB_84205_1","[Installation of cable tray with support hanger in main and side cable tranches with interior renovation of cable tranches at 132/33 kV G/S/S, Dhalbhumgarh under T/S/D, Dhalbhumgarh][652/PR/JUSNL/2023-24]","JSEB||JUSNL||GM, TZ-III, JAMSHEDPUR.","AOC","Installation of cable tray with support hanger in main and side cable tranches with interior renovation of cable tranches at 132/33 kV G/S/S, Dhalbhumgarh under T/S/D, Dhalbhumgarh","652/PR/JUSNL/2023-24","downloads\jharkhandtenders.gov.in\2024_JSEB_84205_1\stage_summary_2024_JSEB_84205_1.pdf"
"https://jharkhandtenders.gov.in","CABLE","AOC","104","2024_JSEB_82519_1","[Providing and fixing cable trench slabs in place of damaged and missing cable trench slabs of 33 kV side switchyard at 132/33 kV GSS, Golmuri][429/PR/JUSNL/2023-24]","JSEB||JUSNL||GM, TZ-III, JAMSHEDPUR.","AOC","Providing and fixing cable trench slabs in place of damaged and missing cable trench slabs of 33 kV side switchyard at 132/33 kV GSS, Golmuri","429/PR/JUSNL/2023-24","downloads\jharkhandtenders.gov.in\2024_JSEB_82519_1\stage_summary_2024_JSEB_82519_1.pdf"
"https://jharkhandtenders.gov.in","CABLE","AOC","105","2024_JPHCL_86797_1","[Installation of 2 Nos. New High Mast Light, LT. Cable for Factory and Repairing of 1 No. High Mast Light at Central Jail, Ghaghidih in the District of East Singhbhum][JPHCL/GR 08/NIT 01/2024-25]","Jharkhand Police Housing Corporation Ltd||JPHCL RANCHI","AOC","Installation of 2 Nos. New High Mast Light, LT. Cable for Factory and Repairing of 1 No. High Mast Light at Central Jail, Ghaghidih in the District of East Singhbhum","JPHCL/GR 08/NIT 01/2024-25","downloads\jharkhandtenders.gov.in\2024_JPHCL_86797_1\stage_summary_2024_JPHCL_86797_1.pdf"
"https://jharkhandtenders.gov.in","CABLE","AOC","106","2024_ENRGY_97022_3","[S/R to E.I. and 3 Phase Industrial wiring with aluminium armoured cable in different workshop at I.T.I. Kuru Lohardaga.][Energy/EWD/Ranchi/95/2024-25]","Energy CEE","AOC","S/R to E.I. and 3 Phase Industrial wiring with aluminium armoured cable in different workshop at I.T.I. Kuru Lohardaga.","Energy/EWD/Ranchi/95/2024-25","downloads\jharkhandtenders.gov.in\2024_ENRGY_97022_3\stage_summary_2024_ENRGY_97022_3.pdf"
"https://jharkhandtenders.gov.in","CABLE","AOC","107","2024_ENRGY_97022_2","[.Provision of security light, garden light, Gate light, high mast light, cubical panel and service cable laying in different building in the campus of I.T.I. college at Kuru, Lohardaga.][Energy/EWD/Ranchi/95/2024-25]","Energy CEE","AOC",".Provision of security light, garden light, Gate light, high mast light, cubical panel and service cable laying in different building in the campus of I.T.I. college at Kuru, Lohardaga.","Energy/EWD/Ranchi/95/2024-25","downloads\jharkhandtenders.gov.in\2024_ENRGY_97022_2\stage_summary_2024_ENRGY_97022_2.pdf"
"https://jharkhandtenders.gov.in","CABLE","AOC","108","2024_ENRGY_96803_1","[Operation and comp. AMC of all E.I including fans, U/G cable, Panel, Gen. (1 no 35 KVA, 1 No 125 KVA, 1 No 200 KVA and 1 no 250 KVA) and 2 no Lift (G3) etc in Chief Secretariat, Nepal House and Raja Rani Kothi, Doranda, Ranchi.][Energy/EWD/Ranchi/87/2024-25]","Energy CEE","AOC","Operation and comp. AMC of all E.I including fans, U/G cable, Panel, Gen. (1 no 35 KVA, 1 No 125 KVA, 1 No 200 KVA and 1 no 250 KVA) and 2 no Lift (G3) etc in Chief Secretariat, Nepal House and Raja Rani Kothi, Doranda, Ranchi.","Energy/EWD/Ranchi/87/2024-25","downloads\jharkhandtenders.gov.in\2024_ENRGY_96803_1\stage_summary_2024_ENRGY_96803_1.pdf"
"https://jharkhandtenders.gov.in","CABLE","AOC","109","2024_ENRGY_96769_6","[Round the clock AMC of all E.I Fans, Security lighting, under ground cable, L.T pannel etc at Hon,ble Chief Justice Residence Kanke road, Ranchi. (1) Chief Secretary residence Kanke road, Ranchi. (2) D.G.P residence building no. 4 Kanke road, etc.][Energy/EWD/Ranchi/86/2024-25]","Energy CEE","AOC","Round the clock AMC of all E.I Fans, Security lighting, under ground cable, L.T pannel etc at Hon,ble Chief Justice Residence Kanke road, Ranchi. (1) Chief Secretary residence Kanke road, Ranchi. (2) D.G.P residence building no. 4 Kanke road, etc.","Energy/EWD/Ranchi/86/2024-25","downloads\jharkhandtenders.gov.in\2024_ENRGY_96769_6\stage_summary_2024_ENRGY_96769_6.pdf"
"https://jharkhandtenders.gov.in","CABLE","AOC","110","2024_ENRGY_96769_4","[Operation and Comprehensive annual maintenance of all Electrical Installation including fans, LED Flood light/ U/G cables, Panel, Generator (2 nos 250KVA) and 4 nos Lift (G3) in Yojana Bhawan, Nepal House campus, Doranda, Ranchi.][Energy/EWD/Ranchi/86/2024-25]","Energy CEE","AOC","Operation and Comprehensive annual maintenance of all Electrical Installation including fans, LED Flood light/ U/G cables, Panel, Generator (2 nos 250KVA) and 4 nos Lift (G3) in Yojana Bhawan, Nepal House campus, Doranda, Ranchi.","Energy/EWD/Ranchi/86/2024-25","downloads\jharkhandtenders.gov.in\2024_ENRGY_96769_4\stage_summary_2024_ENRGY_96769_4.pdf"
"https://jharkhandtenders.gov.in","CABLE","AOC","111","2024_ENRGY_96769_3","[Round the clock comp. AMC and manning operation of all E.I fans, Security lights, Under ground cables, L.T panels including compound light at C.M House and C.M Secretariat, Kanke road, Ranchi and AMC of 125 and 62.5 KVA DG Sets.][Energy/EWD/Ranchi/86/2024-25]","Energy CEE","AOC","Round the clock comp. AMC and manning operation of all E.I fans, Security lights, Under ground cables, L.T panels including compound light at C.M House and C.M Secretariat, Kanke road, Ranchi and AMC of 125 and 62.5 KVA DG Sets.","Energy/EWD/Ranchi/86/2024-25","downloads\jharkhandtenders.gov.in\2024_ENRGY_96769_3\stage_summary_2024_ENRGY_96769_3.pdf"
"https://jharkhandtenders.gov.in","CABLE","AOC","112","2024_ENRGY_95997_1","[Replacement of Defective Power distribution cable in the Newly Constructed Vidhan Sabha at Dhurwa, Ranchi.][EnergyEWD/Ranchi/75/2024-25]","Energy CEE","AOC","Replacement of Defective Power distribution cable in the Newly Constructed Vidhan Sabha at Dhurwa, Ranchi.","EnergyEWD/Ranchi/75/2024-25","downloads\jharkhandtenders.gov.in\2024_ENRGY_95997_1\stage_summary_2024_ENRGY_95997_1.pdf"
"https://jharkhandtenders.gov.in","CABLE","AOC","113","2024_ENRGY_95933_6","[Replacement of defective street light, Garden light, Building Light, High mast light and cable in the campus of Engineering Hostel and JBVNL Headquarter at Dhurwa, Ranchi.][Energy/EWD/Ranchi/72/2024-25]","Energy CEE","AOC","Replacement of defective street light, Garden light, Building Light, High mast light and cable in the campus of Engineering Hostel and JBVNL Headquarter at Dhurwa, Ranchi.","Energy/EWD/Ranchi/72/2024-25","downloads\jharkhandtenders.gov.in\2024_ENRGY_95933_6\stage_summary_2024_ENRGY_95933_6.pdf"
"https://jharkhandtenders.gov.in","CABLE","AOC","114","2024_ENRGY_95933_5","[A/R to E.I and S/L of 3 Phase Service cable in the Resi. of ADJ-1 and ADJ-2 at Khunti and A/R to E.i in 4 nos Judicial officers Qtr Block-B and Rep. of Path light and S/F of Garden light in the campus of 4 nos Judicial Offic. Qtr. Block B at Khunti.][Energy/EWD/Ranchi/72/2024-25]","Energy CEE","AOC","A/R to E.I and S/L of 3 Phase Service cable in the Resi. of ADJ-1 and ADJ-2 at Khunti and A/R to E.i in 4 nos Judicial officers Qtr Block-B and Rep. of Path light and S/F of Garden light in the campus of 4 nos Judicial Offic. Qtr. Block B at Khunti.","Energy/EWD/Ranchi/72/2024-25","downloads\jharkhandtenders.gov.in\2024_ENRGY_95933_5\stage_summary_2024_ENRGY_95933_5.pdf"
"https://jharkhandtenders.gov.in","CABLE","AOC","115","2024_ENRGY_95933_15","[S/R to E.I in Cubical Panel, Sub Panel, Sub Main Cable and main Service cable in A.C.B office at Kane road, Ranchi.][Energy/EWD/Ranchi/72/2024-25]","Energy CEE","AOC","S/R to E.I in Cubical Panel, Sub Panel, Sub Main Cable and main Service cable in A.C.B office at Kane road, Ranchi.","Energy/EWD/Ranchi/72/2024-25","downloads\jharkhandtenders.gov.in\2024_ENRGY_95933_15\stage_summary_2024_ENRGY_95933_15.pdf"
"https://jharkhandtenders.gov.in","CABLE","AOC","116","2024_ENRGY_95921_1","[Provision of 02 Nos 500 KVA Silent type DG(CPCB IV Plus Compiant) set with inbuilt manual Panel, Plinth, Shead, Armoured cable and Changover cubical Panel for Emergency Power backup at New High Court, Dhurwa, Ranchi.][Energy/EWD/Ranchi/76/2024-25]","Energy CEE","AOC","Provision of 02 Nos 500 KVA Silent type DG(CPCB IV Plus Compiant) set with inbuilt manual Panel, Plinth, Shead, Armoured cable and Changover cubical Panel for Emergency Power backup at New High Court, Dhurwa, Ranchi.","Energy/EWD/Ranchi/76/2024-25","downloads\jharkhandtenders.gov.in\2024_ENRGY_95921_1\stage_summary_2024_ENRGY_95921_1.pdf"
"https://jharkhandtenders.gov.in","CABLE","AOC","117","2024_ENRGY_95436_2","[SITC of main line supply XLPE power cable for new Collectorate building at Giridih.][Energy/EWD/Dhanbad/30/2024-25]","Energy CEE","AOC","SITC of main line supply XLPE power cable for new Collectorate building at Giridih.","Energy/EWD/Dhanbad/30/2024-25","downloads\jharkhandtenders.gov.in\2024_ENRGY_95436_2\stage_summary_2024_ENRGY_95436_2.pdf"
"https://jharkhandtenders.gov.in","CABLE","AOC","118","2024_ENRGY_94637_1","[Provision of Main Service cable from Girls Hostel Substation 750 kVA Transformer to paying ward at RIMS, Ranchi.][Energy/EWD/Ranchi/65/2024-25]","Energy CEE","AOC","Provision of Main Service cable from Girls Hostel Substation 750 kVA Transformer to paying ward at RIMS, Ranchi.","Energy/EWD/Ranchi/65/2024-25","downloads\jharkhandtenders.gov.in\2024_ENRGY_94637_1\stage_summary_2024_ENRGY_94637_1.pdf"
"https://jharkhandtenders.gov.in","CABLE","AOC","119","2024_ENRGY_94634_1","[Round the clock comprehensive annual maintenance of all E.I work U.G cable, fans, light fitting, street light, garden light, deocrative light Panel, UPS and AMC of 125 kVA DG set at Rajbhawan, Dumka. ][Energy/EWD/Dhanbad/27/2024-25]","Energy CEE","AOC","Round the clock comprehensive annual maintenance of all E.I work U.G cable, fans, light fitting, street light, garden light, deocrative light Panel, UPS and AMC of 125 kVA DG set at Rajbhawan, Dumka.","Energy/EWD/Dhanbad/27/2024-25","downloads\jharkhandtenders.gov.in\2024_ENRGY_94634_1\stage_summary_2024_ENRGY_94634_1.pdf"
"https://jharkhandtenders.gov.in","CABLE","AOC","120","2024_ENRGY_94272_7","[Special repair to E.I of electrical wiring of JAP-IT Director chamber, Server room, Toilet in Engineering Hostel 1 and 2 and Replacement of 11KV HT cable of State Data Center at Dhurwa, Ranchi.][Energy/EWD/Ranchi/64/2024-25]","Energy CEE","AOC","Special repair to E.I of electrical wiring of JAP-IT Director chamber, Server room, Toilet in Engineering Hostel 1 and 2 and Replacement of 11KV HT cable of State Data Center at Dhurwa, Ranchi.","Energy/EWD/Ranchi/64/2024-25","downloads\jharkhandtenders.gov.in\2024_ENRGY_94272_7\stage_summary_2024_ENRGY_94272_7.pdf"
"https://jharkhandtenders.gov.in","CABLE","AOC","121","2024_ENRGY_93845_9","[Repl. of Service cable, Changover switch, Main Switch, Fan, Garden and Gate light, installation of Street light and Inverter, Wiring of Barrack extended room in the DGP Resid. F18 and Repl. of Garden, Gate light in F17 Sector-3 at Dhurwa, Ranchi.][Energy/EWD/Ranchi/61/2024-25]","Energy CEE","AOC","Repl. of Service cable, Changover switch, Main Switch, Fan, Garden and Gate light, installation of Street light and Inverter, Wiring of Barrack extended room in the DGP Resid. F18 and Repl. of Garden, Gate light in F17 Sector-3 at Dhurwa, Ranchi.","Energy/EWD/Ranchi/61/2024-25","downloads\jharkhandtenders.gov.in\2024_ENRGY_93845_9\stage_summary_2024_ENRGY_93845_9.pdf"
"https://jharkhandtenders.gov.in","CABLE","AOC","122","2024_ENRGY_93845_8","[Annual Repiar and Additional work to E.I and Service cable Replacement at Civil Court, Ramgarh][Energy/EWD/Ranchi/61/2024-25]","Energy CEE","AOC","Annual Repiar and Additional work to E.I and Service cable Replacement at Civil Court, Ramgarh","Energy/EWD/Ranchi/61/2024-25","downloads\jharkhandtenders.gov.in\2024_ENRGY_93845_8\stage_summary_2024_ENRGY_93845_8.pdf"
"https://jharkhandtenders.gov.in","CABLE","AOC","123","2024_ENRGY_93845_7","[S/R to E.I in Qtr no. A6, A7, A10 at Hinoo, Qtr No. B6/6 (6 Set Pucca), Officer Flat No. D10/12, D10/18 behind Nepal House and Replacement of Service cable of Bungalow no. A1 at Kusai Colony and Forest Bungalow no.-4 at Doranda, Ranchi.][Energy/EWD/Ranchi/61/2024-25]","Energy CEE","AOC","S/R to E.I in Qtr no. A6, A7, A10 at Hinoo, Qtr No. B6/6 (6 Set Pucca), Officer Flat No. D10/12, D10/18 behind Nepal House and Replacement of Service cable of Bungalow no. A1 at Kusai Colony and Forest Bungalow no.-4 at Doranda, Ranchi.","Energy/EWD/Ranchi/61/2024-25","downloads\jharkhandtenders.gov.in\2024_ENRGY_93845_7\stage_summary_2024_ENRGY_93845_7.pdf"
"https://jharkhandtenders.gov.in","CABLE","AOC","124","2024_ENRGY_93845_1","[Special Repair to E.I in Main residential block, Replacement of Service cable in Judges Quartr no.-6 near A.G More, Doranda, Ranchi.][Energy/EWD/Ranchi/61/2024-25]","Energy CEE","AOC","Special Repair to E.I in Main residential block, Replacement of Service cable in Judges Quartr no.-6 near A.G More, Doranda, Ranchi.","Energy/EWD/Ranchi/61/2024-25","downloads\jharkhandtenders.gov.in\2024_ENRGY_93845_1\stage_summary_2024_ENRGY_93845_1.pdf"
"https://jharkhandtenders.gov.in","CABLE","AOC","125","2024_ENRGY_93674_2","[Additional of A.C Point wiring in different court room and Judge Chambers and Centralized Cubical panel, Service Connection cable in different court building in the campus of Civil Court at Hazaribagh.][Energy/EWD/Ranchi/59/2024-25]","Energy CEE","AOC","Additional of A.C Point wiring in different court room and Judge Chambers and Centralized Cubical panel, Service Connection cable in different court building in the campus of Civil Court at Hazaribagh.","Energy/EWD/Ranchi/59/2024-25","downloads\jharkhandtenders.gov.in\2024_ENRGY_93674_2\stage_summary_2024_ENRGY_93674_2.pdf"
"https://jharkhandtenders.gov.in","CABLE","AOC","126","2024_ENRGY_93472_7","[Replacement of Street light, Flood light, Tube light, Bulb, Fan, Cable etc at Installed Various building of Judicial Academy at Dhruwa, Ranchi, Jharkhand.][Energy/EWD/Ranchi/58/2024-25]","Energy CEE","AOC","Replacement of Street light, Flood light, Tube light, Bulb, Fan, Cable etc at Installed Various building of Judicial Academy at Dhruwa, Ranchi, Jharkhand.","Energy/EWD/Ranchi/58/2024-25","downloads\jharkhandtenders.gov.in\2024_ENRGY_93472_7\stage_summary_2024_ENRGY_93472_7.pdf"
"https://jharkhandtenders.gov.in","CABLE","AOC","127","2024_ENRGY_93472_5","[Special Repair to E.I in main residential block and replacement of Srevice cable, outer light, Electric panel, Garden light and Gate light in Secretary Residence B2 (Alloted to Secretary Mr. Abubakar Siddique, IAS) at Hinoo, Ranchi.][Energy/EWD/Ranchi/58/2024-25]","Energy CEE","AOC","Special Repair to E.I in main residential block and replacement of Srevice cable, outer light, Electric panel, Garden light and Gate light in Secretary Residence B2 (Alloted to Secretary Mr. Abubakar Siddique, IAS) at Hinoo, Ranchi.","Energy/EWD/Ranchi/58/2024-25","downloads\jharkhandtenders.gov.in\2024_ENRGY_93472_5\stage_summary_2024_ENRGY_93472_5.pdf"
"https://jharkhandtenders.gov.in","CABLE","AOC","128","2024_ENRGY_93472_4","[Special Repair to E.I in DG chamber, ADG chamber and officers in Second Floor and replacement of internal light, fans and service cable in the headquarter office of Jharkhand Fire Service at Doranda, Ranchi.][Energy/EWD/Ranchi/58/2024-25]","Energy CEE","AOC","Special Repair to E.I in DG chamber, ADG chamber and officers in Second Floor and replacement of internal light, fans and service cable in the headquarter office of Jharkhand Fire Service at Doranda, Ranchi.","Energy/EWD/Ranchi/58/2024-25","downloads\jharkhandtenders.gov.in\2024_ENRGY_93472_4\stage_summary_2024_ENRGY_93472_4.pdf"
"https://jharkhandtenders.gov.in","CABLE","AOC","129","2024_ENRGY_93472_2","[Special Repair to E.I in Conference hall in Ground floor, offices in First Floor and Replacement of Service cable, Panel and outer light in Labour Commissioner office building at Doranda, Ranchi.][Energy/EWD/Ranchi/58/2024-25]","Energy CEE","AOC","Special Repair to E.I in Conference hall in Ground floor, offices in First Floor and Replacement of Service cable, Panel and outer light in Labour Commissioner office building at Doranda, Ranchi.","Energy/EWD/Ranchi/58/2024-25","downloads\jharkhandtenders.gov.in\2024_ENRGY_93472_2\stage_summary_2024_ENRGY_93472_2.pdf"
"https://jharkhandtenders.gov.in","CABLE","AOC","130","2024_ENRGY_92036_1","[Prov. of Cubical panel, Serv. cable for sep. conne., AC wiring in diff. hall, Library in Advo. block, AC wiring and Comp. wiring in Court buil. and insta. of Exhaust fan in diff. Bath. in Court build. at New High Court at Dhurwa, Ranchi.][Energy/EWD/Ranchi/49/2024-25]","Energy CEE","AOC","Prov. of Cubical panel, Serv. cable for sep. conne., AC wiring in diff. hall, Library in Advo. block, AC wiring and Comp. wiring in Court buil. and insta. of Exhaust fan in diff. Bath. in Court build. at New High Court at Dhurwa, Ranchi.","Energy/EWD/Ranchi/49/2024-25","downloads\jharkhandtenders.gov.in\2024_ENRGY_92036_1\stage_summary_2024_ENRGY_92036_1.pdf"
"https://jharkhandtenders.gov.in","CABLE","AOC","131","2024_ENRGY_90954_1","[Provision of SITC of 1 no 500KVA Transformer with HT and LT cable, cubical panel for main building of Police Head quarter at Dhurwa, Ranchi.][Energy/EWD/Ranchi/42/2024-25]","Energy CEE","AOC","Provision of SITC of 1 no 500KVA Transformer with HT and LT cable, cubical panel for main building of Police Head quarter at Dhurwa, Ranchi.","Energy/EWD/Ranchi/42/2024-25","downloads\jharkhandtenders.gov.in\2024_ENRGY_90954_1\stage_summary_2024_ENRGY_90954_1.pdf"
"https://jharkhandtenders.gov.in","CABLE","AOC","132","2024_ENRGY_90818_7","[S/R to E.I in Main Residential Block, Outhouse and Replacement of Service cable, Security light in the Judges Quarter no.-2/19 Near AG More, Doranda, Ranchi.][Energy/EWD/Ranchi/40/2024-25]","Energy CEE","AOC","S/R to E.I in Main Residential Block, Outhouse and Replacement of Service cable, Security light in the Judges Quarter no.-2/19 Near AG More, Doranda, Ranchi.","Energy/EWD/Ranchi/40/2024-25","downloads\jharkhandtenders.gov.in\2024_ENRGY_90818_7\stage_summary_2024_ENRGY_90818_7.pdf"
"https://jharkhandtenders.gov.in","CABLE","AOC","133","2024_ENRGY_90168_2","[S/R to E.I and A.C wiring in Ground Floor, Service cable and main cubical panel in Sub Divisional civil court at Madhupur, Deoghar.][Energy/EWD/Dhanbad/18/2024-25]","Energy CEE","AOC","S/R to E.I and A.C wiring in Ground Floor, Service cable and main cubical panel in Sub Divisional civil court at Madhupur, Deoghar.","Energy/EWD/Dhanbad/18/2024-25","downloads\jharkhandtenders.gov.in\2024_ENRGY_90168_2\stage_summary_2024_ENRGY_90168_2.pdf"
"https://jharkhandtenders.gov.in","CABLE","AOC","134","2024_ENRGY_90034_1","[S/R to E.I of Undergournd cable Replacement for A, B and C Block and Provision of Cubical Panel for Dumka Collectorate at Dumka.][Energy/EWd/Dhanbad/17/2024-25]","Energy CEE","AOC","S/R to E.I of Undergournd cable Replacement for A, B and C Block and Provision of Cubical Panel for Dumka Collectorate at Dumka.","Energy/EWd/Dhanbad/17/2024-25","downloads\jharkhandtenders.gov.in\2024_ENRGY_90034_1\stage_summary_2024_ENRGY_90034_1.pdf"
"https://jharkhandtenders.gov.in","CABLE","AOC","135","2024_ENRGY_90031_6","[S/R to E.I in Room no.-35, 14, 206 at Nepal Hosue, R.No.-139 in Yojna Bhawan, Repla. wall fan in differ. rooms and corr., Repl. of LED light and wall fan in NIC at Yojna Bhawna and Repl. of Service cable, wall fan in Rajaj Rani Kothi, Doranda, Ranchi][Energy/EWD/Ranchi/35/2024-25]","Energy CEE","AOC","S/R to E.I in Room no.-35, 14, 206 at Nepal Hosue, R.No.-139 in Yojna Bhawan, Repla. wall fan in differ. rooms and corr., Repl. of LED light and wall fan in NIC at Yojna Bhawna and Repl. of Service cable, wall fan in Rajaj Rani Kothi, Doranda, Ranchi","Energy/EWD/Ranchi/35/2024-25","downloads\jharkhandtenders.gov.in\2024_ENRGY_90031_6\stage_summary_2024_ENRGY_90031_6.pdf"
"https://jharkhandtenders.gov.in","CABLE","AOC","136","2024_ENRGY_90031_3","[Additional work to E.I and Replacement of switch socket, LED down light, ceiling fan, wall fan, Service cable, Mootor cable, UPS Connection, Generator Repairing etc in JHALSA near AG more, Doranda, Ranchi.][Energy/EWD/Ranchi/35/2024-25]","Energy CEE","AOC","Additional work to E.I and Replacement of switch socket, LED down light, ceiling fan, wall fan, Service cable, Mootor cable, UPS Connection, Generator Repairing etc in JHALSA near AG more, Doranda, Ranchi.","Energy/EWD/Ranchi/35/2024-25","downloads\jharkhandtenders.gov.in\2024_ENRGY_90031_3\stage_summary_2024_ENRGY_90031_3.pdf"
"https://jharkhandtenders.gov.in","CABLE","AOC","137","2024_ENRGY_89498_8","[S/R to E.I in Main Block, External light and Service cable in Guest House of Water Resource Deptt. (Residential of Hon,ble Minister Mr. Alamgir Alam) near A.G More, Doranda, Ranchi.][Energy/EWD/Ranchi/33/2024-25]","Energy CEE","AOC","S/R to E.I in Main Block, External light and Service cable in Guest House of Water Resource Deptt. (Residential of Hon,ble Minister Mr. Alamgir Alam) near A.G More, Doranda, Ranchi.","Energy/EWD/Ranchi/33/2024-25","downloads\jharkhandtenders.gov.in\2024_ENRGY_89498_8\stage_summary_2024_ENRGY_89498_8.pdf"
"https://jharkhandtenders.gov.in","CABLE","AOC","138","2024_ENRGY_89498_6","[Annual Repair to E.I and Repla. of Street light, Garden light, Gate light etc in New Judges Bung. no. 1 and Bung. no. 2 and Repla. of Service cable in bungalow no. 1, 2 and Staff qtrs in New Judges bungalow campus near AG More, Doranda, Ranchi.][Energy/EWD/Ranchi/33/2024-25]","Energy CEE","AOC","Annual Repair to E.I and Repla. of Street light, Garden light, Gate light etc in New Judges Bung. no. 1 and Bung. no. 2 and Repla. of Service cable in bungalow no. 1, 2 and Staff qtrs in New Judges bungalow campus near AG More, Doranda, Ranchi.","Energy/EWD/Ranchi/33/2024-25","downloads\jharkhandtenders.gov.in\2024_ENRGY_89498_6\stage_summary_2024_ENRGY_89498_6.pdf"
"https://jharkhandtenders.gov.in","CABLE","AOC","139","2024_ENRGY_89417_7","[S/R to E.I in different rooms, chambers, Flight office, SHA Area, Stores etc and Replacement of main switches, busbar, cables in the premises of State Hunger at Hinoo, Ranchi.][Energy/EWD/Ranchi/31/2024-25]","Energy CEE","AOC","S/R to E.I in different rooms, chambers, Flight office, SHA Area, Stores etc and Replacement of main switches, busbar, cables in the premises of State Hunger at Hinoo, Ranchi.","Energy/EWD/Ranchi/31/2024-25","downloads\jharkhandtenders.gov.in\2024_ENRGY_89417_7\stage_summary_2024_ENRGY_89417_7.pdf"
"https://jharkhandtenders.gov.in","CABLE","AOC","140","2024_ENRGY_89417_3","[Additional work to E.I replacement of service cable, main switch busbar into automatic cubical panel and Shifting of DG set in Judges Quarters no.-19 near A.G More, Doranda, Ranchi.][Energy/EWD/Ranchi/31/2024-25]","Energy CEE","AOC","Additional work to E.I replacement of service cable, main switch busbar into automatic cubical panel and Shifting of DG set in Judges Quarters no.-19 near A.G More, Doranda, Ranchi.","Energy/EWD/Ranchi/31/2024-25","downloads\jharkhandtenders.gov.in\2024_ENRGY_89417_3\stage_summary_2024_ENRGY_89417_3.pdf"
"https://jharkhandtenders.gov.in","CABLE","AOC","141","2024_ENRGY_89417_2","[S.I.T.C of Cubical panel, Service cable and other additional work to E.I in the Civil Court, Chatra.][Energy/EWD/Ranchi/31/2024-25]","Energy CEE","AOC","S.I.T.C of Cubical panel, Service cable and other additional work to E.I in the Civil Court, Chatra.","Energy/EWD/Ranchi/31/2024-25","downloads\jharkhandtenders.gov.in\2024_ENRGY_89417_2\stage_summary_2024_ENRGY_89417_2.pdf"
"https://jharkhandtenders.gov.in","CABLE","AOC","142","2024_ENRGY_88918_1","[Round the clock comprehensive annual maintenance of all Electrical Installation including Fans, Campus light, garden light, U/G cable, panel etc in different building of ATI Campus at Ranchi.][Energy/EWD/Ranchi/28/2024-25]","Energy CEE","AOC","Round the clock comprehensive annual maintenance of all Electrical Installation including Fans, Campus light, garden light, U/G cable, panel etc in different building of ATI Campus at Ranchi.","Energy/EWD/Ranchi/28/2024-25","downloads\jharkhandtenders.gov.in\2024_ENRGY_88918_1\stage_summary_2024_ENRGY_88918_1.pdf"
"https://jharkhandtenders.gov.in","CABLE","AOC","143","2024_ENRGY_87373_1","[Annual Maintenance of E.I fans, Gate/ Garden light, Street light, U/G cable etc in Engineering Hostel No.-1, Engineering Hostel no.-2, T.A Division and Rajaswa parshad at Dhurwa, Ranchi.][Energy/EWD/Ranchi/12/2024-25]","Energy CEE","AOC","Annual Maintenance of E.I fans, Gate/ Garden light, Street light, U/G cable etc in Engineering Hostel No.-1, Engineering Hostel no.-2, T.A Division and Rajaswa parshad at Dhurwa, Ranchi.","Energy/EWD/Ranchi/12/2024-25","downloads\jharkhandtenders.gov.in\2024_ENRGY_87373_1\stage_summary_2024_ENRGY_87373_1.pdf"
"https://jharkhandtenders.gov.in","CABLE","AOC","144","2024_ENRGY_86962_2","[Round the clock comprehensive annual maintenance and manning operation of all E.I fans, Security lights, U/G cables, L.T panels including campus light at Civil Court, Ranchi.][Energy/EWD/Ranchi/09/2024-25]","Energy CEE","AOC","Round the clock comprehensive annual maintenance and manning operation of all E.I fans, Security lights, U/G cables, L.T panels including campus light at Civil Court, Ranchi.","Energy/EWD/Ranchi/09/2024-25","downloads\jharkhandtenders.gov.in\2024_ENRGY_86962_2\stage_summary_2024_ENRGY_86962_2.pdf"
"https://jharkhandtenders.gov.in","CABLE","AOC","145","2024_ENRGY_85939_1","[Provision of AC wiring with installation of Main Panel, Feeder Panel armoured cable in different section in the Court Building (Ground Floor) of New Jharkhand High Court, Dhurwa, Ranchi.][Energy/EWD/Ranchi/100/2023-24]","Energy CEE","AOC","Provision of AC wiring with installation of Main Panel, Feeder Panel armoured cable in different section in the Court Building (Ground Floor) of New Jharkhand High Court, Dhurwa, Ranchi.","Energy/EWD/Ranchi/100/2023-24","downloads\jharkhandtenders.gov.in\2024_ENRGY_85939_1\stage_summary_2024_ENRGY_85939_1.pdf"
"https://jharkhandtenders.gov.in","CABLE","AOC","146","2024_ENRGY_85848_4","[Additional work of Cubical main panel and service cable in Civil court, Main Building Palamu.][Energy/EWD/Ranchi/103/2023-24]","Energy CEE","AOC","Additional work of Cubical main panel and service cable in Civil court, Main Building Palamu.","Energy/EWD/Ranchi/103/2023-24","downloads\jharkhandtenders.gov.in\2024_ENRGY_85848_4\stage_summary_2024_ENRGY_85848_4.pdf"
"https://jharkhandtenders.gov.in","CABLE","AOC","147","2024_ENRGY_85036_1","[Replacement of Campus light, garden light, main cable and Additional work at SKIPA, Mayor, Road, Ranchi.][Energy/EWD/Ranchi/96/2023-24]","Energy CEE","AOC","Replacement of Campus light, garden light, main cable and Additional work at SKIPA, Mayor, Road, Ranchi.","Energy/EWD/Ranchi/96/2023-24","downloads\jharkhandtenders.gov.in\2024_ENRGY_85036_1\stage_summary_2024_ENRGY_85036_1.pdf"
"https://jharkhandtenders.gov.in","CABLE","AOC","148","2024_ENRGY_84565_2","[Provision of armoured cable, Cubical panel and Sub Panel for ground floor, 1st floor and different building at Sadar Hospital, Jamshedpur.][Energy/EWD/Ranchi/94/2023-24]","Energy CEE","AOC","Provision of armoured cable, Cubical panel and Sub Panel for ground floor, 1st floor and different building at Sadar Hospital, Jamshedpur.","Energy/EWD/Ranchi/94/2023-24","downloads\jharkhandtenders.gov.in\2024_ENRGY_84565_2\stage_summary_2024_ENRGY_84565_2.pdf"
"https://jharkhandtenders.gov.in","CABLE","AOC","149","2024_ENRGY_84163_1","[Round the clock comp.AMC of all E.I incl. Fans, Campus, Garden light, U/G Cable, Panel, Gen. (1 no 10 KVA and 7 nos 35 KVA) in Hon,ble Jhark. High Court, Judge Bung. no. 1,2,6 and Staff Qtr no. 1,2,3,6,8,12,14,15,16,17,18,19 Near AG More, Doranda.][Energy/EWD/Ranchi/93/2023-24]","Energy CEE","AOC","Round the clock comp.AMC of all E.I incl. Fans, Campus, Garden light, U/G Cable, Panel, Gen. (1 no 10 KVA and 7 nos 35 KVA) in Hon,ble Jhark. High Court, Judge Bung. no. 1,2,6 and Staff Qtr no. 1,2,3,6,8,12,14,15,16,17,18,19 Near AG More, Doranda.","Energy/EWD/Ranchi/93/2023-24","downloads\jharkhandtenders.gov.in\2024_ENRGY_84163_1\stage_summary_2024_ENRGY_84163_1.pdf"
"https://jharkhandtenders.gov.in","CABLE","AOC","150","2024_ENRGY_83136_1","[Provision of 500 KVA Silent type DG set with Plinth, Shed and Armoured cable for Advocate General office at New High Court, Dhurwa, Ranchi.][Energy/EWD/Ranchi/90/2023-24]","Energy CEE","AOC","Provision of 500 KVA Silent type DG set with Plinth, Shed and Armoured cable for Advocate General office at New High Court, Dhurwa, Ranchi.","Energy/EWD/Ranchi/90/2023-24","downloads\jharkhandtenders.gov.in\2024_ENRGY_83136_1\stage_summary_2024_ENRGY_83136_1.pdf"
"https://jharkhandtenders.gov.in","CABLE","AOC","151","2024_ENRGY_83132_1","[Round the clock manning operation and comprehensive annual maintenance of all E.I in the campus including, Garden light, LED Street light, U/G cable, Panel of old building of Jharkhand High Court at Doranda, Ranchi.][Energy/EWD/Ranchi/87/2023-24]","Energy CEE","AOC","Round the clock manning operation and comprehensive annual maintenance of all E.I in the campus including, Garden light, LED Street light, U/G cable, Panel of old building of Jharkhand High Court at Doranda, Ranchi.","Energy/EWD/Ranchi/87/2023-24","downloads\jharkhandtenders.gov.in\2024_ENRGY_83132_1\stage_summary_2024_ENRGY_83132_1.pdf"
"https://jharkhandtenders.gov.in","CABLE","AOC","152","2024_ENRGY_81137_1","[Round the clock comprehensive annual maintenance of all E.I work U.G cable, fans, light fitting Transformer, H.T and L.T line street light and Security light in the campus of SNMMCH, Saraidhella, Dhanbad.][Energy/EWD/Dhanbad/47/2023-24]","Energy CEE","AOC","Round the clock comprehensive annual maintenance of all E.I work U.G cable, fans, light fitting Transformer, H.T and L.T line street light and Security light in the campus of SNMMCH, Saraidhella, Dhanbad.","Energy/EWD/Dhanbad/47/2023-24","downloads\jharkhandtenders.gov.in\2024_ENRGY_81137_1\stage_summary_2024_ENRGY_81137_1.pdf"
"https://jharkhandtenders.gov.in","CABLE","AOC","153","2024_ENRGY_80972_1","[Annual Repair to EI and S/L of Service Cable of Judicial 18th PO Qtr. Camp 2 civil court Bokaro.][Energy/EWD/Dhanbad/43/2023-24]","Energy CEE","AOC","Annual Repair to EI and S/L of Service Cable of Judicial 18th PO Qtr. Camp 2 civil court Bokaro.","Energy/EWD/Dhanbad/43/2023-24","downloads\jharkhandtenders.gov.in\2024_ENRGY_80972_1\stage_summary_2024_ENRGY_80972_1.pdf"
"https://jharkhandtenders.gov.in","CABLE","AOC","154","2024_ENRGY_80662_1","[Comprehensive annual maintenance of all Electrical Installation including fan, U/G Cable, panel, Street light etc in Civil court, Jamshedpur and Running and manning operation of 4 nos Lift in stalled in Civil Court, Buildnig at Jamshedpur.][Energy/EWD/Ranchi/73/2023-24]","Energy CEE","AOC","Comprehensive annual maintenance of all Electrical Installation including fan, U/G Cable, panel, Street light etc in Civil court, Jamshedpur and Running and manning operation of 4 nos Lift in stalled in Civil Court, Buildnig at Jamshedpur.","Energy/EWD/Ranchi/73/2023-24","downloads\jharkhandtenders.gov.in\2024_ENRGY_80662_1\stage_summary_2024_ENRGY_80662_1.pdf"
"https://jharkhandtenders.gov.in","CABLE","AOC","155","2024_DWSD_92290_1","[Supplying, installation, testing and commissioning of 1 No. 500 KVA distribution transformer by making DP structure, Motor Control Panel, Starters, Cables, earthing, lighting etc. at Ratu Road Pumping Plant, Ranchi.][DWSMD/RANCHI/03 (2024-25) 2nd Call ]","DWSD EinC||DWSD CE DUMKA||DWSD SE MECH Dumka||DWSD EE Mech Dhanbad","AOC","Supplying, installation, testing and commissioning of 1 No. 500 KVA distribution transformer by making DP structure, Motor Control Panel, Starters, Cables, earthing, lighting etc. at Ratu Road Pumping Plant, Ranchi.","DWSMD/RANCHI/03 (2024-25) 2nd Call","downloads\jharkhandtenders.gov.in\2024_DWSD_92290_1\stage_summary_2024_DWSD_92290_1.pdf"
"https://jharkhandtenders.gov.in","CABLE","AOC","156","2024_DWSD_85643_1","[Supplying and Fitting Panel board, Cable, Starter lightening Arrestor and Earthing work along with replacement of Transformer oil for strengthening of Urban Water supply Scheme at Jugsalai Clear Water Pumping Plant. Under D.W and S Mech Division jsr][DWSMD/JAMSHEDPUR/08/(2023-24) GROUP-B]","DWSD EinC||DWSD CE RANCHI||DWSD SE MECH Ranchi||DWSD EE Jamshedpur Mech","AOC","Supplying and Fitting Panel board, Cable, Starter lightening Arrestor and Earthing work along with replacement of Transformer oil for strengthening of Urban Water supply Scheme at Jugsalai Clear Water Pumping Plant. Under D.W and S Mech Division jsr","DWSMD/JAMSHEDPUR/08/(2023-24) GROUP-B","downloads\jharkhandtenders.gov.in\2024_DWSD_85643_1\stage_summary_2024_DWSD_85643_1.pdf"
"https://jharkhandtenders.gov.in","CABLE","AOC","157","2024_DWSD_85084_1","[Supplying of 01 No. Light Goods Carrier Motor Vehicle with all applicable POL including driver, TW Mistry, Labours for ordinary repair of Hand Pumps under DWS Div. Adityapur for the year 2024-25 for 03 Months GR No. ADP/RMDT/Boram-3][Adityapur/RMDT/12/2023-24 dt. 04.03.2024]","DWSD EinC||DWSD CE RANCHI||DWSD SE Jamshedpur||DWSD EE Adityapur","AOC","Supplying of 01 No. Light Goods Carrier Motor Vehicle with all applicable POL including driver, TW Mistry, Labours for ordinary repair of Hand Pumps under DWS Div. Adityapur for the year 2024-25 for 03 Months GR No. ADP/RMDT/Boram-3","Adityapur/RMDT/12/2023-24 dt. 04.03.2024","downloads\jharkhandtenders.gov.in\2024_DWSD_85084_1\stage_summary_2024_DWSD_85084_1.pdf"
"https://jharkhandtenders.gov.in","CABLE","AOC","158","2024_DWSD_85081_1","[Supplying of 01 No. Light Goods Carrier Motor Vehicle with all applicable POL including driver, TW Mistry, Labours for ordinary repair of Hand Pumps under DWS Div. Adityapur for the year 2024-25 for 03 Months GR No. ADP/RMDT/Patamda-2][Adityapur/RMDT/12/2023-24 dt. 04.03.2024]","DWSD EinC||DWSD CE RANCHI||DWSD SE Jamshedpur||DWSD EE Adityapur","AOC","Supplying of 01 No. Light Goods Carrier Motor Vehicle with all applicable POL including driver, TW Mistry, Labours for ordinary repair of Hand Pumps under DWS Div. Adityapur for the year 2024-25 for 03 Months GR No. ADP/RMDT/Patamda-2","Adityapur/RMDT/12/2023-24 dt. 04.03.2024","downloads\jharkhandtenders.gov.in\2024_DWSD_85081_1\stage_summary_2024_DWSD_85081_1.pdf"
"https://jharkhandtenders.gov.in","CABLE","AOC","159","2024_DWSD_85052_1","[Supplying of 01 No. Light Goods Carrier Motor Vehicle with all applicable POL including driver, TW Mistry, Labours for ordinary repair of Hand Pumps under DWS Div. Adityapur for the year 2024-25 for 03 Months GR No. ADP/RMDT/Potka-1][Adityapur/RMDT/12/2023-24 dt. 04.03.2024]","DWSD EinC||DWSD CE RANCHI||DWSD SE Jamshedpur||DWSD EE Adityapur","AOC","Supplying of 01 No. Light Goods Carrier Motor Vehicle with all applicable POL including driver, TW Mistry, Labours for ordinary repair of Hand Pumps under DWS Div. Adityapur for the year 2024-25 for 03 Months GR No. ADP/RMDT/Potka-1","Adityapur/RMDT/12/2023-24 dt. 04.03.2024","downloads\jharkhandtenders.gov.in\2024_DWSD_85052_1\stage_summary_2024_DWSD_85052_1.pdf"
"https://jharkhandtenders.gov.in","CABLE","AOC","160","2024_DWSD_81808_1","[Hiring of 1 no. Light Goods carrier Motor Vehicle like Mahindra Pick Up Van or equivalent with all applicable P.O.I. including Driver and etc in Gamhariya Block under Drinking Water and Sanitation Division, Seraikela for the Year 2023-24. Group-2][DWSD/SKL/RM to DT/27/2023-24 Date- 30-01-2024]","DWSD EinC||DWSD CE RANCHI||DWSD SE Chaibasa||DWSD EE Saraikela","AOC","Hiring of 1 no. Light Goods carrier Motor Vehicle like Mahindra Pick Up Van or equivalent with all applicable P.O.I. including Driver and etc in Gamhariya Block under Drinking Water and Sanitation Division, Seraikela for the Year 2023-24. Group-2","DWSD/SKL/RM to DT/27/2023-24 Date- 30-01-2024","downloads\jharkhandtenders.gov.in\2024_DWSD_81808_1\stage_summary_2024_DWSD_81808_1.pdf"
"https://jharkhandtenders.gov.in","CABLE","AOC","161","2024_DWSD_81586_9","[Hiring of 1 no. Light Goods carrier Motor Vehicle like Mahindra Pick Up Van or equivalent with all applicable P.O.I. including Driver and etc in Rajnagar Block under D W and S Division Seraikela for the Financial Year 2023-24 Group-9][DWSD/SKL/RM to DT/26/2023-24 Date- 20-01-2024]","DWSD EinC||DWSD CE RANCHI||DWSD SE Chaibasa||DWSD EE Saraikela","AOC","Hiring of 1 no. Light Goods carrier Motor Vehicle like Mahindra Pick Up Van or equivalent with all applicable P.O.I. including Driver and etc in Rajnagar Block under D W and S Division Seraikela for the Financial Year 2023-24 Group-9","DWSD/SKL/RM to DT/26/2023-24 Date- 20-01-2024","downloads\jharkhandtenders.gov.in\2024_DWSD_81586_9\stage_summary_2024_DWSD_81586_9.pdf"
"https://jharkhandtenders.gov.in","CABLE","AOC","162","2024_DWSD_81586_6","[Hiring of 1 no. Light Goods carrier Motor Vehicle like Mahindra Pick Up Van or equivalent with all applicable P.O.I. including Driver and etc in Ichagarh Block under D W and S Division Seraikela for the Financial Year 2023-24 Group-6][DWSD/SKL/RM to DT/26/2023-24 Date- 20-01-2024]","DWSD EinC||DWSD CE RANCHI||DWSD SE Chaibasa||DWSD EE Saraikela","AOC","Hiring of 1 no. Light Goods carrier Motor Vehicle like Mahindra Pick Up Van or equivalent with all applicable P.O.I. including Driver and etc in Ichagarh Block under D W and S Division Seraikela for the Financial Year 2023-24 Group-6","DWSD/SKL/RM to DT/26/2023-24 Date- 20-01-2024","downloads\jharkhandtenders.gov.in\2024_DWSD_81586_6\stage_summary_2024_DWSD_81586_6.pdf"
"https://jharkhandtenders.gov.in","CABLE","AOC","163","2024_DWSD_81586_5","[Hiring of 1 no. Light Goods carrier Motor Vehicle like Mahindra Pick Up Van or equivalent with all applicable P.O.I. including Driver and etc in Chandil Block under D W and S Division Seraikela for the Financial Year 2023-24 Group-5][DWSD/SKL/RM to DT/26/2023-24 Date- 20-01-2024]","DWSD EinC||DWSD CE RANCHI||DWSD SE Chaibasa||DWSD EE Saraikela","AOC","Hiring of 1 no. Light Goods carrier Motor Vehicle like Mahindra Pick Up Van or equivalent with all applicable P.O.I. including Driver and etc in Chandil Block under D W and S Division Seraikela for the Financial Year 2023-24 Group-5","DWSD/SKL/RM to DT/26/2023-24 Date- 20-01-2024","downloads\jharkhandtenders.gov.in\2024_DWSD_81586_5\stage_summary_2024_DWSD_81586_5.pdf"
"https://jharkhandtenders.gov.in","CABLE","AOC","164","2024_DWSD_81586_4","[Hiring of 1 no. Light Goods carrier Motor Vehicle like Mahindra Pick Up Van or equivalent with all applicable P.O.I. including Driver and etc in Kuchai Block under D W and S Division Seraikela for the Financial Year 2023-24 Group-4][DWSD/SKL/RM to DT/26/2023-24 Date- 20-01-2024]","DWSD EinC||DWSD CE RANCHI||DWSD SE Chaibasa||DWSD EE Saraikela","AOC","Hiring of 1 no. Light Goods carrier Motor Vehicle like Mahindra Pick Up Van or equivalent with all applicable P.O.I. including Driver and etc in Kuchai Block under D W and S Division Seraikela for the Financial Year 2023-24 Group-4","DWSD/SKL/RM to DT/26/2023-24 Date- 20-01-2024","downloads\jharkhandtenders.gov.in\2024_DWSD_81586_4\stage_summary_2024_DWSD_81586_4.pdf"
"https://jharkhandtenders.gov.in","CABLE","AOC","165","2024_DWSD_81586_3","[Hiring of 1 no. Light Goods carrier Motor Vehicle like Mahindra Pick Up Van or equivalent with all applicable P.O.I. etc in Kharsawan Block under D W and S Division, Seraikela for the Financial Year 2023-24 Group-3][DWSD/SKL/RM to DT/26/2023-24 Date- 20-01-2024]","DWSD EinC||DWSD CE RANCHI||DWSD SE Chaibasa||DWSD EE Saraikela","AOC","Hiring of 1 no. Light Goods carrier Motor Vehicle like Mahindra Pick Up Van or equivalent with all applicable P.O.I. etc in Kharsawan Block under D W and S Division, Seraikela for the Financial Year 2023-24 Group-3","DWSD/SKL/RM to DT/26/2023-24 Date- 20-01-2024","downloads\jharkhandtenders.gov.in\2024_DWSD_81586_3\stage_summary_2024_DWSD_81586_3.pdf"
"https://jharkhandtenders.gov.in","CABLE","AOC","166","2024_DWSD_81586_1","[Hiring of 1 no. Light Goods carrier Motor Vehicle like Mahindra Pick Up Van or equivalent with all applicable P.O.I. including Driver and etc in Saraikela Block under D W and S Division Seraikela for the Financial Year 2023-24][DWSD/SKL/RM to DT/26/2023-24 Date- 20-01-2024]","DWSD EinC||DWSD CE RANCHI||DWSD SE Chaibasa||DWSD EE Saraikela","AOC","Hiring of 1 no. Light Goods carrier Motor Vehicle like Mahindra Pick Up Van or equivalent with all applicable P.O.I. including Driver and etc in Saraikela Block under D W and S Division Seraikela for the Financial Year 2023-24","DWSD/SKL/RM to DT/26/2023-24 Date- 20-01-2024","downloads\jharkhandtenders.gov.in\2024_DWSD_81586_1\stage_summary_2024_DWSD_81586_1.pdf"
"https://jharkhandtenders.gov.in","CABLE","AOC","167","2024_DWSD_80149_1","[Supplying, fitting and laying 300mm2 HT Aluminium Cable and its terminal kits at Mango urban water supply scheme Under D.W and S Mech. Division, Jamshedpur ][DWSMD/JAMSHEDPUR/03(23-24)(2nd call)]","DWSD EinC||DWSD CE RANCHI||DWSD SE MECH Ranchi||DWSD EE Jamshedpur Mech","AOC","Supplying, fitting and laying 300mm2 HT Aluminium Cable and its terminal kits at Mango urban water supply scheme Under D.W and S Mech. Division, Jamshedpur","DWSMD/JAMSHEDPUR/03(23-24)(2nd call)","downloads\jharkhandtenders.gov.in\2024_DWSD_80149_1\stage_summary_2024_DWSD_80149_1.pdf"
"https://jharkhandtenders.gov.in","CABLE","AOC","168","2024_BCD_96449_1","[Special renovation of internal electrical wiring and replacement of main panel and service cable in Ashram Residential School at Bhelwara Sadar, Hazaribagh.][BCD/EE/HAZARIBAG/53/02/2024-25]","BCD EinC||BCD CE||BCD SE HAZARIBAGH||BCD EE, HAZARIBAG.","AOC","Special renovation of internal electrical wiring and replacement of main panel and service cable in Ashram Residential School at Bhelwara Sadar, Hazaribagh.","BCD/EE/HAZARIBAG/53/02/2024-25","downloads\jharkhandtenders.gov.in\2024_BCD_96449_1\stage_summary_2024_BCD_96449_1.pdf"
"https://jharkhandtenders.gov.in","CABLE","AOC","169","2023_JSEB_75964_1","[Repair of cable trench and provision for replacement of damaged cover slabs with new ones at 132 33 kV GSS Latehar][235/PR/JUSNL/2023-24]","JSEB||JSEB CE","AOC","Repair of cable trench and provision for replacement of damaged cover slabs with new ones at 132 33 kV GSS Latehar","235/PR/JUSNL/2023-24","downloads\jharkhandtenders.gov.in\2023_JSEB_75964_1\stage_summary_2023_JSEB_75964_1.pdf"
"https://jharkhandtenders.gov.in","CABLE","AOC","170","2023_ENRGY_79102_3","[Round the clock comprehensive annual maintenance and manning opertion of all E.I fans, U/G cables, cubical control panel etc and AMC of D.G set and Opertion of Lift at Raj Bhawan, Ranchi.][Energy/EWD/Ranchi/62/2023-24]","Energy CEE","AOC","Round the clock comprehensive annual maintenance and manning opertion of all E.I fans, U/G cables, cubical control panel etc and AMC of D.G set and Opertion of Lift at Raj Bhawan, Ranchi.","Energy/EWD/Ranchi/62/2023-24","downloads\jharkhandtenders.gov.in\2023_ENRGY_79102_3\stage_summary_2023_ENRGY_79102_3.pdf"
"https://jharkhandtenders.gov.in","CABLE","AOC","171","2023_ENRGY_79095_8","[Round the clock comprehensive maintenance and manning operation of all E.I Fans, Security lighting, under ground cable, L.T pannel etc at (1)Hon,ble Chief Justice Residence Kanke road, Ranchi. (2) Chief Secretary residence Kanke road, Ranchi][Energy/EWD/Ranchi/61/2023-24]","Energy CEE","AOC","Round the clock comprehensive maintenance and manning operation of all E.I Fans, Security lighting, under ground cable, L.T pannel etc at (1)Hon,ble Chief Justice Residence Kanke road, Ranchi. (2) Chief Secretary residence Kanke road, Ranchi","Energy/EWD/Ranchi/61/2023-24","downloads\jharkhandtenders.gov.in\2023_ENRGY_79095_8\stage_summary_2023_ENRGY_79095_8.pdf"
"https://jharkhandtenders.gov.in","CABLE","AOC","172","2023_ENRGY_79095_6","[Round the clock comprehensive annual maintenance and manning operation of all E.I fans, LED light, U/G cable, L.T panel etc at Itki Sanatorium Itki.][Energy/EWD/Ranchi/61/2023-24]","Energy CEE","AOC","Round the clock comprehensive annual maintenance and manning operation of all E.I fans, LED light, U/G cable, L.T panel etc at Itki Sanatorium Itki.","Energy/EWD/Ranchi/61/2023-24","downloads\jharkhandtenders.gov.in\2023_ENRGY_79095_6\stage_summary_2023_ENRGY_79095_6.pdf"
"https://jharkhandtenders.gov.in","CABLE","AOC","173","2023_ENRGY_79095_5","[Operation and comp. AMC of all E.I including fans, Metal halide, U/G cable, Panel, Generator (1 no 35 KVA, 1 no 125 KVA, 1 no 200 KVA and 1 No 250KVA) and 2 no Lift (G3) etc in Chief Secr., Nepal House and Raja Rani Kothi, Doranda, Ranchi.][Energy/EWD/Ranchi/61/2023-24]","Energy CEE","AOC","Operation and comp. AMC of all E.I including fans, Metal halide, U/G cable, Panel, Generator (1 no 35 KVA, 1 no 125 KVA, 1 no 200 KVA and 1 No 250KVA) and 2 no Lift (G3) etc in Chief Secr., Nepal House and Raja Rani Kothi, Doranda, Ranchi.","Energy/EWD/Ranchi/61/2023-24","downloads\jharkhandtenders.gov.in\2023_ENRGY_79095_5\stage_summary_2023_ENRGY_79095_5.pdf"
"https://jharkhandtenders.gov.in","CABLE","AOC","174","2023_ENRGY_79095_4","[Operation and Comp. AMC of all E.I including fan, LED Flood light, U/G cable, panel, Generator (2 no 250 KVA) and 4 nos Lift (G3) in Yojana Bhawan, Nepal House Campus, Doranda, Ranchi.][Energy/EWD/Ranchi/61/2023-24]","Energy CEE","AOC","Operation and Comp. AMC of all E.I including fan, LED Flood light, U/G cable, panel, Generator (2 no 250 KVA) and 4 nos Lift (G3) in Yojana Bhawan, Nepal House Campus, Doranda, Ranchi.","Energy/EWD/Ranchi/61/2023-24","downloads\jharkhandtenders.gov.in\2023_ENRGY_79095_4\stage_summary_2023_ENRGY_79095_4.pdf"
"https://jharkhandtenders.gov.in","CABLE","AOC","175","2023_ENRGY_79095_3","[Round the clock comp. AMC of all E.I fans, Security lights, Under ground cables, L.T panels incl. comp. light at C.M House and C.M Secr., kanke road, and C.M Sri Hemant Soren Resid., kanke road, Ranchi and AMC of 125 and 62.5 KVA DG. Sets.][Energy/EWD/Ranchi/61/2023-24]","Energy CEE","AOC","Round the clock comp. AMC of all E.I fans, Security lights, Under ground cables, L.T panels incl. comp. light at C.M House and C.M Secr., kanke road, and C.M Sri Hemant Soren Resid., kanke road, Ranchi and AMC of 125 and 62.5 KVA DG. Sets.","Energy/EWD/Ranchi/61/2023-24","downloads\jharkhandtenders.gov.in\2023_ENRGY_79095_3\stage_summary_2023_ENRGY_79095_3.pdf"
"https://jharkhandtenders.gov.in","CABLE","AOC","176","2023_ENRGY_79095_1","[Round the clock comprehensive Annual Maintenance of E.I fans, Gate/Garden light, Sodium vapour, U/G cable etc in 357 nos qtr of Vidhan Sabha Pool Quarters at HEC Dhurwa, Ranchi.][Energy/EWD/Ranchi/61/2023-24]","Energy CEE","AOC","Round the clock comprehensive Annual Maintenance of E.I fans, Gate/Garden light, Sodium vapour, U/G cable etc in 357 nos qtr of Vidhan Sabha Pool Quarters at HEC Dhurwa, Ranchi.","Energy/EWD/Ranchi/61/2023-24","downloads\jharkhandtenders.gov.in\2023_ENRGY_79095_1\stage_summary_2023_ENRGY_79095_1.pdf"
"https://jharkhandtenders.gov.in","CABLE","AOC","177","2023_ENRGY_78995_1","[Provision of S.I.T.C of 1 no 500 KVA Transformer with HT and L.T cable for newly constructed S.I.B office in the campus of Police Head Quarter at Dhurwa, Ranchi.][Energy/EWD/Ranchi/60/2023-24]","Energy CEE","AOC","Provision of S.I.T.C of 1 no 500 KVA Transformer with HT and L.T cable for newly constructed S.I.B office in the campus of Police Head Quarter at Dhurwa, Ranchi.","Energy/EWD/Ranchi/60/2023-24","downloads\jharkhandtenders.gov.in\2023_ENRGY_78995_1\stage_summary_2023_ENRGY_78995_1.pdf"
"https://jharkhandtenders.gov.in","CABLE","AOC","178","2023_ENRGY_78643_2","[Provision of High Mast light cable etc and Auxiliary light includgin miscellaneous electric work in the campus of Hocky Stadium, Morhabadi, Ranchi.][Energy/EWD/Ranchi/58/2023-24]","Energy CEE","AOC","Provision of High Mast light cable etc and Auxiliary light includgin miscellaneous electric work in the campus of Hocky Stadium, Morhabadi, Ranchi.","Energy/EWD/Ranchi/58/2023-24","downloads\jharkhandtenders.gov.in\2023_ENRGY_78643_2\stage_summary_2023_ENRGY_78643_2.pdf"
"https://jharkhandtenders.gov.in","CABLE","AOC","179","2022_JSEB_59320_1","[Repair of cable trench and provision for replacement of damaged cover slabs with new ones at 132 33 KV Grid SubStation Lohardaga][76/PR/JUSNL/2022-23]","JSEB||JSEB CE","AOC","Repair of cable trench and provision for replacement of damaged cover slabs with new ones at 132 33 KV Grid SubStation Lohardaga","76/PR/JUSNL/2022-23","downloads\jharkhandtenders.gov.in\2022_JSEB_59320_1\stage_summary_2022_JSEB_59320_1.pdf"
"https://jharkhandtenders.gov.in","CABLE","AOC","180","2021_JSEB_53606_2","[Rectification of OPGW cable(Communication link) between interconnected Grid Sub-Stations at 132/33kV GSS Jadugoda ,132/33 kV GSS Dhalbhumgarh and 220/132kV GSS Chandil-1 under transmission circle Jamshedpur for uninterrupted data communication ][210/PR/JUSNL/2021-22]","JSEB||JSEB CE","AOC","Rectification of OPGW cable(Communication link) between interconnected Grid Sub-Stations at 132/33kV GSS Jadugoda ,132/33 kV GSS Dhalbhumgarh and 220/132kV GSS Chandil-1 under transmission circle Jamshedpur for uninterrupted data communication","210/PR/JUSNL/2021-22","downloads\jharkhandtenders.gov.in\2021_JSEB_53606_2\stage_summary_2021_JSEB_53606_2.pdf"
"https://jharkhandtenders.gov.in","CABLE","AOC","181","2018_CECOM_33022_1","[Construction of Pedestrian Bridge (Cable Stayed) over Damodar River (250.00 Mtr.) and H.L. Cable Stayed Hanging Bridge over Bhairvi River (101.00 Mtr.) near Rajrappa Temple for the year 2018-19 under Road Construction Department,Road Division,Ramgarh][RCD/RAMGARH/EPC-1/2018-19]","RCD EinC||RCD CE Comm","AOC","Construction of Pedestrian Bridge (Cable Stayed) over Damodar River (250.00 Mtr.) and H.L. Cable Stayed Hanging Bridge over Bhairvi River (101.00 Mtr.) near Rajrappa Temple for the year 2018-19 under Road Construction Department,Road Division,Ramgarh","RCD/RAMGARH/EPC-1/2018-19","downloads\jharkhandtenders.gov.in\2018_CECOM_33022_1\stage_summary_2018_CECOM_33022_1.pdf"
"https://jharkhandtenders.gov.in","CABLE","AOC","182","2017_JSEB_27005_1","[Provision of Cable Trenches][210/PR/JBVNL/2017-18]","JSEB||JSEB CE","AOC","Provision of Cable Trenches","210/PR/JBVNL/2017-18","downloads\jharkhandtenders.gov.in\2017_JSEB_27005_1\stage_summary_2017_JSEB_27005_1.pdf"
"https://eproc.punjab.gov.in","WIRE","AOC","1","2026_WR_164266_1","[DISPOSAL OF M.S SCRAP, COPPER SCRAP, BRASS SCRAP, COPPER WIRE TINT SCRAP OF DISPOSAL STORE and DISPOSAL OF SURPLUS STORE ITEMS (LYING IN ELECTRICAL STORE, AUTO STORE, GENERAL STORE, HEM-1, HEM-2, HEM-3, HEM-4, HEM-5 Etc. LOT][02/RSD/DISPOSAL/2026]","Department of Water Resources||Department of Water Resources||RSDC - Purchase Store and Disposal-RSD Spk T/Ship","AOC","DISPOSAL OF M.S SCRAP, COPPER SCRAP, BRASS SCRAP, COPPER WIRE TINT SCRAP OF DISPOSAL STORE and DISPOSAL OF SURPLUS STORE ITEMS (LYING IN ELECTRICAL STORE, AUTO STORE, GENERAL STORE, HEM-1, HEM-2, HEM-3, HEM-4, HEM-5 Etc. LOT","02/RSD/DISPOSAL/2026","downloads\eproc.punjab.gov.in\2026_WR_164266_1\stage_summary_2026_WR_164266_1.pdf"
"https://eproc.punjab.gov.in","WIRE","AOC","2","2026_WR_159736_1","[Estimate for Providing and Fixing Barbed Wire, MS Flange, MS Reducer and MS Bend at Pump House of Samlah Pahadpur Lift Irrigation scheme at RD 28000/L of A.S.H.C in Changer Area of Shri Anandpur Sahib.][62/22A/2025-26]","Department of Water Resources||Department of Water Resources||Canal - Canal Div - Ropar","AOC","Estimate for Providing and Fixing Barbed Wire, MS Flange, MS Reducer and MS Bend at Pump House of Samlah Pahadpur Lift Irrigation scheme at RD 28000/L of A.S.H.C in Changer Area of Shri Anandpur Sahib.","62/22A/2025-26","downloads\eproc.punjab.gov.in\2026_WR_159736_1\stage_summary_2026_WR_159736_1.pdf"
"https://eproc.punjab.gov.in","WIRE","AOC","3","2026_WR_159067_1","[DRILLING DEVELOPMENT, CONSTRUCTION OF PUMP HOUSE D-TANK, FENCING WITH BARBED WIRE AND ENERGISATION OF 01 NO. TUBWELL AT VILLAGE BHAM (502) OF MAHILPUR BLOCK IN DISTRICT HOSHIARPUR (UNDER 502 NO. NEW DEEP TUBEWELL PROJECT)][NITNO.02/2026/BDC-2/PWRMDC/DT 28-01-2026]","Department of Water Resources||Punjab Water Resources Management and Development Corporation||DE - OPM Division - Hoshiarpur","AOC","DRILLING DEVELOPMENT, CONSTRUCTION OF PUMP HOUSE D-TANK, FENCING WITH BARBED WIRE AND ENERGISATION OF 01 NO. TUBWELL AT VILLAGE BHAM (502) OF MAHILPUR BLOCK IN DISTRICT HOSHIARPUR (UNDER 502 NO. NEW DEEP TUBEWELL PROJECT)","NITNO.02/2026/BDC-2/PWRMDC/DT 28-01-2026","downloads\eproc.punjab.gov.in\2026_WR_159067_1\stage_summary_2026_WR_159067_1.pdf"
"https://eproc.punjab.gov.in","WIRE","AOC","4","2026_WR_157148_1","[Estimate for G.I Barbed wire fencing on boundary of canal land in village Harbanspura (Distt. Fatehgarh Sahib)][55/25-26]","Department of Water Resources||Department of Water Resources||Canal - BML Div - Patiala","AOC","Estimate for G.I Barbed wire fencing on boundary of canal land in village Harbanspura (Distt. Fatehgarh Sahib)","55/25-26","downloads\eproc.punjab.gov.in\2026_WR_157148_1\stage_summary_2026_WR_157148_1.pdf"
"https://eproc.punjab.gov.in","WIRE","AOC","5","2026_DRDP_157549_1","[Construction of Volleyball Ground Wire mesh in Vill Sahoor Kalan Block Kalanour Distt Gurdaspur][PRD/GSP/2026/02]","Department of Rural Development and Panchayats||Panchayati Raj (Engineering Wing)||Division - Gurdaspur","AOC","Construction of Volleyball Ground Wire mesh in Vill Sahoor Kalan Block Kalanour Distt Gurdaspur","PRD/GSP/2026/02",""
"https://eproc.punjab.gov.in","WIRE","AOC","6","2026_DRDP_157544_1","[Construction of Volleyball Ground Wire mesh in Vill Khawaza Wardang Block Dera Baba Nanak Distt Gurdaspur][PRD/GSP/2026/02]","Department of Rural Development and Panchayats||Panchayati Raj (Engineering Wing)||Division - Gurdaspur","AOC","Construction of Volleyball Ground Wire mesh in Vill Khawaza Wardang Block Dera Baba Nanak Distt Gurdaspur","PRD/GSP/2026/02",""
"https://eproc.punjab.gov.in","WIRE","AOC","7","2026_DOA_166592_2","[Construction of Stone Masonry Water Recharging and Wire Crate Structure][DSWC/HSP/2025-2026/10]","Department of Agriculture||Soil and Water Conservation||DSCO - Hoshiarpur","AOC","Construction of Stone Masonry Water Recharging and Wire Crate Structure","DSWC/HSP/2025-2026/10",""
"https://eproc.punjab.gov.in","WIRE","AOC","8","2026_DOA_162548_1","[Construction of Stone Masonry water recharging cum silt detention structure in village Malewal and Crate wire structure in village Niggi][DSWC/SBS/2025-26/08]","Department of Agriculture||Soil and Water Conservation||DSCO - SBS Nagar","AOC","Construction of Stone Masonry water recharging cum silt detention structure in village Malewal and Crate wire structure in village Niggi","DSWC/SBS/2025-26/08",""
"https://eproc.punjab.gov.in","WIRE","AOC","9","2025_WR_155458_5","[Estimate To protect Dhussi Bandh by construction of wire crates ( Gabion) 1no Stud and Revetment in between Rd 146400 to RD 147000/3-L Bandh along River Sutlej ( Mattewara Complex)][10333/6A TENDER]","Department of Water Resources||Department of Water Resources||Drainage - Ludhiana Drg Div - Ludhiana","AOC","Estimate To protect Dhussi Bandh by construction of wire crates ( Gabion) 1no Stud and Revetment in between Rd 146400 to RD 147000/3-L Bandh along River Sutlej ( Mattewara Complex)","10333/6A TENDER",""
"https://eproc.punjab.gov.in","WIRE","AOC","10","2025_WR_155458_1","[Estimate To protect Dhussi Bandh by construction of wire crates Gabion 4 no Studs and Repair of A spurs at RD 204500, 205700 of 3L bandh along River Sutlej ( Jamalpur Laily Complex)][10333/6A TENDER]","Department of Water Resources||Department of Water Resources||Drainage - Ludhiana Drg Div - Ludhiana","AOC","Estimate To protect Dhussi Bandh by construction of wire crates Gabion 4 no Studs and Repair of A spurs at RD 204500, 205700 of 3L bandh along River Sutlej ( Jamalpur Laily Complex)","10333/6A TENDER",""
"https://etender.up.nic.in","CABLE","AOC","1","2026_UPIDM_1104312_1","[Providing and fixing on foundation and testing on full load of Transformer 630KVA with cable connection for incoming/outgoing including 33KV Cable jointing kit connection with Cable jointing kit Complete in all respect.][06/EE/2025-26]","U P Irrigation Department (Mechanical)||Chief Engineer (Tubewell Centre)||Supreintending Engineer (Tubewell) Bareilly||Executive Engineer (Tubewell)-II Bareilly","AOC","Providing and fixing on foundation and testing on full load of Transformer 630KVA with cable connection for incoming/outgoing including 33KV Cable jointing kit connection with Cable jointing kit Complete in all respect.","06/EE/2025-26","downloads\etender.up.nic.in\2026_UPIDM_1104312_1\stage_summary_2026_UPIDM_1104312_1.pdf"
"https://etender.up.nic.in","CABLE","AOC","2","2026_NNSAH_1120286_1","[Supply and operating of 63 KVA, three phase diesal generator set on rental basis including competent operator and also three phase connection with 35sqmm. Copper cable approximate length 10 mt. at the various location of Saharanpur urban area.][WW/771/BF/2025-26]","Saharanpur Municipal Corporation Saharanpur UP","AOC","Supply and operating of 63 KVA, three phase diesal generator set on rental basis including competent operator and also three phase connection with 35sqmm. Copper cable approximate length 10 mt. at the various location of Saharanpur urban area.","WW/771/BF/2025-26","downloads\etender.up.nic.in\2026_NNSAH_1120286_1\stage_summary_2026_NNSAH_1120286_1.pdf"
"https://etender.up.nic.in","CABLE","AOC","3","2026_DIPR_1121333_1","[Cable work for TV][68/IPRD/2025]","Information And Public Relation Department UP","AOC","Cable work for TV","68/IPRD/2025","downloads\etender.up.nic.in\2026_DIPR_1121333_1\stage_summary_2026_DIPR_1121333_1.pdf"
"https://etender.up.nic.in","CABLE","AOC","4","2025_YEIDA_1080922_3","[Construction of Ariel Bunch Cable L.T Network For Sec-32 YEA (WC-EM-02)][ YEA/OSD(M)/2025/1101 DT-03/10/2025 ]","Yamuna Expressway Industrial Development Authority","AOC","Construction of Ariel Bunch Cable L.T Network For Sec-32 YEA (WC-EM-02)","YEA/OSD(M)/2025/1101 DT-03/10/2025","downloads\etender.up.nic.in\2025_YEIDA_1080922_3\stage_summary_2025_YEIDA_1080922_3.pdf"
"https://etender.up.nic.in","CABLE","AOC","5","2025_YEIDA_1025133_8","[Construction of Arial Bunched Cable L.T. Network for Sector-29, YEA. WC E M-02][YEA/OSD(M)/2025/215 DT-02/04/2025 ]","Yamuna Expressway Industrial Development Authority","AOC","Construction of Arial Bunched Cable L.T. Network for Sector-29, YEA. WC E M-02","YEA/OSD(M)/2025/215 DT-02/04/2025","downloads\etender.up.nic.in\2025_YEIDA_1025133_8\stage_summary_2025_YEIDA_1025133_8.pdf"
"https://etender.up.nic.in","CABLE","AOC","6","2025_YEIDA_1025133_4","[Construction of Arial Bunched Cable L.T. Network for Sector-33, YEA. WC E M-02][YEA/OSD(M)/2025/215 DT-02/04/2025 ]","Yamuna Expressway Industrial Development Authority","AOC","Construction of Arial Bunched Cable L.T. Network for Sector-33, YEA. WC E M-02","YEA/OSD(M)/2025/215 DT-02/04/2025","downloads\etender.up.nic.in\2025_YEIDA_1025133_4\stage_summary_2025_YEIDA_1025133_4.pdf"
"https://etender.up.nic.in","CABLE","AOC","7","2025_YEIDA_1025133_3","[Construction of Arial Bunched Cable L.T. Network for Sector-28, YEA. WC E M-02][YEA/OSD(M)/2025/215 DT-02/04/2025 ]","Yamuna Expressway Industrial Development Authority","AOC","Construction of Arial Bunched Cable L.T. Network for Sector-28, YEA. WC E M-02","YEA/OSD(M)/2025/215 DT-02/04/2025","downloads\etender.up.nic.in\2025_YEIDA_1025133_3\stage_summary_2025_YEIDA_1025133_3.pdf"
"https://etender.up.nic.in","CABLE","AOC","8","2025_UPTCL_1043737_1","[Carriage of CVT Structure and Control Cable][ T-04/ETD (J)/2025-26. ]","UP Power Transmission Corp.Ltd (Operation)||Chief Engineer (TE) East Allahabad||S.E. ETC-II Varanasi||E.E. ETD-I Jaunpur","AOC","Carriage of CVT Structure and Control Cable","T-04/ETD (J)/2025-26.","downloads\etender.up.nic.in\2025_UPTCL_1043737_1\stage_summary_2025_UPTCL_1043737_1.pdf"
"https://etender.up.nic.in","CABLE","AOC","9","2025_UPTCL_1021571_1","[SAFE CARRIAGE OF 145 KV PI TI BI BBL BTI DISC INSULATORS And CONTROL CABLE ][T-08/ETD(J)/2024-25]","UP Power Transmission Corp.Ltd (Operation)||Chief Engineer (TE) East Allahabad||S.E. ETC-II Varanasi||E.E. ETD-I Jaunpur","AOC","SAFE CARRIAGE OF 145 KV PI TI BI BBL BTI DISC INSULATORS And CONTROL CABLE","T-08/ETD(J)/2024-25","downloads\etender.up.nic.in\2025_UPTCL_1021571_1\stage_summary_2025_UPTCL_1021571_1.pdf"
"https://etender.up.nic.in","CABLE","AOC","10","2025_UPPRC_1093626_1","[E-Auction of Unserviecable and condemmed Govt. Vehicle Placed in Central Store U.P.P.C.L. Karmer Road, Rajendra Nagar, Orai Distt. Jalaun][3/PM12/UPPCL/2025-26]","U.P. Projects Corporation Ltd.||U.P. Projects Corp. Ltd.(MD)||Zone-7 Lucknow||Unit-12 Orai","AOC","E-Auction of Unserviecable and condemmed Govt. Vehicle Placed in Central Store U.P.P.C.L. Karmer Road, Rajendra Nagar, Orai Distt. Jalaun","3/PM12/UPPCL/2025-26","downloads\etender.up.nic.in\2025_UPPRC_1093626_1\stage_summary_2025_UPPRC_1093626_1.pdf"
"https://etender.up.nic.in","CABLE","AOC","11","2025_UPPCL_1066514_1","[Supply and Fixing of 95 Sq.mm aluminium cable for 80TR chiller panel of AC plant in Shakti Bhawan Extension Lucknow][02/EANDM/SBE/2025-26]","Uttar Pradesh Power Corporation Ltd.||SE Civil HQ Shakti Bhawan Extension||EE Civil HQ Attached to CE Civil 2||SE Civil HQ||EE Maintenance Unit","AOC","Supply and Fixing of 95 Sq.mm aluminium cable for 80TR chiller panel of AC plant in Shakti Bhawan Extension Lucknow","02/EANDM/SBE/2025-26","downloads\etender.up.nic.in\2025_UPPCL_1066514_1\stage_summary_2025_UPPCL_1066514_1.pdf"
"https://etender.up.nic.in","CABLE","AOC","12","2025_UPPCL_1047898_2","[M and R of Submersible Motor Pump Cable Column Pipe Starter At PN Road Staff Hydel Colony Lucknow][15/ECCD-I/ 2025-26]","Uttar Pradesh Power Corporation Ltd.||SE Civil HQ Shakti Bhawan Extension||EE Civil HQ Attached to CE Civil 2||SE Civil HQ||EE ECCD Ist","AOC","M and R of Submersible Motor Pump Cable Column Pipe Starter At PN Road Staff Hydel Colony Lucknow","15/ECCD-I/ 2025-26","downloads\etender.up.nic.in\2025_UPPCL_1047898_2\stage_summary_2025_UPPCL_1047898_2.pdf"
"https://etender.up.nic.in","CABLE","AOC","13","2025_UPJNM_992101_1","[Supply and Fitting of New Timer Based LDB Panel, laying of 10mm2, 4C XLPE aluminum armoured cable at 80 MLD STP, Dinapur, Varanasi ][17/E-Tender/01 dated 07.01.2025]","U P Jal Nigam (HQ), Lucknow||Chief Engineer (Agra)||SE, CC (E-M), Agra||EE, 2nd Construction Division (E-M), Agra","AOC","Supply and Fitting of New Timer Based LDB Panel, laying of 10mm2, 4C XLPE aluminum armoured cable at 80 MLD STP, Dinapur, Varanasi","17/E-Tender/01 dated 07.01.2025","downloads\etender.up.nic.in\2025_UPJNM_992101_1\stage_summary_2025_UPJNM_992101_1.pdf"
"https://etender.up.nic.in","CABLE","AOC","14","2025_UPIDM_1100813_1","[NABARD Funded Modernization of Ch. Charan Singh Gola Pump Canal, Dist- Gorakhpur. Supply, Installation and proper laying of 3C X 240 mm2 11 KV HT XLPE cable at Gola Pump Canal, Gorakhpur.][1516/EE-LID GKP/13/12/2025]","U P Irrigation Department (Mechanical)||Chief Engineer (Tubewell East)||Superintending Engineer (Tubewell) Gorakhpur||Executive Engineer(LID) Gorakhpur","AOC","NABARD Funded Modernization of Ch. Charan Singh Gola Pump Canal, Dist- Gorakhpur. Supply, Installation and proper laying of 3C X 240 mm2 11 KV HT XLPE cable at Gola Pump Canal, Gorakhpur.","1516/EE-LID GKP/13/12/2025","downloads\etender.up.nic.in\2025_UPIDM_1100813_1\stage_summary_2025_UPIDM_1100813_1.pdf"
"https://etender.up.nic.in","CABLE","AOC","15","2025_UPIDM_1100809_1","[NABARD F M of Ch. Charan Singh GPC Dist-GKP Dismantling of 3.3 KV HT/LT Panel and switchyard including removal of old HT and LT Cable termination, removal of bus bar, removal of earthing strip with all existing accessories and shifting.][1515/EE-LID GKP/13/12/2025]","U P Irrigation Department (Mechanical)||Chief Engineer (Tubewell East)||Superintending Engineer (Tubewell) Gorakhpur||Executive Engineer(LID) Gorakhpur","AOC","NABARD F M of Ch. Charan Singh GPC Dist-GKP Dismantling of 3.3 KV HT/LT Panel and switchyard including removal of old HT and LT Cable termination, removal of bus bar, removal of earthing strip with all existing accessories and shifting.","1515/EE-LID GKP/13/12/2025","downloads\etender.up.nic.in\2025_UPIDM_1100809_1\stage_summary_2025_UPIDM_1100809_1.pdf"
"https://etender.up.nic.in","CABLE","AOC","16","2025_UPIDM_1087926_1","[NABARD FUNDED MODERNIZATION OFF CH. CHARAN SINGH GOLA PUMP CANAL GORAKHPUR. SUPPLY, INSTALLATION AND TESTING WITH PROPER LAYING OF 3Cx240 mm2 11 KV HT XLPE CABLE AT GOLA PUMMP CANAL, GORAKHPUR.][1255/EE-LID GKP/18/10/2025]","U P Irrigation Department (Mechanical)||Chief Engineer (Tubewell East)||Superintending Engineer (Tubewell) Gorakhpur||Executive Engineer(LID) Gorakhpur","AOC","NABARD FUNDED MODERNIZATION OFF CH. CHARAN SINGH GOLA PUMP CANAL GORAKHPUR. SUPPLY, INSTALLATION AND TESTING WITH PROPER LAYING OF 3Cx240 mm2 11 KV HT XLPE CABLE AT GOLA PUMMP CANAL, GORAKHPUR.","1255/EE-LID GKP/18/10/2025","downloads\etender.up.nic.in\2025_UPIDM_1087926_1\stage_summary_2025_UPIDM_1087926_1.pdf"
"https://etender.up.nic.in","CABLE","AOC","17","2025_UPIDM_1087923_1","[NABARD FUNDED MODERNIZATION OF CH. CHARAN SINGH DOHARIGHAT PUMP CANAL, MAU. SUPPLY AND LAYING OF 11 K.V. (UE) 300 MM2 H.T., XLPE, 3 CORE CABLE FORM TRANSFORMER TO INCOMMING PANEL AT DPC MAU.][1253/EE-LID GKP/18/10/2025 ]","U P Irrigation Department (Mechanical)||Chief Engineer (Tubewell East)||Superintending Engineer (Tubewell) Gorakhpur||Executive Engineer(LID) Gorakhpur","AOC","NABARD FUNDED MODERNIZATION OF CH. CHARAN SINGH DOHARIGHAT PUMP CANAL, MAU. SUPPLY AND LAYING OF 11 K.V. (UE) 300 MM2 H.T., XLPE, 3 CORE CABLE FORM TRANSFORMER TO INCOMMING PANEL AT DPC MAU.","1253/EE-LID GKP/18/10/2025","downloads\etender.up.nic.in\2025_UPIDM_1087923_1\stage_summary_2025_UPIDM_1087923_1.pdf"
"https://etender.up.nic.in","CABLE","AOC","18","2025_UPIDM_1078277_8","[Providing and Laying of 150 mm2 ISI marked single core PVC copper cable][05/EE/MLCD/2025-26]","U P Irrigation Department (Mechanical)||Chief Engineer (Tubewell Varanasi)||Superintending Engineer (Tubewell) Allahabad||Executive Engineer MLCD Allahabad","AOC","Providing and Laying of 150 mm2 ISI marked single core PVC copper cable","05/EE/MLCD/2025-26","downloads\etender.up.nic.in\2025_UPIDM_1078277_8\stage_summary_2025_UPIDM_1078277_8.pdf"
"https://etender.up.nic.in","CABLE","AOC","19","2025_UPIDM_1078277_7","[Providing and Laying of 120 mm2 ISI marked single core PVC copper cable ][05/EE/MLCD/2025-26]","U P Irrigation Department (Mechanical)||Chief Engineer (Tubewell Varanasi)||Superintending Engineer (Tubewell) Allahabad||Executive Engineer MLCD Allahabad","AOC","Providing and Laying of 120 mm2 ISI marked single core PVC copper cable","05/EE/MLCD/2025-26","downloads\etender.up.nic.in\2025_UPIDM_1078277_7\stage_summary_2025_UPIDM_1078277_7.pdf"
"https://etender.up.nic.in","CABLE","AOC","20","2025_UPIDM_1061556_1","[NABARD Funded Modernization of Ch. Charan Singh Gola Pump Canal, Dist- Gorakhpur. Providing and Fixing of 3C x 240 mm2 11 KV HT XLPE Cable at Gola pump canal, Gorakhpur.][882/EE-LID GKP/23/07/2025/26-27 ]","U P Irrigation Department (Mechanical)||Chief Engineer (Tubewell East)||Superintending Engineer (Tubewell) Gorakhpur||Executive Engineer(LID) Gorakhpur","AOC","NABARD Funded Modernization of Ch. Charan Singh Gola Pump Canal, Dist- Gorakhpur. Providing and Fixing of 3C x 240 mm2 11 KV HT XLPE Cable at Gola pump canal, Gorakhpur.","882/EE-LID GKP/23/07/2025/26-27","downloads\etender.up.nic.in\2025_UPIDM_1061556_1\stage_summary_2025_UPIDM_1061556_1.pdf"
"https://etender.up.nic.in","CABLE","AOC","21","2025_UPIDM_1061551_2","[NABARD Funded Modernization of Ch. Charan Singh Gola Pump Canal, Dist- Gorakhpur. Providing and Fixing of 4C x 300 mm2 alarm LT XLPE Cable at Gola pump canal, Gorakhpur.][881/EE-LID GKP/23/07/2025/26-27 ]","U P Irrigation Department (Mechanical)||Chief Engineer (Tubewell East)||Superintending Engineer (Tubewell) Gorakhpur||Executive Engineer(LID) Gorakhpur","AOC","NABARD Funded Modernization of Ch. Charan Singh Gola Pump Canal, Dist- Gorakhpur. Providing and Fixing of 4C x 300 mm2 alarm LT XLPE Cable at Gola pump canal, Gorakhpur.","881/EE-LID GKP/23/07/2025/26-27","downloads\etender.up.nic.in\2025_UPIDM_1061551_2\stage_summary_2025_UPIDM_1061551_2.pdf"
"https://etender.up.nic.in","CABLE","AOC","22","2025_UPIDM_1061542_1","[NABARD Funded Modernization of Ch. Charan Singh Gola Pump Canal, Dist- Gorakhpur. Providing and Fixing of 3C x 400 mm2 33KV HT XLPE Cable at Gola pump canal, Gorakhpur. ][880/EE-LID GKP/23/07/2025/26-27 ]","U P Irrigation Department (Mechanical)||Chief Engineer (Tubewell East)||Superintending Engineer (Tubewell) Gorakhpur||Executive Engineer(LID) Gorakhpur","AOC","NABARD Funded Modernization of Ch. Charan Singh Gola Pump Canal, Dist- Gorakhpur. Providing and Fixing of 3C x 400 mm2 33KV HT XLPE Cable at Gola pump canal, Gorakhpur.","880/EE-LID GKP/23/07/2025/26-27","downloads\etender.up.nic.in\2025_UPIDM_1061542_1\stage_summary_2025_UPIDM_1061542_1.pdf"
"https://etender.up.nic.in","CABLE","AOC","23","2025_UPIDM_1010452_1","[Providing, laying, Testing and Commissioning of ISI marked 3 core, 400 mm2 HT cable cross linked polyethylene (XLPE) insulated, PVC outer sheathed cable at Chaudhary Charan Singh Dalmau A Pump canal stage 1st Raebareli][SHORT TERM E-TENDER NOTICE No. 50 / E.E. /S.S.K.-6/2024-25]","U P Irrigation Department (Mechanical)||Chief Engineer (Tubewell Centre)||Superintending Engineer (Tubewell) Lucknow||Executive Engineer SSK - 6","AOC","Providing, laying, Testing and Commissioning of ISI marked 3 core, 400 mm2 HT cable cross linked polyethylene (XLPE) insulated, PVC outer sheathed cable at Chaudhary Charan Singh Dalmau A Pump canal stage 1st Raebareli","SHORT TERM E-TENDER NOTICE No. 50 / E.E. /S.S.K.-6/2024-25","downloads\etender.up.nic.in\2025_UPIDM_1010452_1\stage_summary_2025_UPIDM_1010452_1.pdf"
"https://etender.up.nic.in","CABLE","AOC","24","2025_UPIDM_1008732_1","[Dismantling of existing old HT cable 3 core, 400 mm2 and Supply and Erection of ISI marked 3 core, 400 mm2 HT cable cross linked polyethylene XLPE insulated, PVC outer sheathed cable, Galvanised steel strip armoured cables with aluminium conductor][01/EE/LIDPr/YPC/2024-25 Dt. 13/02/2025]","U P Irrigation Department (Mechanical)||Chief Engineer (Tubewell Varanasi)||Superintending Engineer (Tubewell) Allahabad||Executive Engineer LID Allahabad","AOC","Dismantling of existing old HT cable 3 core, 400 mm2 and Supply and Erection of ISI marked 3 core, 400 mm2 HT cable cross linked polyethylene XLPE insulated, PVC outer sheathed cable, Galvanised steel strip armoured cables with aluminium conductor","01/EE/LIDPr/YPC/2024-25 Dt. 13/02/2025","downloads\etender.up.nic.in\2025_UPIDM_1008732_1\stage_summary_2025_UPIDM_1008732_1.pdf"
"https://etender.up.nic.in","CABLE","AOC","25","2025_UPIDM_1004285_1","[Dismantling and shifting of Old Barge system and Equipments like Pump, Motor,Valve, Panel, Pipes, HT/LT Cables etc at Dalmau B Pump Canal under renovation project Daundiya kheda Distt. Unnao.][SHORT TERM E-TENDER NOTICE No. 48 / E.E. /S.S.K.-6/2024-25]","U P Irrigation Department (Mechanical)||Chief Engineer (Tubewell Centre)||Superintending Engineer (Tubewell) Lucknow||Executive Engineer SSK - 6","AOC","Dismantling and shifting of Old Barge system and Equipments like Pump, Motor,Valve, Panel, Pipes, HT/LT Cables etc at Dalmau B Pump Canal under renovation project Daundiya kheda Distt. Unnao.","SHORT TERM E-TENDER NOTICE No. 48 / E.E. /S.S.K.-6/2024-25","downloads\etender.up.nic.in\2025_UPIDM_1004285_1\stage_summary_2025_UPIDM_1004285_1.pdf"
"https://etender.up.nic.in","CABLE","AOC","26","2025_UPIDM_1001751_6","[Providing and Laying Aluminium Conductor P.V.C. Sheathed cable 1100 volts grouting with M.S. Clamps of 3.5x630 Sqm. size complete in all respects at Kothighat Pump canal including all cost of material As directed by Engineer in Charge .][09/EE/MLCD/VNS/2024-25]","U P Irrigation Department (Mechanical)||Chief Engineer (Tubewell Varanasi)||Superintending Engineer (Tubewell) Varanasi||Executive Engineer (MLCD) Varanasi","AOC","Providing and Laying Aluminium Conductor P.V.C. Sheathed cable 1100 volts grouting with M.S. Clamps of 3.5x630 Sqm. size complete in all respects at Kothighat Pump canal including all cost of material As directed by Engineer in Charge .","09/EE/MLCD/VNS/2024-25","downloads\etender.up.nic.in\2025_UPIDM_1001751_6\stage_summary_2025_UPIDM_1001751_6.pdf"
"https://etender.up.nic.in","CABLE","AOC","27","2025_UPIDM_1001751_5","[Providing and Laying Aluminium Conductor P.V.C. Sheathed cable 1100 volts grouting with M.S. Clamps of 3.5x630 Sqm. size complete in all respects at Balua Pump canal including all cost of material As directed by Engineer in Charge .][09/EE/MLCD/VNS/2024-25]","U P Irrigation Department (Mechanical)||Chief Engineer (Tubewell Varanasi)||Superintending Engineer (Tubewell) Varanasi||Executive Engineer (MLCD) Varanasi","AOC","Providing and Laying Aluminium Conductor P.V.C. Sheathed cable 1100 volts grouting with M.S. Clamps of 3.5x630 Sqm. size complete in all respects at Balua Pump canal including all cost of material As directed by Engineer in Charge .","09/EE/MLCD/VNS/2024-25","downloads\etender.up.nic.in\2025_UPIDM_1001751_5\stage_summary_2025_UPIDM_1001751_5.pdf"
"https://etender.up.nic.in","CABLE","AOC","28","2025_UPIDM_1001751_4","[Providing and Laying Aluminium Conductor P.V.C. Sheathed cable 1100 volts grouting with M.S. Clamps of 3.5x630 Sqm. size complete in all respects at Kundakala Pump canal including all cost of material As directed by Engineer in Charge .][09/EE/MLCD/VNS/2024-25]","U P Irrigation Department (Mechanical)||Chief Engineer (Tubewell Varanasi)||Superintending Engineer (Tubewell) Varanasi||Executive Engineer (MLCD) Varanasi","AOC","Providing and Laying Aluminium Conductor P.V.C. Sheathed cable 1100 volts grouting with M.S. Clamps of 3.5x630 Sqm. size complete in all respects at Kundakala Pump canal including all cost of material As directed by Engineer in Charge .","09/EE/MLCD/VNS/2024-25","downloads\etender.up.nic.in\2025_UPIDM_1001751_4\stage_summary_2025_UPIDM_1001751_4.pdf"
"https://etender.up.nic.in","CABLE","AOC","29","2025_UPIDM_1001751_3","[Providing and Laying Aluminium Conductor P.V.C. Sheathed cable 1100 volts grouting with M.S. Clamps of 3.5x630 Sqm. size complete in all respects at Reruwa Pump canal including all cost of material As directed by Engineer in Charge .][09/EE/MLCD/VNS/2024-25]","U P Irrigation Department (Mechanical)||Chief Engineer (Tubewell Varanasi)||Superintending Engineer (Tubewell) Varanasi||Executive Engineer (MLCD) Varanasi","AOC","Providing and Laying Aluminium Conductor P.V.C. Sheathed cable 1100 volts grouting with M.S. Clamps of 3.5x630 Sqm. size complete in all respects at Reruwa Pump canal including all cost of material As directed by Engineer in Charge .","09/EE/MLCD/VNS/2024-25","downloads\etender.up.nic.in\2025_UPIDM_1001751_3\stage_summary_2025_UPIDM_1001751_3.pdf"
"https://etender.up.nic.in","CABLE","AOC","30","2025_UPIDM_1001751_2","[Providing and Laying Aluminium Conductor P.V.C. Sheathed cable 1100 volts grouting with M.S. Clamps of 3.5x400 Sqm. size complete in all respects at Sogai Pump canal including all cost of material As directed by Engineer in Charge ][09/EE/MLCD/VNS/2024-25]","U P Irrigation Department (Mechanical)||Chief Engineer (Tubewell Varanasi)||Superintending Engineer (Tubewell) Varanasi||Executive Engineer (MLCD) Varanasi","AOC","Providing and Laying Aluminium Conductor P.V.C. Sheathed cable 1100 volts grouting with M.S. Clamps of 3.5x400 Sqm. size complete in all respects at Sogai Pump canal including all cost of material As directed by Engineer in Charge","09/EE/MLCD/VNS/2024-25","downloads\etender.up.nic.in\2025_UPIDM_1001751_2\stage_summary_2025_UPIDM_1001751_2.pdf"
"https://etender.up.nic.in","CABLE","AOC","31","2025_UPIDM_1001751_1","[Providing and Laying Aluminium Conductor P.V.C. Sheathed cable 1100 volts grouting with M.S. Clamps of 3.5x630 Sqm. size complete in all respects at Dhankuwari Pump canal including all cost of material As directed by Engineer in Charge ][09/EE/MLCD/VNS/2024-25]","U P Irrigation Department (Mechanical)||Chief Engineer (Tubewell Varanasi)||Superintending Engineer (Tubewell) Varanasi||Executive Engineer (MLCD) Varanasi","AOC","Providing and Laying Aluminium Conductor P.V.C. Sheathed cable 1100 volts grouting with M.S. Clamps of 3.5x630 Sqm. size complete in all respects at Dhankuwari Pump canal including all cost of material As directed by Engineer in Charge","09/EE/MLCD/VNS/2024-25","downloads\etender.up.nic.in\2025_UPIDM_1001751_1\stage_summary_2025_UPIDM_1001751_1.pdf"
"https://etender.up.nic.in","CABLE","AOC","32","2025_UPIDC_1055760_2","[Laying under ground cable at Pt. D.D.U. Irrigation and Cultural Museum and Park Raibareli Road Lucknow.][04/SE-XII/2025-26]","U P Irrigation Department (Civil)||Chief Engineer-Sharda Sahayak, Lucknow||XII Circle Irrigation Works, Lucknow","AOC","Laying under ground cable at Pt. D.D.U. Irrigation and Cultural Museum and Park Raibareli Road Lucknow.","04/SE-XII/2025-26","downloads\etender.up.nic.in\2025_UPIDC_1055760_2\stage_summary_2025_UPIDC_1055760_2.pdf"
"https://etender.up.nic.in","CABLE","AOC","33","2025_SSSPU_1068300_1","[Supply and installation of LT panel laying of cable and boring work of 3 HP 07 nos. between Police Chowki to SP Office in area of Gomti River Front Marine drive][02/pra(anu)/e-tender/2025-26]","Smarko Sangrahalyon Sansthaon Parkon Va Upwano Aadi Ki Prabandhan Suraksha Evam Anurakshan Samiti","AOC","Supply and installation of LT panel laying of cable and boring work of 3 HP 07 nos. between Police Chowki to SP Office in area of Gomti River Front Marine drive","02/pra(anu)/e-tender/2025-26","downloads\etender.up.nic.in\2025_SSSPU_1068300_1\stage_summary_2025_SSSPU_1068300_1.pdf"
"https://etender.up.nic.in","CABLE","AOC","34","2025_RVUNL_1085138_1","[Routine and Breakdown maintenance of Power and Control cable of 2x250MW Parichha.][N-PAR/C/OMC4/EMD2/6000009956]","UP Rajya Vidyut Utpadan Nigam Ltd||Parichha Thermal Power Project- UPRVUNL- Jhansi","AOC","Routine and Breakdown maintenance of Power and Control cable of 2x250MW Parichha.","N-PAR/C/OMC4/EMD2/6000009956","downloads\etender.up.nic.in\2025_RVUNL_1085138_1\stage_summary_2025_RVUNL_1085138_1.pdf"
"https://etender.up.nic.in","CABLE","AOC","35","2025_RVUNL_1071275_1","[Routine up keeping and electrical maintenance of LT power cables, cable galleries at zero meter 10-meter elevation with their racks at Boiler, Turbine and BOP area of 2x210 MW and Switchyard of 2x210 MW 2X110 MW BTPS PTPP, Parichha, Jhansi.][N-PAR/B/OMC4/EMD2/6000009539]","UP Rajya Vidyut Utpadan Nigam Ltd||Parichha Thermal Power Project- UPRVUNL- Jhansi","AOC","Routine up keeping and electrical maintenance of LT power cables, cable galleries at zero meter 10-meter elevation with their racks at Boiler, Turbine and BOP area of 2x210 MW and Switchyard of 2x210 MW 2X110 MW BTPS PTPP, Parichha, Jhansi.","N-PAR/B/OMC4/EMD2/6000009539","downloads\etender.up.nic.in\2025_RVUNL_1071275_1\stage_summary_2025_RVUNL_1071275_1.pdf"
"https://etender.up.nic.in","CABLE","AOC","36","2025_RVUNL_1027388_1","[Routine, BD maintenance,Laying of HT/LT power cables,Cleaning of cable trenches and cable tray][03/EMD-II/BTPS/2025-2027]","UP Rajya Vidyut Utpadan Nigam Ltd||Anpara Thermal Power Project- UPRVUNL- Sonebhadra","AOC","Routine, BD maintenance,Laying of HT/LT power cables,Cleaning of cable trenches and cable tray","03/EMD-II/BTPS/2025-2027","downloads\etender.up.nic.in\2025_RVUNL_1027388_1\stage_summary_2025_RVUNL_1027388_1.pdf"
"https://etender.up.nic.in","CABLE","AOC","37","2025_RVUNL_1021677_1","[Biennial rate contract for the Work of Routine Breakdown maintenance of 33 11 0.4 KV electrical OH Lines Underground Cables Operation and preventive maintenance of 11 KV switchgear panel of 33 11 KV Sub Station Preventive Breakdown maintenance of Dis][ET05 PTEP EMCC III EMCD VIII 2024 26]","UP Rajya Vidyut Utpadan Nigam Ltd||Panki Thermal Power Project, UPRVUNL, Kanpur","AOC","Biennial rate contract for the Work of Routine Breakdown maintenance of 33 11 0.4 KV electrical OH Lines Underground Cables Operation and preventive maintenance of 11 KV switchgear panel of 33 11 KV Sub Station Preventive Breakdown maintenance of Dis","ET05 PTEP EMCC III EMCD VIII 2024 26","downloads\etender.up.nic.in\2025_RVUNL_1021677_1\stage_summary_2025_RVUNL_1021677_1.pdf"
"https://etender.up.nic.in","CABLE","AOC","38","2025_PVVNV_1068780_1","[For the Construction of 11/0.4 kV LT Substation, Capacity Enhancement of DTs, Laying of11 kV Spare cable Under BP 2025-26 EUDD Mohaddipur, Gorakhpur][39/EUDC(G)/2025-26]","Purvanchal Vidyut Vitran Nigam Limited Varanasi||Chief Engineer (D) PuVVNL Gorakhpur","AOC","For the Construction of 11/0.4 kV LT Substation, Capacity Enhancement of DTs, Laying of11 kV Spare cable Under BP 2025-26 EUDD Mohaddipur, Gorakhpur","39/EUDC(G)/2025-26","downloads\etender.up.nic.in\2025_PVVNV_1068780_1\stage_summary_2025_PVVNV_1068780_1.pdf"
"https://etender.up.nic.in","CABLE","AOC","39","2025_PVVNV_1068773_1","[For the Work of Laying of 11kV Cable Under BP 2025-26 EUDD Sri Gorakhnath, Gorakhpur][38/EUDC(G)/2025-26]","Purvanchal Vidyut Vitran Nigam Limited Varanasi||Chief Engineer (D) PuVVNL Gorakhpur","AOC","For the Work of Laying of 11kV Cable Under BP 2025-26 EUDD Sri Gorakhnath, Gorakhpur","38/EUDC(G)/2025-26","downloads\etender.up.nic.in\2025_PVVNV_1068773_1\stage_summary_2025_PVVNV_1068773_1.pdf"
"https://etender.up.nic.in","CABLE","AOC","40","2025_PVVNV_1068766_1","[For the Construction of 11/0.4 kV LT Substation, Capacity Enhancement of DTs, Laying of 11 kV Spare cable and VCB Installation Under BP 2025-26 EUDD Sri Gorakhnath Gorakhpur][37/EUDC(G)/2025-26]","Purvanchal Vidyut Vitran Nigam Limited Varanasi||Chief Engineer (D) PuVVNL Gorakhpur","AOC","For the Construction of 11/0.4 kV LT Substation, Capacity Enhancement of DTs, Laying of 11 kV Spare cable and VCB Installation Under BP 2025-26 EUDD Sri Gorakhnath Gorakhpur","37/EUDC(G)/2025-26","downloads\etender.up.nic.in\2025_PVVNV_1068766_1\stage_summary_2025_PVVNV_1068766_1.pdf"
"https://etender.up.nic.in","CABLE","AOC","41","2025_PVVNV_1068742_1","[For the Construction of 11/0.4 kV LT Substation, Capacity Enhancement of DTs, Laying of11 kV Spare cable and LT Line Construction Under BP 2025-26 EUDD Townhall Gorakhpur][35/EUDC(G)/2025-26]","Purvanchal Vidyut Vitran Nigam Limited Varanasi||Chief Engineer (D) PuVVNL Gorakhpur","AOC","For the Construction of 11/0.4 kV LT Substation, Capacity Enhancement of DTs, Laying of11 kV Spare cable and LT Line Construction Under BP 2025-26 EUDD Townhall Gorakhpur","35/EUDC(G)/2025-26","downloads\etender.up.nic.in\2025_PVVNV_1068742_1\stage_summary_2025_PVVNV_1068742_1.pdf"
"https://etender.up.nic.in","CABLE","AOC","42","2025_DOLBU_1040892_86","[Construction work of RCC drain from Shri Shyam Cable Company to Shri Sai Property in Mohan Nagar Zone.][073/Nirman/2025-26 Date 17.05.2025]","Directorate of Local Bodies UP||Ghaziabad Municipal Corporation","AOC","Construction work of RCC drain from Shri Shyam Cable Company to Shri Sai Property in Mohan Nagar Zone.","073/Nirman/2025-26 Date 17.05.2025","downloads\etender.up.nic.in\2025_DOLBU_1040892_86\stage_summary_2025_DOLBU_1040892_86.pdf"
"https://etender.up.nic.in","CABLE","AOC","43","2025_CEMRT_1014915_1","[Restoration work on the damaged part of the road due to laying of electric cables on Wazirabad Link Road][782/4A date 07.03.2025]","Cheif Engineer Meerut Zone PWD Meerut||SE BULAND SHAHAR PWD BULANDSHAHAR||EE CONSTRUCTION DIVISION-2 PWD GAZIABAD","AOC","Restoration work on the damaged part of the road due to laying of electric cables on Wazirabad Link Road","782/4A date 07.03.2025","downloads\etender.up.nic.in\2025_CEMRT_1014915_1\stage_summary_2025_CEMRT_1014915_1.pdf"
"https://etender.up.nic.in","CABLE","AOC","44","2024_UPPCL_977767_1","[SUPPLY AND LAYING OF ALUMINIUM POWER CABLE FROM TRANSFORMER TO LT PANEL IN VIDHYUT SEVA AYOG BHAWAN GOMTI NAGAR LUCKNOW][21/MU/SBE/LKO/2024-25]","Uttar Pradesh Power Corporation Ltd.||SE Civil HQ Shakti Bhawan Extension||EE Civil HQ Attached to CE Civil 2||SE Civil HQ||EE Maintenance Unit","AOC","SUPPLY AND LAYING OF ALUMINIUM POWER CABLE FROM TRANSFORMER TO LT PANEL IN VIDHYUT SEVA AYOG BHAWAN GOMTI NAGAR LUCKNOW","21/MU/SBE/LKO/2024-25","downloads\etender.up.nic.in\2024_UPPCL_977767_1\stage_summary_2024_UPPCL_977767_1.pdf"
"https://etender.up.nic.in","CABLE","AOC","45","2024_UPPCL_957943_2","[REMOVING OF AC DUCT AND OLD DAMAGED AND USELESS ELECTRICAL TELEPHONE KTS NETWORKING CABLES WIRES AND RE-ARRANGING OF USEFUL CABLES WIRE NEW AND RELATED WORKS AT SOUTH WING LOBBY AND VISITOR ROOM OF 7TH FLOOR SHAKTI BHAWAN HQ BUILDING LUCKNOW][16/MU/SBE/LKO/2024-25 ]","Uttar Pradesh Power Corporation Ltd.||SE Civil HQ Shakti Bhawan Extension||EE Civil HQ Attached to CE Civil 2||SE Civil HQ||EE Maintenance Unit","AOC","REMOVING OF AC DUCT AND OLD DAMAGED AND USELESS ELECTRICAL TELEPHONE KTS NETWORKING CABLES WIRES AND RE-ARRANGING OF USEFUL CABLES WIRE NEW AND RELATED WORKS AT SOUTH WING LOBBY AND VISITOR ROOM OF 7TH FLOOR SHAKTI BHAWAN HQ BUILDING LUCKNOW","16/MU/SBE/LKO/2024-25","downloads\etender.up.nic.in\2024_UPPCL_957943_2\stage_summary_2024_UPPCL_957943_2.pdf"
"https://etender.up.nic.in","CABLE","AOC","46","2024_UPPCL_950655_1","[M and R of 10 HP Submersible Pump Column Pipe Cable Control Panel at 17 Clyed Road Hydel Officers Colony Lucknow][21/ ECCD-I /2024-25]","Uttar Pradesh Power Corporation Ltd.||SE Civil HQ Shakti Bhawan Extension||EE Civil HQ Attached to CE Civil 2||SE Civil HQ||EE ECCD Ist","AOC","M and R of 10 HP Submersible Pump Column Pipe Cable Control Panel at 17 Clyed Road Hydel Officers Colony Lucknow","21/ ECCD-I /2024-25","downloads\etender.up.nic.in\2024_UPPCL_950655_1\stage_summary_2024_UPPCL_950655_1.pdf"
"https://etender.up.nic.in","CABLE","AOC","47","2024_UPPCL_948262_1","[Removing of AC Duct and old damaged and useless Electrical Telphone KTS Networking cables wires and Rearranging of useful cables wires New and related works at North Wing Lobby 7th floor Shakti Bhawan HQ Building Lucknow ][13/MU/SBE/LKO/2024-25 ]","Uttar Pradesh Power Corporation Ltd.||SE Civil HQ Shakti Bhawan Extension||EE Civil HQ Attached to CE Civil 2||SE Civil HQ||EE Maintenance Unit","AOC","Removing of AC Duct and old damaged and useless Electrical Telphone KTS Networking cables wires and Rearranging of useful cables wires New and related works at North Wing Lobby 7th floor Shakti Bhawan HQ Building Lucknow","13/MU/SBE/LKO/2024-25","downloads\etender.up.nic.in\2024_UPPCL_948262_1\stage_summary_2024_UPPCL_948262_1.pdf"
"https://etender.up.nic.in","CABLE","AOC","48","2024_UPPCL_942406_1","[Suppy and Laying of 240 Sqmm Cable From Transformer to A P F C Panel in Shakti Bhawan Extension Lucknow][12/MU/SBE/LKO/2024-25 ]","Uttar Pradesh Power Corporation Ltd.||SE Civil HQ Shakti Bhawan Extension||EE Civil HQ Attached to CE Civil 2||SE Civil HQ||EE Maintenance Unit","AOC","Suppy and Laying of 240 Sqmm Cable From Transformer to A P F C Panel in Shakti Bhawan Extension Lucknow","12/MU/SBE/LKO/2024-25","downloads\etender.up.nic.in\2024_UPPCL_942406_1\stage_summary_2024_UPPCL_942406_1.pdf"
"https://etender.up.nic.in","CABLE","AOC","49","2024_UPPCL_912681_1","[Supply and Laying of 400 sqmm Cable for Rising Main 01 in Shakti Bhawan Extension Building Lucknow][38/MU/SBE/LKO/2023-24]","Uttar Pradesh Power Corporation Ltd.||SE Civil HQ Shakti Bhawan Extension||EE Civil HQ Attached to CE Civil 2||SE Civil HQ||EE Maintenance Unit","AOC","Supply and Laying of 400 sqmm Cable for Rising Main 01 in Shakti Bhawan Extension Building Lucknow","38/MU/SBE/LKO/2023-24","downloads\etender.up.nic.in\2024_UPPCL_912681_1\stage_summary_2024_UPPCL_912681_1.pdf"
"https://etender.up.nic.in","CABLE","AOC","50","2024_UPJNM_896246_1","[Supply of Submersible Pump motor set including cable and all other associated E/M equipments at Divisional Store under Maha Kumbh 2024-25. (Package-1)][55/ NIDIDA / 01 DATED 08-02-2024]","U P Jal Nigam (HQ), Lucknow||Chief Engineer (Allahabad)||SE, Yantrik Circle, Allahabad||PM, Ganga Pollution Control Unit (II) E-M, Alld","AOC","Supply of Submersible Pump motor set including cable and all other associated E/M equipments at Divisional Store under Maha Kumbh 2024-25. (Package-1)","55/ NIDIDA / 01 DATED 08-02-2024","downloads\etender.up.nic.in\2024_UPJNM_896246_1\stage_summary_2024_UPJNM_896246_1.pdf"
"https://etender.up.nic.in","CABLE","AOC","51","2024_UPIDM_963395_1","[Design, fabrication, replacement, cable connection, commissioningand testingof Air Circuit Breaker type L.T. Panel (Two no. Incoming, Two no. Outgoing and One no. Bus coupler) for the protection of all L.T. equipments][08/EE/SMCD/VNS/2024-25]","U P Irrigation Department (Mechanical)||Chief Engineer (Tubewell Varanasi)||Superintending Engineer (L S M) Varanasi||Executive Engineer(S Y N Khand) Varanasi","AOC","Design, fabrication, replacement, cable connection, commissioningand testingof Air Circuit Breaker type L.T. Panel (Two no. Incoming, Two no. Outgoing and One no. Bus coupler) for the protection of all L.T. equipments","08/EE/SMCD/VNS/2024-25","downloads\etender.up.nic.in\2024_UPIDM_963395_1\stage_summary_2024_UPIDM_963395_1.pdf"
"https://etender.up.nic.in","CABLE","AOC","52","2024_UPIDM_958032_1","[Design, fabrication, replacement, cable connection, commissioning and testing of two no. 415 Volt, L.T. Starter Panel (Star Delta type L.T Panel) Connected with Incoming line no. 2 for 250 H.P. L.T. Motors under Rennovation of DPC Phase 2 (MPC)][04/EE/SMCD/VNS/2024-25]","U P Irrigation Department (Mechanical)||Chief Engineer (Tubewell Varanasi)||Superintending Engineer (L S M) Varanasi||Executive Engineer(S Y N Khand) Varanasi","AOC","Design, fabrication, replacement, cable connection, commissioning and testing of two no. 415 Volt, L.T. Starter Panel (Star Delta type L.T Panel) Connected with Incoming line no. 2 for 250 H.P. L.T. Motors under Rennovation of DPC Phase 2 (MPC)","04/EE/SMCD/VNS/2024-25","downloads\etender.up.nic.in\2024_UPIDM_958032_1\stage_summary_2024_UPIDM_958032_1.pdf"
"https://etender.up.nic.in","CABLE","AOC","53","2024_UPIDM_955430_1","[Design, Fabrication, Replacement, Cable Connection, Commissioning and Testing of two no. 415 Volt, L.T. Starter Panel (Star Delta type L.T Panel) Connected with Incoming line no. 1 for 250 H.P. L.T. Motors at Devkali Pump Canal, Saidpur, Ghazipur][03/EE/SMCD/VNS/2024-25]","U P Irrigation Department (Mechanical)||Chief Engineer (Tubewell Varanasi)||Superintending Engineer (L S M) Varanasi||Executive Engineer(S Y N Khand) Varanasi","AOC","Design, Fabrication, Replacement, Cable Connection, Commissioning and Testing of two no. 415 Volt, L.T. Starter Panel (Star Delta type L.T Panel) Connected with Incoming line no. 1 for 250 H.P. L.T. Motors at Devkali Pump Canal, Saidpur, Ghazipur","03/EE/SMCD/VNS/2024-25","downloads\etender.up.nic.in\2024_UPIDM_955430_1\stage_summary_2024_UPIDM_955430_1.pdf"
"https://etender.up.nic.in","CABLE","AOC","54","2024_UPIDM_942807_1","[ e-TENDER NOTICE NO. 07/EE/LICD,VNS/PVC CABLE/GPC/2024-25][e-TENDER NOTICE NO. 07/EE/LICD,VNS/PVC CABLE/GPC/2024-25]","U P Irrigation Department (Mechanical)||Chief Engineer (Tubewell Varanasi)||Superintending Engineer (L S M) Varanasi||Executive Engineer(L S N Khand) Varanasi","AOC","e-TENDER NOTICE NO. 07/EE/LICD,VNS/PVC CABLE/GPC/2024-25","e-TENDER NOTICE NO. 07/EE/LICD,VNS/PVC CABLE/GPC/2024-25","downloads\etender.up.nic.in\2024_UPIDM_942807_1\stage_summary_2024_UPIDM_942807_1.pdf"
"https://etender.up.nic.in","CABLE","AOC","55","2024_UPIDM_907671_3","[SUPPLY AND LAYING OF LT CABLE][26/EE/LID/AYO/23-24]","U P Irrigation Department (Mechanical)||Chief Engineer (Tubewell East)||Superintending Engineer (Tubewell) Faizabad||Executive Engineer(LID) Faizabad","AOC","SUPPLY AND LAYING OF LT CABLE","26/EE/LID/AYO/23-24","downloads\etender.up.nic.in\2024_UPIDM_907671_3\stage_summary_2024_UPIDM_907671_3.pdf"
"https://etender.up.nic.in","CABLE","AOC","56","2024_UPIDM_907671_2","[SUPPLY AND LAYING OF LT CABLE][26/EE/LID/AYO/23-24]","U P Irrigation Department (Mechanical)||Chief Engineer (Tubewell East)||Superintending Engineer (Tubewell) Faizabad||Executive Engineer(LID) Faizabad","AOC","SUPPLY AND LAYING OF LT CABLE","26/EE/LID/AYO/23-24","downloads\etender.up.nic.in\2024_UPIDM_907671_2\stage_summary_2024_UPIDM_907671_2.pdf"
"https://etender.up.nic.in","CABLE","AOC","57","2024_UPIDM_907671_1","[SUPPLY AND LAYING OF LT CABLE][26/EE/LID/AYO/23-24]","U P Irrigation Department (Mechanical)||Chief Engineer (Tubewell East)||Superintending Engineer (Tubewell) Faizabad||Executive Engineer(LID) Faizabad","AOC","SUPPLY AND LAYING OF LT CABLE","26/EE/LID/AYO/23-24","downloads\etender.up.nic.in\2024_UPIDM_907671_1\stage_summary_2024_UPIDM_907671_1.pdf"
"https://etender.up.nic.in","CABLE","AOC","58","2024_UPIDM_905414_2","[SUPPLY AND LAYING OF LT/HT CABLE][24/EE/LID/AYO23-24]","U P Irrigation Department (Mechanical)||Chief Engineer (Tubewell East)||Superintending Engineer (Tubewell) Faizabad||Executive Engineer(LID) Faizabad","AOC","SUPPLY AND LAYING OF LT/HT CABLE","24/EE/LID/AYO23-24","downloads\etender.up.nic.in\2024_UPIDM_905414_2\stage_summary_2024_UPIDM_905414_2.pdf"
"https://etender.up.nic.in","CABLE","AOC","59","2024_UPIDM_905414_1","[SUPPLY AND LAYING OF HT/LT CABLE][24/EE/LID/AYO23-24]","U P Irrigation Department (Mechanical)||Chief Engineer (Tubewell East)||Superintending Engineer (Tubewell) Faizabad||Executive Engineer(LID) Faizabad","AOC","SUPPLY AND LAYING OF HT/LT CABLE","24/EE/LID/AYO23-24","downloads\etender.up.nic.in\2024_UPIDM_905414_1\stage_summary_2024_UPIDM_905414_1.pdf"
"https://etender.up.nic.in","CABLE","AOC","60","2024_UPIDM_904297_2","[SUPPLY AND LAYING OF HT CABLE][02/SE/LID AYO/23-24]","U P Irrigation Department (Mechanical)||Chief Engineer (Tubewell East)||Superintending Engineer (Tubewell) Faizabad","AOC","SUPPLY AND LAYING OF HT CABLE","02/SE/LID AYO/23-24","downloads\etender.up.nic.in\2024_UPIDM_904297_2\stage_summary_2024_UPIDM_904297_2.pdf"
"https://etender.up.nic.in","CABLE","AOC","61","2024_UPIDM_902467_1","[SUPPLY AND LAYING OF HT CABLE][21/EE/LID/AYO/23-24]","U P Irrigation Department (Mechanical)||Chief Engineer (Tubewell East)||Superintending Engineer (Tubewell) Faizabad||Executive Engineer(LID) Faizabad","AOC","SUPPLY AND LAYING OF HT CABLE","21/EE/LID/AYO/23-24","downloads\etender.up.nic.in\2024_UPIDM_902467_1\stage_summary_2024_UPIDM_902467_1.pdf"
"https://etender.up.nic.in","CABLE","AOC","62","2024_UPIDM_889179_1","[Supply and installation with Testing and Commissioning of ISI marked 3 core 185 mm2 HT cable][Short Term Tender Notice No.04/ E.E. /S.S.K.-6/2023-24]","U P Irrigation Department (Mechanical)||Chief Engineer (Tubewell Centre)||Superintending Engineer (Tubewell) Lucknow||Executive Engineer SSK - 6","AOC","Supply and installation with Testing and Commissioning of ISI marked 3 core 185 mm2 HT cable","Short Term Tender Notice No.04/ E.E. /S.S.K.-6/2023-24","downloads\etender.up.nic.in\2024_UPIDM_889179_1\stage_summary_2024_UPIDM_889179_1.pdf"
"https://etender.up.nic.in","CABLE","AOC","63","2024_UPIDM_889123_1","[Supply and installation with Testing and Commissioning of ISI marked 3 core 400 mm2 HT cable XLPE 11 kv][Short Term Tender Notice No.03/ E.E. /S.S.K.-6/2023-24]","U P Irrigation Department (Mechanical)||Chief Engineer (Tubewell Centre)||Superintending Engineer (Tubewell) Lucknow||Executive Engineer SSK - 6","AOC","Supply and installation with Testing and Commissioning of ISI marked 3 core 400 mm2 HT cable XLPE 11 kv","Short Term Tender Notice No.03/ E.E. /S.S.K.-6/2023-24","downloads\etender.up.nic.in\2024_UPIDM_889123_1\stage_summary_2024_UPIDM_889123_1.pdf"
"https://etender.up.nic.in","CABLE","AOC","64","2024_UPIDM_879800_9","[Providing and Laying of 3.5 core x 400mm2 circular armoured ISI marked LT cable][08/EE/MLCD/PRG/2023-24]","U P Irrigation Department (Mechanical)||Chief Engineer (Tubewell Varanasi)||Superintending Engineer (Tubewell) Allahabad||Executive Engineer MLCD Allahabad","AOC","Providing and Laying of 3.5 core x 400mm2 circular armoured ISI marked LT cable","08/EE/MLCD/PRG/2023-24","downloads\etender.up.nic.in\2024_UPIDM_879800_9\stage_summary_2024_UPIDM_879800_9.pdf"
"https://etender.up.nic.in","CABLE","AOC","65","2024_UPIDM_879800_12","[Providing and Laying of 3.5 core x 240mm2 circular armoured ISI marked LT cable][08/EE/MLCD/PRG/2023-24]","U P Irrigation Department (Mechanical)||Chief Engineer (Tubewell Varanasi)||Superintending Engineer (Tubewell) Allahabad||Executive Engineer MLCD Allahabad","AOC","Providing and Laying of 3.5 core x 240mm2 circular armoured ISI marked LT cable","08/EE/MLCD/PRG/2023-24","downloads\etender.up.nic.in\2024_UPIDM_879800_12\stage_summary_2024_UPIDM_879800_12.pdf"
"https://etender.up.nic.in","CABLE","AOC","66","2024_UPIDM_877595_1","[Supply, erection and dismantling of ISI marked 3 core, 400 mmsq HT cable at Yamuna Pump Canal Stage-I.][18/EE/LIDPr./YPC/2023-24/DATED 28.12.2023]","U P Irrigation Department (Mechanical)||Chief Engineer (Tubewell Varanasi)||Superintending Engineer (Tubewell) Allahabad||Executive Engineer LID Allahabad","AOC","Supply, erection and dismantling of ISI marked 3 core, 400 mmsq HT cable at Yamuna Pump Canal Stage-I.","18/EE/LIDPr./YPC/2023-24/DATED 28.12.2023","downloads\etender.up.nic.in\2024_UPIDM_877595_1\stage_summary_2024_UPIDM_877595_1.pdf"
"https://etender.up.nic.in","CABLE","AOC","67","2024_UPIDM_877592_1","[Supply, erection and dismantling of ISI marked 3 core, 240 mmsq. HT cable at Yamuna Pump Canal Stage-II.][17/EE/LIDPr/YPC/2023-24/DATED 28.12.2023]","U P Irrigation Department (Mechanical)||Chief Engineer (Tubewell Varanasi)||Superintending Engineer (Tubewell) Allahabad||Executive Engineer LID Allahabad","AOC","Supply, erection and dismantling of ISI marked 3 core, 240 mmsq. HT cable at Yamuna Pump Canal Stage-II.","17/EE/LIDPr/YPC/2023-24/DATED 28.12.2023","downloads\etender.up.nic.in\2024_UPIDM_877592_1\stage_summary_2024_UPIDM_877592_1.pdf"
"https://etender.up.nic.in","CABLE","AOC","68","2024_UPIDM_877587_1","[Supply, erection and dismantling of ISI marked 3 core, 240 mmsq. HT cable at Yamuna Pump Canal Stage-I.][17/EE/LIDPr/2023-24/DATED 28.12.2023]","U P Irrigation Department (Mechanical)||Chief Engineer (Tubewell Varanasi)||Superintending Engineer (Tubewell) Allahabad||Executive Engineer LID Allahabad","AOC","Supply, erection and dismantling of ISI marked 3 core, 240 mmsq. HT cable at Yamuna Pump Canal Stage-I.","17/EE/LIDPr/2023-24/DATED 28.12.2023","downloads\etender.up.nic.in\2024_UPIDM_877587_1\stage_summary_2024_UPIDM_877587_1.pdf"
"https://etender.up.nic.in","CABLE","AOC","69","2024_UPIDM_877574_1","[Supply, erection and dismantling of ISI marked 3 core, 400 mmsq. HT cable at Yamuna Pump Canal Stage-I.][16/EE/LIDPr/2023-24/DATED 28.12.2023]","U P Irrigation Department (Mechanical)||Chief Engineer (Tubewell Varanasi)||Superintending Engineer (Tubewell) Allahabad||Executive Engineer LID Allahabad","AOC","Supply, erection and dismantling of ISI marked 3 core, 400 mmsq. HT cable at Yamuna Pump Canal Stage-I.","16/EE/LIDPr/2023-24/DATED 28.12.2023","downloads\etender.up.nic.in\2024_UPIDM_877574_1\stage_summary_2024_UPIDM_877574_1.pdf"
"https://etender.up.nic.in","CABLE","AOC","70","2024_UPIDC_939342_20","[Supply and Installation of 400 KVA LT Under Cable for Ground floor LHS panal at Dr. Ram Manohar Lohiya Parikalp Bhawan, Telibagh, Lucknow. .(Lot19)][01/AEIV/2024-25]","U P Irrigation Department (Civil)||Chief Engineer-Sharda Sahayak, Lucknow||VII Circle Irrigation Works, Lucknow||Lucknow Division Sharda Canal Lucknow","AOC","Supply and Installation of 400 KVA LT Under Cable for Ground floor LHS panal at Dr. Ram Manohar Lohiya Parikalp Bhawan, Telibagh, Lucknow. .(Lot19)","01/AEIV/2024-25","downloads\etender.up.nic.in\2024_UPIDC_939342_20\stage_summary_2024_UPIDC_939342_20.pdf"
"https://etender.up.nic.in","CABLE","AOC","71","2024_UPIDC_939342_13","[Supply and Installation of 400 KVA ST and LT Under Cable at Dr. Ram Manohar Lohiya Parikalp Bhawan, Telibagh, Lucknow. .(Lot13)][01/AEIV/2024-25]","U P Irrigation Department (Civil)||Chief Engineer-Sharda Sahayak, Lucknow||VII Circle Irrigation Works, Lucknow||Lucknow Division Sharda Canal Lucknow","AOC","Supply and Installation of 400 KVA ST and LT Under Cable at Dr. Ram Manohar Lohiya Parikalp Bhawan, Telibagh, Lucknow. .(Lot13)","01/AEIV/2024-25","downloads\etender.up.nic.in\2024_UPIDC_939342_13\stage_summary_2024_UPIDC_939342_13.pdf"
"https://etender.up.nic.in","CABLE","AOC","72","2024_SSSPU_979140_1","[Laying of Underground LT Cable and other related work at Ramabai Ambedkar Maidan and Man Shri Kanshiram Ji Sanskritik Sthal][03/Pra(Anu)/E-Tender/2024-25_7]","Smarko Sangrahalyon Sansthaon Parkon Va Upwano Aadi Ki Prabandhan Suraksha Evam Anurakshan Samiti","AOC","Laying of Underground LT Cable and other related work at Ramabai Ambedkar Maidan and Man Shri Kanshiram Ji Sanskritik Sthal","03/Pra(Anu)/E-Tender/2024-25_7","downloads\etender.up.nic.in\2024_SSSPU_979140_1\stage_summary_2024_SSSPU_979140_1.pdf"
"https://etender.up.nic.in","CABLE","AOC","73","2024_RVUNL_922816_1","[Replacement of damaged,burn out service cable of different type of residential quarter of PTPP Colony Parichha, Supply and laying of LT underground cable for replacement of overhead line with underground cable and painting of poles of HT-LT lines.][ET-10/SE(HQ)/CEMD/PTPP/2023-24]","UP Rajya Vidyut Utpadan Nigam Ltd||Parichha Thermal Power Project- UPRVUNL- Jhansi","AOC","Replacement of damaged,burn out service cable of different type of residential quarter of PTPP Colony Parichha, Supply and laying of LT underground cable for replacement of overhead line with underground cable and painting of poles of HT-LT lines.","ET-10/SE(HQ)/CEMD/PTPP/2023-24","downloads\etender.up.nic.in\2024_RVUNL_922816_1\stage_summary_2024_RVUNL_922816_1.pdf"
"https://etender.up.nic.in","CABLE","AOC","74","2024_PVVNV_966309_1","[Supply of 4x25 SQMM Aluminium Armoured lt cable AND 4x35 SQMM Aluminium Armoured LT cable UNDER ELECTRICITY TEST DIVISION-II, GORAKHPUR][15/EDC-II(G)/2024-25]","Purvanchal Vidyut Vitran Nigam Limited Varanasi||Chief Engineer (D) PuVVNL Gorakhpur","AOC","Supply of 4x25 SQMM Aluminium Armoured lt cable AND 4x35 SQMM Aluminium Armoured LT cable UNDER ELECTRICITY TEST DIVISION-II, GORAKHPUR","15/EDC-II(G)/2024-25","downloads\etender.up.nic.in\2024_PVVNV_966309_1\stage_summary_2024_PVVNV_966309_1.pdf"
"https://etender.up.nic.in","CABLE","AOC","75","2024_PVVNV_919677_1","[11 KV 33 KV Cable Joining Kits][EAV-237/2023-24]","Purvanchal Vidyut Vitran Nigam Limited Varanasi","AOC","11 KV 33 KV Cable Joining Kits","EAV-237/2023-24","downloads\etender.up.nic.in\2024_PVVNV_919677_1\stage_summary_2024_PVVNV_919677_1.pdf"
"https://etender.up.nic.in","CABLE","AOC","76","2024_PVVNL_887978_1","[Work of Replacement of Single phase to Three Phase meter with cable from R.Tender) under ETD, shamli ][E-TENDER NO-167/2023-24]","Paschimanchal Vidyut Vitran Nigam Ltd.","AOC","Work of Replacement of Single phase to Three Phase meter with cable from R.Tender) under ETD, shamli","E-TENDER NO-167/2023-24","downloads\etender.up.nic.in\2024_PVVNL_887978_1\stage_summary_2024_PVVNL_887978_1.pdf"
"https://etender.up.nic.in","CABLE","AOC","77","2024_DVVNL_971393_2","[CONSTRUCTION OF 10Nos FIRE WALL, CABLE TRENCH AND OTHER ASSOCIATED CIVIL WORKS AT VARIOUS 33/11KV SUB-STATIONS UNDER EDC-LALITPUR, DISTT. LALITPUR][50/ECC(D)Ag/2024-25]","Dakshinanchal Vidyut Vitran Nigam Ltd.","AOC","CONSTRUCTION OF 10Nos FIRE WALL, CABLE TRENCH AND OTHER ASSOCIATED CIVIL WORKS AT VARIOUS 33/11KV SUB-STATIONS UNDER EDC-LALITPUR, DISTT. LALITPUR","50/ECC(D)Ag/2024-25","downloads\etender.up.nic.in\2024_DVVNL_971393_2\stage_summary_2024_DVVNL_971393_2.pdf"
"https://etender.up.nic.in","CABLE","AOC","78","2024_DVVNL_971380_2","[CONSTRUCTION OF 10Nos FIRE WALL, CABLE TRENCH AND OTHER ASSOCIATED CIVIL WORKS AT VARIOUS 33/11KV SUB-STATIONS UNDER EDC-ORAI, DISTT. JALAUN][49/ECC(D)Ag/2024-25]","Dakshinanchal Vidyut Vitran Nigam Ltd.","AOC","CONSTRUCTION OF 10Nos FIRE WALL, CABLE TRENCH AND OTHER ASSOCIATED CIVIL WORKS AT VARIOUS 33/11KV SUB-STATIONS UNDER EDC-ORAI, DISTT. JALAUN","49/ECC(D)Ag/2024-25","downloads\etender.up.nic.in\2024_DVVNL_971380_2\stage_summary_2024_DVVNL_971380_2.pdf"
"https://etender.up.nic.in","CABLE","AOC","79","2024_DVVNL_971365_2","[CONSTRUCTION OF 05Nos FIRE WALL, CABLE TRENCH AND OTHER ASSOCIATED CIVIL WORKS AT VARIOUS 33/11KV SUB-STATIONS UNDER EUDC-JHANSI, DISTT. JHANSI ][48/ECC(D)Ag/2024-25]","Dakshinanchal Vidyut Vitran Nigam Ltd.","AOC","CONSTRUCTION OF 05Nos FIRE WALL, CABLE TRENCH AND OTHER ASSOCIATED CIVIL WORKS AT VARIOUS 33/11KV SUB-STATIONS UNDER EUDC-JHANSI, DISTT. JHANSI","48/ECC(D)Ag/2024-25","downloads\etender.up.nic.in\2024_DVVNL_971365_2\stage_summary_2024_DVVNL_971365_2.pdf"
"https://etender.up.nic.in","CABLE","AOC","80","2024_DVVNL_971284_2","[CONSTRUCTION OF 10Nos FIRE WALL, CABLE TRENCH AND OTHER ASSOCIATED CIVIL WORKS AT VARIOUS 33/11KV SUB-STATIONS UNDER EDC-JHANSI, DISTT. JHANSI ][47/ECC(D)Ag/2024-25]","Dakshinanchal Vidyut Vitran Nigam Ltd.","AOC","CONSTRUCTION OF 10Nos FIRE WALL, CABLE TRENCH AND OTHER ASSOCIATED CIVIL WORKS AT VARIOUS 33/11KV SUB-STATIONS UNDER EDC-JHANSI, DISTT. JHANSI","47/ECC(D)Ag/2024-25","downloads\etender.up.nic.in\2024_DVVNL_971284_2\stage_summary_2024_DVVNL_971284_2.pdf"
"https://etender.up.nic.in","CABLE","AOC","81","2024_DVVNL_920281_4","[The work of laying of OH XLPE Cable in populated area and replacement of Damaged/Jarjar Conductors of 11 KV Nawab Tank, Pachanehi Feeders etc. under EUDD, Banda (Business Plan 2024-25)][EDCBNDA-105/2023-24]","Dakshinanchal Vidyut Vitran Nigam Ltd.","AOC","The work of laying of OH XLPE Cable in populated area and replacement of Damaged/Jarjar Conductors of 11 KV Nawab Tank, Pachanehi Feeders etc. under EUDD, Banda (Business Plan 2024-25)","EDCBNDA-105/2023-24","downloads\etender.up.nic.in\2024_DVVNL_920281_4\stage_summary_2024_DVVNL_920281_4.pdf"
"https://etender.up.nic.in","CABLE","AOC","82","2024_DVVNL_920280_3","[The work of installation of addiional DT/increasing capaity of DTs and replacement of damaged UG cable of 11 KV Bhooragarh Feeder and shifting of 11 KV OH to UG under EUDD, Banda (Business Plan 2024-25)][EDCBNDA-104/2023-24]","Dakshinanchal Vidyut Vitran Nigam Ltd.","AOC","The work of installation of addiional DT/increasing capaity of DTs and replacement of damaged UG cable of 11 KV Bhooragarh Feeder and shifting of 11 KV OH to UG under EUDD, Banda (Business Plan 2024-25)","EDCBNDA-104/2023-24","downloads\etender.up.nic.in\2024_DVVNL_920280_3\stage_summary_2024_DVVNL_920280_3.pdf"
"https://etender.up.nic.in","CABLE","AOC","83","2024_DVVNL_902922_1","[Replacement of damaged underground XLPE Cable of 33 KV Tindwari Line at near Vill. Mahokhar (Tindwari Road) under Business Plan under EDD, Banda (R)][EDCBNDA-85/2023-24]","Dakshinanchal Vidyut Vitran Nigam Ltd.","AOC","Replacement of damaged underground XLPE Cable of 33 KV Tindwari Line at near Vill. Mahokhar (Tindwari Road) under Business Plan under EDD, Banda (R)","EDCBNDA-85/2023-24","downloads\etender.up.nic.in\2024_DVVNL_902922_1\stage_summary_2024_DVVNL_902922_1.pdf"
"https://etender.up.nic.in","CABLE","AOC","84","2024_DOLBU_963967_96","[Construction work of drain and interlocking tiles in Ward-88, Ramnagar in Shri Sai Wali Gali and Gyanendra Wali Gali and Avtar Cable and Harsh Wali Gali and in front of Hardayal, Ramesh and Satbir.][30/Nirman/2024-25 Date 07.10.2024]","Directorate of Local Bodies UP||Ghaziabad Municipal Corporation","AOC","Construction work of drain and interlocking tiles in Ward-88, Ramnagar in Shri Sai Wali Gali and Gyanendra Wali Gali and Avtar Cable and Harsh Wali Gali and in front of Hardayal, Ramesh and Satbir.","30/Nirman/2024-25 Date 07.10.2024","downloads\etender.up.nic.in\2024_DOLBU_963967_96\stage_summary_2024_DOLBU_963967_96.pdf"
"https://etender.up.nic.in","CABLE","AOC","85","2024_DOLBU_963967_53","[Road improvement work by interlocking tiles to damaged road from Keshav Chaudhary to Chanchal Tyagi, Robin Tyagi to Keshan Tyagi, Leelu Tyagi to Nishant, Shriram Cable to Rinku Pal in Ward-27, San Vihar.][30/Nirman/2024-25 Date 07.10.2024]","Directorate of Local Bodies UP||Ghaziabad Municipal Corporation","AOC","Road improvement work by interlocking tiles to damaged road from Keshav Chaudhary to Chanchal Tyagi, Robin Tyagi to Keshan Tyagi, Leelu Tyagi to Nishant, Shriram Cable to Rinku Pal in Ward-27, San Vihar.","30/Nirman/2024-25 Date 07.10.2024","downloads\etender.up.nic.in\2024_DOLBU_963967_53\stage_summary_2024_DOLBU_963967_53.pdf"
"https://etender.up.nic.in","CABLE","AOC","86","2024_DOLBU_931884_1","[NAGAR PANCHAYAT SEEMANTARGAT NAVEEN NALKOOP HETU SERVICE CABLE AND SPEYER MOTER PUMP SET KI APURTI KA KARYA][466/NPM/PAYJAL/2024-25/16]","Directorate of Local Bodies UP||Nagar Panchayat Mohanpur Kasganj","AOC","NAGAR PANCHAYAT SEEMANTARGAT NAVEEN NALKOOP HETU SERVICE CABLE AND SPEYER MOTER PUMP SET KI APURTI KA KARYA","466/NPM/PAYJAL/2024-25/16","downloads\etender.up.nic.in\2024_DOLBU_931884_1\stage_summary_2024_DOLBU_931884_1.pdf"
"https://etender.up.nic.in","CABLE","AOC","87","2024_DOLBU_931832_1","[NAGAR PANCHAYAT SEEMANTARGAT 03 NAVEEN NALKOOPON HETU SERVICE CABLE AND SPEYER MOTER PUMP SET KI APURTI KA KARYA][466/NPM/PAYJAL/2024-25/07]","Directorate of Local Bodies UP||Nagar Panchayat Mohanpur Kasganj","AOC","NAGAR PANCHAYAT SEEMANTARGAT 03 NAVEEN NALKOOPON HETU SERVICE CABLE AND SPEYER MOTER PUMP SET KI APURTI KA KARYA","466/NPM/PAYJAL/2024-25/07","downloads\etender.up.nic.in\2024_DOLBU_931832_1\stage_summary_2024_DOLBU_931832_1.pdf"
"https://etender.up.nic.in","CABLE","AOC","88","2024_AFDA_972233_1","[Removal of electric pole/line which is creating obstruction in widening of the under construction road connecting Parikrama Marg to Saketpuri Yojana petrol pump in Ayodhya and construction work of LT line through underground cable for the said line, ][ADA SAKETPURI PETROL LT LINE DT 09-11-2024]","Ayodhya Faizabad Development Authority||Ayodhya Faizabad Development Authority","AOC","Removal of electric pole/line which is creating obstruction in widening of the under construction road connecting Parikrama Marg to Saketpuri Yojana petrol pump in Ayodhya and construction work of LT line through underground cable for the said line,","ADA SAKETPURI PETROL LT LINE DT 09-11-2024","downloads\etender.up.nic.in\2024_AFDA_972233_1\stage_summary_2024_AFDA_972233_1.pdf"
"https://etender.up.nic.in","CABLE","AOC","89","2023_UPTCL_846474_1","[PROVIDING ROUTE MARKER ALONG THE CABLE ROUTE OF 220 KV SAMNEGHAT-BHELUPUR UNDERGROUND CABLE][E-tender no. 41/2023-24/ETC-I/VNS]","UP Power Transmission Corp.Ltd (Operation)||Chief Engineer (TE) East Allahabad||S.E. ETC Varanasi","AOC","PROVIDING ROUTE MARKER ALONG THE CABLE ROUTE OF 220 KV SAMNEGHAT-BHELUPUR UNDERGROUND CABLE","E-tender no. 41/2023-24/ETC-I/VNS","downloads\etender.up.nic.in\2023_UPTCL_846474_1\stage_summary_2023_UPTCL_846474_1.pdf"
"https://etender.up.nic.in","CABLE","AOC","90","2023_UPTCL_831691_1","[LOADING, UNLOADING, CARRIAGE OF 630 SQ MM XLPE ALUMINUM CABLE FROM 400KV SUBSTATION JEHTA LUCKNOW TO 132KV SUBSTATION KAITHI][E-tender no. 35/2023-24/ETC-I/VNS]","UP Power Transmission Corp.Ltd (Operation)||Chief Engineer (TE) East Allahabad||S.E. ETC Varanasi","AOC","LOADING, UNLOADING, CARRIAGE OF 630 SQ MM XLPE ALUMINUM CABLE FROM 400KV SUBSTATION JEHTA LUCKNOW TO 132KV SUBSTATION KAITHI","E-tender no. 35/2023-24/ETC-I/VNS","downloads\etender.up.nic.in\2023_UPTCL_831691_1\stage_summary_2023_UPTCL_831691_1.pdf"
"https://etender.up.nic.in","CABLE","AOC","91","2023_UPTCL_815187_1","[FOR REPAIRING OF 220KV UNDERGROUND CABLE OF SAHUPURI-BHELUPUR LINE UNDER ETD-I, VARANASI][Very Short Term E-Tender No. 25/2023-24/ETC-I/VNS]","UP Power Transmission Corp.Ltd (Operation)||Chief Engineer (TE) East Allahabad||S.E. ETC Varanasi","AOC","FOR REPAIRING OF 220KV UNDERGROUND CABLE OF SAHUPURI-BHELUPUR LINE UNDER ETD-I, VARANASI","Very Short Term E-Tender No. 25/2023-24/ETC-I/VNS","downloads\etender.up.nic.in\2023_UPTCL_815187_1\stage_summary_2023_UPTCL_815187_1.pdf"
"https://etender.up.nic.in","CABLE","AOC","92","2023_UPTCL_806729_1","[SUPPLY OF MATERIAL INCLUDING INSTALLATION OF OPGW APPROACH CABLE FOR CONSTRUCTION OF 01 NO 220 KV BADOHI BAY][Very Short Term E-Tender No. 18/2023-24/ETC-I/VNS]","UP Power Transmission Corp.Ltd (Operation)||Chief Engineer (TE) East Allahabad||S.E. ETC Varanasi","AOC","SUPPLY OF MATERIAL INCLUDING INSTALLATION OF OPGW APPROACH CABLE FOR CONSTRUCTION OF 01 NO 220 KV BADOHI BAY","Very Short Term E-Tender No. 18/2023-24/ETC-I/VNS","downloads\etender.up.nic.in\2023_UPTCL_806729_1\stage_summary_2023_UPTCL_806729_1.pdf"
"https://etender.up.nic.in","CABLE","AOC","93","2023_UPTCL_802188_2","[MODIFICATION OF 132 KV TBC BAY AS 132 KV LINE BAY AND RE-CONSTRUCTION OF 132 KV TBC BAY THROUGH 132 KV XLPE CABLE AT 132 KV S/S KAITHI UNDER ELECTRICITY TRANSMISSION DIVISION-I, VARANASI][E-tender no. 06/2023-24/ETC-I/VNS]","UP Power Transmission Corp.Ltd (Operation)||Chief Engineer (TE) East Allahabad||S.E. ETC Varanasi","AOC","MODIFICATION OF 132 KV TBC BAY AS 132 KV LINE BAY AND RE-CONSTRUCTION OF 132 KV TBC BAY THROUGH 132 KV XLPE CABLE AT 132 KV S/S KAITHI UNDER ELECTRICITY TRANSMISSION DIVISION-I, VARANASI","E-tender no. 06/2023-24/ETC-I/VNS","downloads\etender.up.nic.in\2023_UPTCL_802188_2\stage_summary_2023_UPTCL_802188_2.pdf"
"https://etender.up.nic.in","CABLE","AOC","94","2023_UPPCL_825706_1","[Supply and Laying of 25Sq.mm Cable][15/MU/SBE/LKO/2023-24]","Uttar Pradesh Power Corporation Ltd.||SE Civil HQ Shakti Bhawan Extension||EE Civil HQ Attached to CE Civil 2||SE Civil HQ||EE Maintenance Unit","AOC","Supply and Laying of 25Sq.mm Cable","15/MU/SBE/LKO/2023-24","downloads\etender.up.nic.in\2023_UPPCL_825706_1\stage_summary_2023_UPPCL_825706_1.pdf"
"https://etender.up.nic.in","CABLE","AOC","95","2023_UPPCL_824477_1","[Replacement of Rising Mains Cable Laying and Supply and fixing of 400 AMP four pole on load change over switch one no at Shakti Bhawan H.Q. Lucknow][14/MU/SBE/LKO/2023-24]","Uttar Pradesh Power Corporation Ltd.||SE Civil HQ Shakti Bhawan Extension||EE Civil HQ Attached to CE Civil 2||SE Civil HQ||EE Maintenance Unit","AOC","Replacement of Rising Mains Cable Laying and Supply and fixing of 400 AMP four pole on load change over switch one no at Shakti Bhawan H.Q. Lucknow","14/MU/SBE/LKO/2023-24","downloads\etender.up.nic.in\2023_UPPCL_824477_1\stage_summary_2023_UPPCL_824477_1.pdf"
"https://etender.up.nic.in","CABLE","AOC","96","2023_UPPCL_821315_1","[Supply and Laying of 25Sq.mm Cable][12/MU/SBE/LKO/2023-24]","Uttar Pradesh Power Corporation Ltd.||SE Civil HQ Shakti Bhawan Extension||EE Civil HQ Attached to CE Civil 2||SE Civil HQ||EE Maintenance Unit","AOC","Supply and Laying of 25Sq.mm Cable","12/MU/SBE/LKO/2023-24","downloads\etender.up.nic.in\2023_UPPCL_821315_1\stage_summary_2023_UPPCL_821315_1.pdf"
"https://etender.up.nic.in","CABLE","AOC","97","2023_UPJNM_827214_6","[Supply laying termination testing and commissioning of 3 core 400Sqmm 1.1 KV voltage XLPE-300 meter cable with required size cable glands outdoor indoor cable jointing kit as per physical site requirement at Konia MPS Varanasi][1571/ETENDER/21/02.08.2023]","U P Jal Nigam (HQ), Lucknow||Chief Engineer (Varanasi)||SE, CC (E-M), Varanasi||EE Yantrik Division (2nd) Varanasi","AOC","Supply laying termination testing and commissioning of 3 core 400Sqmm 1.1 KV voltage XLPE-300 meter cable with required size cable glands outdoor indoor cable jointing kit as per physical site requirement at Konia MPS Varanasi","1571/ETENDER/21/02.08.2023","downloads\etender.up.nic.in\2023_UPJNM_827214_6\stage_summary_2023_UPJNM_827214_6.pdf"
"https://etender.up.nic.in","CABLE","AOC","98","2023_UPIDM_873765_9","[Providing and Laying Aluminium Conductor P.V.C. Sheathed cable 1100 volts grouting with M.S. Clamps of 3.5x630 Sqm. size complete in all respects at Newajganj West Pump canal As directed by Engineer in Charge .][14/EE/MLCD/VNS/2023-24]","U P Irrigation Department (Mechanical)||Chief Engineer (Tubewell Varanasi)||Superintending Engineer (Tubewell) Varanasi||Executive Engineer (MLCD) Varanasi","AOC","Providing and Laying Aluminium Conductor P.V.C. Sheathed cable 1100 volts grouting with M.S. Clamps of 3.5x630 Sqm. size complete in all respects at Newajganj West Pump canal As directed by Engineer in Charge .","14/EE/MLCD/VNS/2023-24","downloads\etender.up.nic.in\2023_UPIDM_873765_9\stage_summary_2023_UPIDM_873765_9.pdf"
"https://etender.up.nic.in","CABLE","AOC","99","2023_UPIDM_873765_4","[Providing and Laying Aluminium Conductor P.V.C. Sheathed cable 1100 volts grouting with M.S. Clamps of 3.5x240 Sqm. size complete in all respects at Baira East Pump Canal As directed by Engineer in Charge][14/EE/MLCD/VNS/2023-24]","U P Irrigation Department (Mechanical)||Chief Engineer (Tubewell Varanasi)||Superintending Engineer (Tubewell) Varanasi||Executive Engineer (MLCD) Varanasi","AOC","Providing and Laying Aluminium Conductor P.V.C. Sheathed cable 1100 volts grouting with M.S. Clamps of 3.5x240 Sqm. size complete in all respects at Baira East Pump Canal As directed by Engineer in Charge","14/EE/MLCD/VNS/2023-24","downloads\etender.up.nic.in\2023_UPIDM_873765_4\stage_summary_2023_UPIDM_873765_4.pdf"
"https://etender.up.nic.in","CABLE","AOC","100","2023_UPIDM_873765_14","[Providing and Laying Aluminium Conductor P.V.C. Sheathed cable 1100 volts grouting with M.S. Clamps of 3.5x240 Sqm. size complete in all respects at Gopalpur Pump canal As directed by Engineer in Charge .][14/EE/MLCD/VNS/2023-24]","U P Irrigation Department (Mechanical)||Chief Engineer (Tubewell Varanasi)||Superintending Engineer (Tubewell) Varanasi||Executive Engineer (MLCD) Varanasi","AOC","Providing and Laying Aluminium Conductor P.V.C. Sheathed cable 1100 volts grouting with M.S. Clamps of 3.5x240 Sqm. size complete in all respects at Gopalpur Pump canal As directed by Engineer in Charge .","14/EE/MLCD/VNS/2023-24","downloads\etender.up.nic.in\2023_UPIDM_873765_14\stage_summary_2023_UPIDM_873765_14.pdf"
"https://etender.up.nic.in","CABLE","AOC","101","2023_UPIDM_873765_10","[Providing and Laying Aluminium Conductor P.V.C. Sheathed cable 1100 volts grouting with M.S. Clamps of 3.5x400 Sqm. size complete in all respects at Halua Pump canal As directed by Engineer in Charge ][14/EE/MLCD/VNS/2023-24]","U P Irrigation Department (Mechanical)||Chief Engineer (Tubewell Varanasi)||Superintending Engineer (Tubewell) Varanasi||Executive Engineer (MLCD) Varanasi","AOC","Providing and Laying Aluminium Conductor P.V.C. Sheathed cable 1100 volts grouting with M.S. Clamps of 3.5x400 Sqm. size complete in all respects at Halua Pump canal As directed by Engineer in Charge","14/EE/MLCD/VNS/2023-24","downloads\etender.up.nic.in\2023_UPIDM_873765_10\stage_summary_2023_UPIDM_873765_10.pdf"
"https://etender.up.nic.in","CABLE","AOC","102","2023_UPIDM_873765_1","[Providing and Laying Aluminium Conductor P.V.C. Sheathed cable 1100 volts grouting with M.S. Clamps of 3.5x400 Sqm. size complete in all respects at Dhanaitpur Pump canal As directed by Engineer in Charge .][14/EE/MLCD/VNS/2023-24]","U P Irrigation Department (Mechanical)||Chief Engineer (Tubewell Varanasi)||Superintending Engineer (Tubewell) Varanasi||Executive Engineer (MLCD) Varanasi","AOC","Providing and Laying Aluminium Conductor P.V.C. Sheathed cable 1100 volts grouting with M.S. Clamps of 3.5x400 Sqm. size complete in all respects at Dhanaitpur Pump canal As directed by Engineer in Charge .","14/EE/MLCD/VNS/2023-24","downloads\etender.up.nic.in\2023_UPIDM_873765_1\stage_summary_2023_UPIDM_873765_1.pdf"
"https://etender.up.nic.in","CABLE","AOC","103","2023_UPIDM_844870_7","[Providing and Laying Aluminium Conductor P.V.C. Sheathed cable 1100 volts grouting with M.S. Clamps of 3.5x400 Sqm. size complete in all respects at Sudav Pump Canal As directed by Engineer in Charge][09/EE/MLCD/VNS/2023-24]","U P Irrigation Department (Mechanical)||Chief Engineer (Tubewell Varanasi)||Superintending Engineer (Tubewell) Varanasi||Executive Engineer (MLCD) Varanasi","AOC","Providing and Laying Aluminium Conductor P.V.C. Sheathed cable 1100 volts grouting with M.S. Clamps of 3.5x400 Sqm. size complete in all respects at Sudav Pump Canal As directed by Engineer in Charge","09/EE/MLCD/VNS/2023-24","downloads\etender.up.nic.in\2023_UPIDM_844870_7\stage_summary_2023_UPIDM_844870_7.pdf"
"https://etender.up.nic.in","CABLE","AOC","104","2023_UPIDM_844870_4","[Providing and Laying Aluminium Conductor P.V.C. Sheathed cable 1100 volts grouting with M.S. Clamps of 3.5x240 Sqm. size complete in all respects at Newajganj East Pump Canal As directed by Engineer in Charge][09/EE/MLCD/VNS/2023-24]","U P Irrigation Department (Mechanical)||Chief Engineer (Tubewell Varanasi)||Superintending Engineer (Tubewell) Varanasi||Executive Engineer (MLCD) Varanasi","AOC","Providing and Laying Aluminium Conductor P.V.C. Sheathed cable 1100 volts grouting with M.S. Clamps of 3.5x240 Sqm. size complete in all respects at Newajganj East Pump Canal As directed by Engineer in Charge","09/EE/MLCD/VNS/2023-24","downloads\etender.up.nic.in\2023_UPIDM_844870_4\stage_summary_2023_UPIDM_844870_4.pdf"
"https://etender.up.nic.in","CABLE","AOC","105","2023_UPIDM_844870_3","[Providing and Laying Aluminium Conductor P.V.C. Sheathed cable 1100 volts grouting with M.S. Clamps of 3.5x240 Sqm. size complete in all respects at Naubatpur Pump Canal As directed by Engineer in Charge][09/EE/MLCD/VNS/2023-24]","U P Irrigation Department (Mechanical)||Chief Engineer (Tubewell Varanasi)||Superintending Engineer (Tubewell) Varanasi||Executive Engineer (MLCD) Varanasi","AOC","Providing and Laying Aluminium Conductor P.V.C. Sheathed cable 1100 volts grouting with M.S. Clamps of 3.5x240 Sqm. size complete in all respects at Naubatpur Pump Canal As directed by Engineer in Charge","09/EE/MLCD/VNS/2023-24","downloads\etender.up.nic.in\2023_UPIDM_844870_3\stage_summary_2023_UPIDM_844870_3.pdf"
"https://etender.up.nic.in","CABLE","AOC","106","2023_UPIDM_817732_6","[Providing and Laying Aluminium Conductor P.V.C. Sheathed cable 1100 volts grouting with M.S. Clamps of 3.5x240 Sqm. size complete in all respects at Chhitauni Pump canal As directed by Engineer in Charge .][07/EE/MLCD/VND/2023-24]","U P Irrigation Department (Mechanical)||Chief Engineer (Tubewell Varanasi)||Superintending Engineer (Tubewell) Varanasi||Executive Engineer (MLCD) Varanasi","AOC","Providing and Laying Aluminium Conductor P.V.C. Sheathed cable 1100 volts grouting with M.S. Clamps of 3.5x240 Sqm. size complete in all respects at Chhitauni Pump canal As directed by Engineer in Charge .","07/EE/MLCD/VND/2023-24","downloads\etender.up.nic.in\2023_UPIDM_817732_6\stage_summary_2023_UPIDM_817732_6.pdf"
"https://etender.up.nic.in","CABLE","AOC","107","2023_UPIDM_817393_6","[Providing and Laying 400 mtr Aluminium Conductor P.V.C. Sheathed 3.5x240 mm Sqm.cable 1100 volts grouting with M.S. Clamps of suitable size complete in all respects at Kaurihar Pump Canal as directed by Engineer in Charge .][06/EE/MLCD/VNS/2023-24]","U P Irrigation Department (Mechanical)||Chief Engineer (Tubewell Varanasi)||Superintending Engineer (Tubewell) Varanasi||Executive Engineer (MLCD) Varanasi","AOC","Providing and Laying 400 mtr Aluminium Conductor P.V.C. Sheathed 3.5x240 mm Sqm.cable 1100 volts grouting with M.S. Clamps of suitable size complete in all respects at Kaurihar Pump Canal as directed by Engineer in Charge .","06/EE/MLCD/VNS/2023-24","downloads\etender.up.nic.in\2023_UPIDM_817393_6\stage_summary_2023_UPIDM_817393_6.pdf"
"https://etender.up.nic.in","CABLE","AOC","108","2023_UPIDM_817393_13","[Providing and Laying 180 mtr Aluminium Conductor P.V.C. Sheathed 3.5x120 mm Sqm.cable 1100 volts grouting with M.S. Clamps of suitable size complete in all respects at Karauti Pump Canal as directed by Engineer in Charge .][06/EE/MLCD/VNS/2023-24]","U P Irrigation Department (Mechanical)||Chief Engineer (Tubewell Varanasi)||Superintending Engineer (Tubewell) Varanasi||Executive Engineer (MLCD) Varanasi","AOC","Providing and Laying 180 mtr Aluminium Conductor P.V.C. Sheathed 3.5x120 mm Sqm.cable 1100 volts grouting with M.S. Clamps of suitable size complete in all respects at Karauti Pump Canal as directed by Engineer in Charge .","06/EE/MLCD/VNS/2023-24","downloads\etender.up.nic.in\2023_UPIDM_817393_13\stage_summary_2023_UPIDM_817393_13.pdf"
"https://etender.up.nic.in","CABLE","AOC","109","2023_UPIDM_817393_10","[Providing and Laying 400 mtr Aluminium Conductor P.V.C. Sheathed 3.5x240 mm Sqm.cable 1100 volts grouting with M.S. Clamps of suitable size complete in all respects at Banbhikhampur Pump Canal as directed by Engineer in Charge .][06/EE/MLCD/VNS/2023-24]","U P Irrigation Department (Mechanical)||Chief Engineer (Tubewell Varanasi)||Superintending Engineer (Tubewell) Varanasi||Executive Engineer (MLCD) Varanasi","AOC","Providing and Laying 400 mtr Aluminium Conductor P.V.C. Sheathed 3.5x240 mm Sqm.cable 1100 volts grouting with M.S. Clamps of suitable size complete in all respects at Banbhikhampur Pump Canal as directed by Engineer in Charge .","06/EE/MLCD/VNS/2023-24","downloads\etender.up.nic.in\2023_UPIDM_817393_10\stage_summary_2023_UPIDM_817393_10.pdf"
"https://etender.up.nic.in","CABLE","AOC","110","2023_UPIDM_813646_11","[Providing and Laying Aluminium Conductor P.V.C. Sheathed cable 1100 volts grouting with M.S. Clamps of 3.5x630 Sqm. size complete in all respects at Niyardih Pump canal As directed by Engineer in Charge .][05/EE/MLCD/ VNS /2023-24]","U P Irrigation Department (Mechanical)||Chief Engineer (Tubewell Varanasi)||Superintending Engineer (Tubewell) Varanasi||Executive Engineer (MLCD) Varanasi","AOC","Providing and Laying Aluminium Conductor P.V.C. Sheathed cable 1100 volts grouting with M.S. Clamps of 3.5x630 Sqm. size complete in all respects at Niyardih Pump canal As directed by Engineer in Charge .","05/EE/MLCD/ VNS /2023-24","downloads\etender.up.nic.in\2023_UPIDM_813646_11\stage_summary_2023_UPIDM_813646_11.pdf"
"https://etender.up.nic.in","CABLE","AOC","111","2023_UPIDM_801537_2","[Providing and Laying Aluminium Conductor P.V.C. Sheathed cable 1100 volts grouting with M.S. Clamps of 3.5x400 Sqm. size complete in all respects at Kakrait Pump Canal As directed by Engineer in Charge .][02/EE/MLCDVNS/2023-24]","U P Irrigation Department (Mechanical)||Chief Engineer (Tubewell Varanasi)||Superintending Engineer (Tubewell) Varanasi||Executive Engineer (MLCD) Varanasi","AOC","Providing and Laying Aluminium Conductor P.V.C. Sheathed cable 1100 volts grouting with M.S. Clamps of 3.5x400 Sqm. size complete in all respects at Kakrait Pump Canal As directed by Engineer in Charge .","02/EE/MLCDVNS/2023-24","downloads\etender.up.nic.in\2023_UPIDM_801537_2\stage_summary_2023_UPIDM_801537_2.pdf"
"https://etender.up.nic.in","CABLE","AOC","112","2023_UPIDM_772510_3","[Providing and Laying Aluminium Conductor P.V.C. Sheathed cable 1100 volts grouting with M.S. Clamps of 3.5x630 Sqm. size complete in all respects at Guraini Pump Canal as directed by Engineer in Charge ][02/EE/MLCD/2022-23 ]","U P Irrigation Department (Mechanical)||Chief Engineer (Tubewell Varanasi)||Superintending Engineer (Tubewell) Varanasi||Executive Engineer (MLCD) Varanasi","AOC","Providing and Laying Aluminium Conductor P.V.C. Sheathed cable 1100 volts grouting with M.S. Clamps of 3.5x630 Sqm. size complete in all respects at Guraini Pump Canal as directed by Engineer in Charge","02/EE/MLCD/2022-23","downloads\etender.up.nic.in\2023_UPIDM_772510_3\stage_summary_2023_UPIDM_772510_3.pdf"
"https://etender.up.nic.in","CABLE","AOC","113","2023_UPIDC_835824_57","[Supply and Installation of 400 KVA under Cable at Dr. Ram Manohar Lohiya Parikalp Bhawan, telibagh, Lucknow. (Lot-55)][02/AEIV/2023-24]","U P Irrigation Department (Civil)||Chief Engineer-Sharda Sahayak, Lucknow||VII Circle Irrigation Works, Lucknow||Lucknow Division Sharda Canal Lucknow","AOC","Supply and Installation of 400 KVA under Cable at Dr. Ram Manohar Lohiya Parikalp Bhawan, telibagh, Lucknow. (Lot-55)","02/AEIV/2023-24","downloads\etender.up.nic.in\2023_UPIDC_835824_57\stage_summary_2023_UPIDC_835824_57.pdf"
"https://etender.up.nic.in","CABLE","AOC","114","2023_UPCTL_797618_1","[Civil Work for 06 Nos. 33 KV P.T. Foundation, 01 No. 33 KV Iso. and Related Cable Trench At 132 KV S/S Augasi, Distt- Banda.][S.T. E-Notice No. 01(01)/ECTD(B)/2023-24]","UP Power Transmission Corp.Ltd (Works and Projects))||Chief Engineer (Civil-1)||Jhansi Circle||Banda Division","AOC","Civil Work for 06 Nos. 33 KV P.T. Foundation, 01 No. 33 KV Iso. and Related Cable Trench At 132 KV S/S Augasi, Distt- Banda.","S.T. E-Notice No. 01(01)/ECTD(B)/2023-24","downloads\etender.up.nic.in\2023_UPCTL_797618_1\stage_summary_2023_UPCTL_797618_1.pdf"
"https://etender.up.nic.in","CABLE","AOC","115","2023_SIDC_873036_1","[Providing 11 KV 35 sq. mm XLPE HT cable overhead line on existing ST pole at Pakhwada SEZ approach road for street light power arrangement at IA. SEZ Moradabad.][ED-II (366) Date 19.12.2023]","UP STATE INDUSTRIAL DEVELOPMENT CORPORATION||KANPUR||EE KANPUR","AOC","Providing 11 KV 35 sq. mm XLPE HT cable overhead line on existing ST pole at Pakhwada SEZ approach road for street light power arrangement at IA. SEZ Moradabad.","ED-II (366) Date 19.12.2023","downloads\etender.up.nic.in\2023_SIDC_873036_1\stage_summary_2023_SIDC_873036_1.pdf"
"https://etender.up.nic.in","CABLE","AOC","116","2023_RVUNL_836862_1","[UPKEEP OF SWITCHYARD AND CABLE MAINTENANCE AND CLEANING][05/EMD-II/BTPS/2023-24]","UP Rajya Vidyut Utpadan Nigam Ltd||Anpara Thermal Power Project- UPRVUNL- Sonebhadra","AOC","UPKEEP OF SWITCHYARD AND CABLE MAINTENANCE AND CLEANING","05/EMD-II/BTPS/2023-24","downloads\etender.up.nic.in\2023_RVUNL_836862_1\stage_summary_2023_RVUNL_836862_1.pdf"
"https://etender.up.nic.in","CABLE","AOC","117","2023_RVUNL_812284_1","[Routine /Breakdown maintenance of HT / LT cables, control cables, cleaning of cable trenches and cable gallery ][02/OMC-IV/EMD-II/ATPS/2023-24]","UP Rajya Vidyut Utpadan Nigam Ltd||Anpara Thermal Power Project- UPRVUNL- Sonebhadra","AOC","Routine /Breakdown maintenance of HT / LT cables, control cables, cleaning of cable trenches and cable gallery","02/OMC-IV/EMD-II/ATPS/2023-24","downloads\etender.up.nic.in\2023_RVUNL_812284_1\stage_summary_2023_RVUNL_812284_1.pdf"
"https://etender.up.nic.in","CABLE","AOC","118","2023_RVUNL_801402_1","[Routine Breakdown maintenance of HT LT power and control cables, Electrical hoist and all exhaust fan and ventilation system at various places of EMD-II, 2X500 MW, DTPS, Anpara][N-ANP/D/OMC4/EMD2/6000001485]","UP Rajya Vidyut Utpadan Nigam Ltd||Anpara Thermal Power Project- UPRVUNL- Sonebhadra","AOC","Routine Breakdown maintenance of HT LT power and control cables, Electrical hoist and all exhaust fan and ventilation system at various places of EMD-II, 2X500 MW, DTPS, Anpara","N-ANP/D/OMC4/EMD2/6000001485","downloads\etender.up.nic.in\2023_RVUNL_801402_1\stage_summary_2023_RVUNL_801402_1.pdf"
"https://etender.up.nic.in","CABLE","AOC","119","2023_RVUNL_765093_1","[Work of Laying of 11 KV XLPE Cable Double Circuit across the road through HDD Micro tunneling Method to replace existing Overhead Electric Supply feeder to New Staff Colony PTEP Panki in view of Construction of Railway Over Bridge on Panki Kalyanpur ][ET05PTEPEMCCIIIEMCDVIII202223]","UP Rajya Vidyut Utpadan Nigam Ltd||Panki Thermal Power Project, UPRVUNL, Kanpur","AOC","Work of Laying of 11 KV XLPE Cable Double Circuit across the road through HDD Micro tunneling Method to replace existing Overhead Electric Supply feeder to New Staff Colony PTEP Panki in view of Construction of Railway Over Bridge on Panki Kalyanpur","ET05PTEPEMCCIIIEMCDVIII202223","downloads\etender.up.nic.in\2023_RVUNL_765093_1\stage_summary_2023_RVUNL_765093_1.pdf"
"https://etender.up.nic.in","CABLE","AOC","120","2023_PVVNV_839252_1","[SUPPLY OF L.T. PVC ARMOURED CABLE 2 CORE 6 SQ.MM. ][30/EUDC(G)/2023-24]","Purvanchal Vidyut Vitran Nigam Limited Varanasi||Chief Engineer (D) PuVVNL Gorakhpur","AOC","SUPPLY OF L.T. PVC ARMOURED CABLE 2 CORE 6 SQ.MM.","30/EUDC(G)/2023-24","downloads\etender.up.nic.in\2023_PVVNV_839252_1\stage_summary_2023_PVVNV_839252_1.pdf"
"https://etender.up.nic.in","CABLE","AOC","121","2023_PVVNV_838742_1","[SUPPLY OF LT PVC ARMOURED CABLE][38/EDC-II(G)/2023-24]","Purvanchal Vidyut Vitran Nigam Limited Varanasi||Chief Engineer (D) PuVVNL Gorakhpur","AOC","SUPPLY OF LT PVC ARMOURED CABLE","38/EDC-II(G)/2023-24","downloads\etender.up.nic.in\2023_PVVNV_838742_1\stage_summary_2023_PVVNV_838742_1.pdf"
"https://etender.up.nic.in","CABLE","AOC","122","2023_KESCO_808278_1","[Shifting Of 33/11 kV Overhead and Underground Cable and 2 No Transformer Shifting for Widening of Ramadevi Chauraha Under EUDD-Harrisganj Kesco. Kanpur][02/Coonst./2023-24]","Kanpur Electricity Supply Company Limited","AOC","Shifting Of 33/11 kV Overhead and Underground Cable and 2 No Transformer Shifting for Widening of Ramadevi Chauraha Under EUDD-Harrisganj Kesco. Kanpur","02/Coonst./2023-24","downloads\etender.up.nic.in\2023_KESCO_808278_1\stage_summary_2023_KESCO_808278_1.pdf"
"https://etender.up.nic.in","CABLE","AOC","123","2023_GORDA_807677_4","[Repairing of transformer and supply and installation of cable laying/nagel at Naya Savera located at Ramgarhtal. (work related to electrification)][04/GDA/2023-24/26052023]","Gorakhpur Development Authority","AOC","Repairing of transformer and supply and installation of cable laying/nagel at Naya Savera located at Ramgarhtal. (work related to electrification)","04/GDA/2023-24/26052023","downloads\etender.up.nic.in\2023_GORDA_807677_4\stage_summary_2023_GORDA_807677_4.pdf"
"https://etender.up.nic.in","CABLE","AOC","124","2023_GORDA_775301_2","[Construction work of underground cable trench on both sides of 24 meter wide road of Rapti Nagar Extension Residential Scheme.][45/GDA/2022-23/08022023]","Gorakhpur Development Authority","AOC","Construction work of underground cable trench on both sides of 24 meter wide road of Rapti Nagar Extension Residential Scheme.","45/GDA/2022-23/08022023","downloads\etender.up.nic.in\2023_GORDA_775301_2\stage_summary_2023_GORDA_775301_2.pdf"
"https://etender.up.nic.in","CABLE","AOC","125","2023_DVVNL_851484_1","[Supply of cable boxes of various size for EDD, Banda][EDCBNDA-48/2023-24]","Dakshinanchal Vidyut Vitran Nigam Ltd.","AOC","Supply of cable boxes of various size for EDD, Banda","EDCBNDA-48/2023-24","downloads\etender.up.nic.in\2023_DVVNL_851484_1\stage_summary_2023_DVVNL_851484_1.pdf"
"https://etender.up.nic.in","CABLE","AOC","126","2023_DVVNL_842987_3","[Replacement of damaged 33 KV, 11 KV VCB/CT installed at S/S, installation of addtional 11 KV XLPE cable, earthing of Power T/F installed at power houses and eretion/repairing of damaged plinth/fencings of DTs at various places under Banda-T BP 23-24][EDCBNDA-43/2023-24]","Dakshinanchal Vidyut Vitran Nigam Ltd.","AOC","Replacement of damaged 33 KV, 11 KV VCB/CT installed at S/S, installation of addtional 11 KV XLPE cable, earthing of Power T/F installed at power houses and eretion/repairing of damaged plinth/fencings of DTs at various places under Banda-T BP 23-24","EDCBNDA-43/2023-24","downloads\etender.up.nic.in\2023_DVVNL_842987_3\stage_summary_2023_DVVNL_842987_3.pdf"
"https://etender.up.nic.in","CABLE","AOC","127","2023_DVVNL_817070_1","[Supply of cable jointing kit for EDD, ATARRA][EDCBNDA-11/2023-24]","Dakshinanchal Vidyut Vitran Nigam Ltd.","AOC","Supply of cable jointing kit for EDD, ATARRA","EDCBNDA-11/2023-24","downloads\etender.up.nic.in\2023_DVVNL_817070_1\stage_summary_2023_DVVNL_817070_1.pdf"
"https://etender.up.nic.in","CABLE","AOC","128","2023_DVVNL_817067_1","[Supply of cable jointing kit for EDD, Banda][EDCBNDA-10/2023-24]","Dakshinanchal Vidyut Vitran Nigam Ltd.","AOC","Supply of cable jointing kit for EDD, Banda","EDCBNDA-10/2023-24","downloads\etender.up.nic.in\2023_DVVNL_817067_1\stage_summary_2023_DVVNL_817067_1.pdf"
"https://etender.up.nic.in","CABLE","AOC","129","2023_DVVNL_812157_1","[For Supply of Different type 33 KV, 11 KV Cable Jointing Kits and Straight Through under EDC-1 AGRA.][14/EDCA/2023-24]","Dakshinanchal Vidyut Vitran Nigam Ltd.","AOC","For Supply of Different type 33 KV, 11 KV Cable Jointing Kits and Straight Through under EDC-1 AGRA.","14/EDCA/2023-24","downloads\etender.up.nic.in\2023_DVVNL_812157_1\stage_summary_2023_DVVNL_812157_1.pdf"
"https://etender.up.nic.in","CABLE","AOC","130","2023_CEUCZ_766092_17","[Road Restoration work in Geetapalli area on roads owned by Public Works Departmentby Jal Sansthan/Electricity Departement Telecom Departement on the roads cut for repair of pipelines/ Electric cable/Telecom cable.][8321/E-Tender/2022-23 Dt 28-12-2022]","Chief Engineer PWD Central Zone,Lucknow||S.E. UPPWD Lucknow||Provincial Division, Lucknow","AOC","Road Restoration work in Geetapalli area on roads owned by Public Works Departmentby Jal Sansthan/Electricity Departement Telecom Departement on the roads cut for repair of pipelines/ Electric cable/Telecom cable.","8321/E-Tender/2022-23 Dt 28-12-2022","downloads\etender.up.nic.in\2023_CEUCZ_766092_17\stage_summary_2023_CEUCZ_766092_17.pdf"
"https://etender.up.nic.in","CABLE","AOC","131","2022_UPTCL_728153_1","[Crossing of Railway Track by Cable laying, Termination and Supply, Erection Monopoles including the cost of all material for 132KV Sarnath- Sahupuri LILO][Short Term E-tender no. 48/2022-23/ETC/VNS]","UP Power Transmission Corp.Ltd (Operation)||Chief Engineer (TE) East Allahabad||S.E. ETC Varanasi","AOC","Crossing of Railway Track by Cable laying, Termination and Supply, Erection Monopoles including the cost of all material for 132KV Sarnath- Sahupuri LILO","Short Term E-tender no. 48/2022-23/ETC/VNS","downloads\etender.up.nic.in\2022_UPTCL_728153_1\stage_summary_2022_UPTCL_728153_1.pdf"
"https://etender.up.nic.in","CABLE","AOC","132","2022_UPTCL_708110_1","[GRASS CUTTING, CABLE TRENCH CLEANING AND LAWN MAINTENANCE ][Short Term E-tender no. 29/2022-23/ETC/VNS]","UP Power Transmission Corp.Ltd (Operation)||Chief Engineer (TE) East Allahabad||S.E. ETC Varanasi","AOC","GRASS CUTTING, CABLE TRENCH CLEANING AND LAWN MAINTENANCE","Short Term E-tender no. 29/2022-23/ETC/VNS","downloads\etender.up.nic.in\2022_UPTCL_708110_1\stage_summary_2022_UPTCL_708110_1.pdf"
"https://etender.up.nic.in","CABLE","AOC","133","2022_UPTCL_675630_1","[Operation, Preventive, General B/D maintenance, General Cleaning Cutting of Grass, Cleaning of Cable Trenches at 132KV SAS Substation Bilsi under E.T.D., Budaun during the Period of 1 Year][Short Term E-Tender No. 74/W/ETC(B)/2021-22]","UP Power Transmission Corp.Ltd (Operation)||Chief Engineer (TC) Lucknow||SE ETC Bareilly","AOC","Operation, Preventive, General B/D maintenance, General Cleaning Cutting of Grass, Cleaning of Cable Trenches at 132KV SAS Substation Bilsi under E.T.D., Budaun during the Period of 1 Year","Short Term E-Tender No. 74/W/ETC(B)/2021-22","downloads\etender.up.nic.in\2022_UPTCL_675630_1\stage_summary_2022_UPTCL_675630_1.pdf"
"https://etender.up.nic.in","CABLE","AOC","134","2022_UPTCL_675622_1","[Providing Assistance in Operational Work, Preventive, General B/D maintenance, General Cleaning Cutting of Grass, Cleaning of Cable Trenches at 132KV Substation Budaun under E.T.D., Budaun during the Period of 1 Year ][Short Term E-Tender No. 73/W/ETC(B)/2021-22]","UP Power Transmission Corp.Ltd (Operation)||Chief Engineer (TC) Lucknow||SE ETC Bareilly","AOC","Providing Assistance in Operational Work, Preventive, General B/D maintenance, General Cleaning Cutting of Grass, Cleaning of Cable Trenches at 132KV Substation Budaun under E.T.D., Budaun during the Period of 1 Year","Short Term E-Tender No. 73/W/ETC(B)/2021-22","downloads\etender.up.nic.in\2022_UPTCL_675622_1\stage_summary_2022_UPTCL_675622_1.pdf"
"https://etender.up.nic.in","CABLE","AOC","135","2022_UPTCL_674970_1","[Providing Assistance in Operational Work, Preventive, General B/D maintenance, General Cleaning Cutting of Grass, Cleaning of Cable Trenches at 132KV SAS Substation Nawabganj under E.T.D.-II, Bareilly during the Period of 1 Year][against E-Tender No. 63/W/WTC(B)/2021-22]","UP Power Transmission Corp.Ltd (Operation)||Chief Engineer (TC) Lucknow||SE ETC Bareilly","AOC","Providing Assistance in Operational Work, Preventive, General B/D maintenance, General Cleaning Cutting of Grass, Cleaning of Cable Trenches at 132KV SAS Substation Nawabganj under E.T.D.-II, Bareilly during the Period of 1 Year","against E-Tender No. 63/W/WTC(B)/2021-22","downloads\etender.up.nic.in\2022_UPTCL_674970_1\stage_summary_2022_UPTCL_674970_1.pdf"
"https://etender.up.nic.in","CABLE","AOC","136","2022_UPTCL_674349_1","[OPERATIONAL WORK AND PREVENTIVE/ROUTINE AND GENERAL /EMERGENCY BREAKDOWN MAINTENANCE INCLUDING DAILY GENERAL CLEANING,REGULAR MAINTENANCE OF LAWNS, OPERATION AND ROUTINE MINOR MAINTENANCE OF MULSIFIRE, HYDRANT SYSTEM AND CLEANING OF CABLE TRENCEHE][E-Tender no. 78/2021-22/ETC/VNS]","UP Power Transmission Corp.Ltd (Operation)||Chief Engineer (TE) East Allahabad||S.E. ETC Varanasi","AOC","OPERATIONAL WORK AND PREVENTIVE/ROUTINE AND GENERAL /EMERGENCY BREAKDOWN MAINTENANCE INCLUDING DAILY GENERAL CLEANING,REGULAR MAINTENANCE OF LAWNS, OPERATION AND ROUTINE MINOR MAINTENANCE OF MULSIFIRE, HYDRANT SYSTEM AND CLEANING OF CABLE TRENCEHE","E-Tender no. 78/2021-22/ETC/VNS","downloads\etender.up.nic.in\2022_UPTCL_674349_1\stage_summary_2022_UPTCL_674349_1.pdf"
"https://etender.up.nic.in","CABLE","AOC","137","2022_UPPCL_718324_1","[Supply And Laying of Aluminium Cable in Vidhyut Seva Ayog Building And Other Electrical Works in Shakti Bhawan Extension Building lucknow][ 17/MU/SBE/LKO/2022-23 ]","Uttar Pradesh Power Corporation Ltd.||SE Civil HQ Shakti Bhawan Extension||EE Civil HQ Attached to CE Civil 2||SE Civil HQ||EE Maintenance Unit","AOC","Supply And Laying of Aluminium Cable in Vidhyut Seva Ayog Building And Other Electrical Works in Shakti Bhawan Extension Building lucknow","17/MU/SBE/LKO/2022-23","downloads\etender.up.nic.in\2022_UPPCL_718324_1\stage_summary_2022_UPPCL_718324_1.pdf"
"https://etender.up.nic.in","CABLE","AOC","138","2022_UPPCL_699441_1","[Supply And Laying of 400 Sqmm Cable in shakti Bhawan Extension Building Lucknow][08/MU/SBE/LKO/2022-23 ]","Uttar Pradesh Power Corporation Ltd.||SE Civil HQ Shakti Bhawan Extension||EE Civil HQ Attached to CE Civil 2||SE Civil HQ||EE Maintenance Unit","AOC","Supply And Laying of 400 Sqmm Cable in shakti Bhawan Extension Building Lucknow","08/MU/SBE/LKO/2022-23","downloads\etender.up.nic.in\2022_UPPCL_699441_1\stage_summary_2022_UPPCL_699441_1.pdf"
"https://etender.up.nic.in","CABLE","AOC","139","2022_UPPCL_685424_1","[Supply and Laying of Cable to Keep Data Centers Equipments Energized During shut down][ 01/MU/SBE/LKO/2022-23]","Uttar Pradesh Power Corporation Ltd.||SE Civil HQ Shakti Bhawan Extension||EE Civil HQ Attached to CE Civil 2||SE Civil HQ||EE Maintenance Unit","AOC","Supply and Laying of Cable to Keep Data Centers Equipments Energized During shut down","01/MU/SBE/LKO/2022-23","downloads\etender.up.nic.in\2022_UPPCL_685424_1\stage_summary_2022_UPPCL_685424_1.pdf"
"https://etender.up.nic.in","CABLE","AOC","140","2022_UPJNM_680186_1","[Road Cutting Restoration backfilling for Supply laying termination and commissioning of 300sq mm 3 core XLPE cable 260mtr in HDPE duct and dismantling of 33 KV HT Over Head line in Bhelupur water works campus Varanasi][911/ETENDER/13/16.03.2022]","U P Jal Nigam (HQ), Lucknow||Chief Engineer (Varanasi)||SE, CC (E-M), Varanasi||EE Yantrik Division (2nd) Varanasi","AOC","Road Cutting Restoration backfilling for Supply laying termination and commissioning of 300sq mm 3 core XLPE cable 260mtr in HDPE duct and dismantling of 33 KV HT Over Head line in Bhelupur water works campus Varanasi","911/ETENDER/13/16.03.2022","downloads\etender.up.nic.in\2022_UPJNM_680186_1\stage_summary_2022_UPJNM_680186_1.pdf"
"https://etender.up.nic.in","CABLE","AOC","141","2022_UPIDM_755416_1","[ETENDER 40/EE/LICD,VNS/HT CABLE/400MM SQ MM/IP 2][etender no.40/EE/LICD,VNS/HT CABLE/400MM2/IP2]","U P Irrigation Department (Mechanical)||Chief Engineer (Tubewell Varanasi)||Superintending Engineer (L S M) Varanasi||Executive Engineer(L S N Khand) Varanasi","AOC","ETENDER 40/EE/LICD,VNS/HT CABLE/400MM SQ MM/IP 2","etender no.40/EE/LICD,VNS/HT CABLE/400MM2/IP2","downloads\etender.up.nic.in\2022_UPIDM_755416_1\stage_summary_2022_UPIDM_755416_1.pdf"
"https://etender.up.nic.in","CABLE","AOC","142","2022_UPIDM_754543_1","[Providing, installation, commissioning and testing of 100 K.V.A, 1500 rpm, 3 phase, 415V, 0.80 P.F D.G Set alongwith providing and fitting 630 amp new switchgear exchanger for L.T Panel and L.T cable connection with DG set and providing maintenance f][18/EE/SMCD/2022-23]","U P Irrigation Department (Mechanical)||Chief Engineer (Tubewell Varanasi)||Superintending Engineer (L S M) Varanasi||Executive Engineer(S Y N Khand) Varanasi","AOC","Providing, installation, commissioning and testing of 100 K.V.A, 1500 rpm, 3 phase, 415V, 0.80 P.F D.G Set alongwith providing and fitting 630 amp new switchgear exchanger for L.T Panel and L.T cable connection with DG set and providing maintenance f","18/EE/SMCD/2022-23","downloads\etender.up.nic.in\2022_UPIDM_754543_1\stage_summary_2022_UPIDM_754543_1.pdf"
"https://etender.up.nic.in","CABLE","AOC","143","2022_UPIDM_750500_1","[ETENDER 37/EE/LICD,VNS/HT CABLE/400MM2/I P 4][etender no.37/EE/LICD,VNS/HT CABLE/I P 4]","U P Irrigation Department (Mechanical)||Chief Engineer (Tubewell Varanasi)||Superintending Engineer (L S M) Varanasi||Executive Engineer(L S N Khand) Varanasi","AOC","ETENDER 37/EE/LICD,VNS/HT CABLE/400MM2/I P 4","etender no.37/EE/LICD,VNS/HT CABLE/I P 4","downloads\etender.up.nic.in\2022_UPIDM_750500_1\stage_summary_2022_UPIDM_750500_1.pdf"
"https://etender.up.nic.in","CABLE","AOC","144","2022_UPIDM_750315_1","[ETENDER 35/EE/LICD VNS/HT CABLE/400MM2/I P 3][etender no. 35/EE/LICD,VNS/HT CABLE/400MM2/I P3]","U P Irrigation Department (Mechanical)||Chief Engineer (Tubewell Varanasi)||Superintending Engineer (L S M) Varanasi||Executive Engineer(L S N Khand) Varanasi","AOC","ETENDER 35/EE/LICD VNS/HT CABLE/400MM2/I P 3","etender no. 35/EE/LICD,VNS/HT CABLE/400MM2/I P3","downloads\etender.up.nic.in\2022_UPIDM_750315_1\stage_summary_2022_UPIDM_750315_1.pdf"
"https://etender.up.nic.in","CABLE","AOC","145","2022_UPIDM_742662_1","[PROVIDING AND LAYING 3 CORE 400 sq mm 11 KV HT XLPE CABLE ][etender notice no.17/EE/LICD,VNS/HT CABLE/400MM2]","U P Irrigation Department (Mechanical)||Chief Engineer (Tubewell Varanasi)||Superintending Engineer (L S M) Varanasi||Executive Engineer(L S N Khand) Varanasi","AOC","PROVIDING AND LAYING 3 CORE 400 sq mm 11 KV HT XLPE CABLE","etender notice no.17/EE/LICD,VNS/HT CABLE/400MM2","downloads\etender.up.nic.in\2022_UPIDM_742662_1\stage_summary_2022_UPIDM_742662_1.pdf"
"https://etender.up.nic.in","CABLE","AOC","146","2022_UPIDM_691882_21","[Providing and Laying Aluminium Conductor P.V.C. Sheathed cable 1100 volts grouting with M.S. Clamps of 3.5x400 Sqm. size complete in all respects at Manikpur Bhujana Pump Canal as directed by Engineer in Charge .][01/E.E.MLCD/2022-23]","U P Irrigation Department (Mechanical)||Chief Engineer (Tubewell Varanasi)||Superintending Engineer (Tubewell) Varanasi||Executive Engineer (MLCD) Varanasi","AOC","Providing and Laying Aluminium Conductor P.V.C. Sheathed cable 1100 volts grouting with M.S. Clamps of 3.5x400 Sqm. size complete in all respects at Manikpur Bhujana Pump Canal as directed by Engineer in Charge .","01/E.E.MLCD/2022-23","downloads\etender.up.nic.in\2022_UPIDM_691882_21\stage_summary_2022_UPIDM_691882_21.pdf"
"https://etender.up.nic.in","CABLE","AOC","147","2022_UPIDM_691882_17","[Providing and Laying Aluminium Conductor P.V.C. Sheathed cable 1100 volts grouting with M.S. Clamps of 3.5x400 Sqm. size complete in all respects at Adalpura Pump Canal as directed by Engineer in Charge][01/E.E.MLCD/2022-23]","U P Irrigation Department (Mechanical)||Chief Engineer (Tubewell Varanasi)||Superintending Engineer (Tubewell) Varanasi||Executive Engineer (MLCD) Varanasi","AOC","Providing and Laying Aluminium Conductor P.V.C. Sheathed cable 1100 volts grouting with M.S. Clamps of 3.5x400 Sqm. size complete in all respects at Adalpura Pump Canal as directed by Engineer in Charge","01/E.E.MLCD/2022-23","downloads\etender.up.nic.in\2022_UPIDM_691882_17\stage_summary_2022_UPIDM_691882_17.pdf"
"https://etender.up.nic.in","CABLE","AOC","148","2022_UPIDM_691882_16","[Providing and Laying Aluminium Conductor P.V.C. Sheathed cable 1100 volts grouting with M.S. Clamps of 3.5x630 Sqm. size complete in all respects at Adalpura Pump Canal as directed by Engineer in Charge][01/E.E.MLCD/2022-23]","U P Irrigation Department (Mechanical)||Chief Engineer (Tubewell Varanasi)||Superintending Engineer (Tubewell) Varanasi||Executive Engineer (MLCD) Varanasi","AOC","Providing and Laying Aluminium Conductor P.V.C. Sheathed cable 1100 volts grouting with M.S. Clamps of 3.5x630 Sqm. size complete in all respects at Adalpura Pump Canal as directed by Engineer in Charge","01/E.E.MLCD/2022-23","downloads\etender.up.nic.in\2022_UPIDM_691882_16\stage_summary_2022_UPIDM_691882_16.pdf"
"https://etender.up.nic.in","CABLE","AOC","149","2022_UPIDC_763329_5","[RESTORATION AND REPAIRING OF RESIDENCE QTRS TYPE I BLOCK HA HA 1 TO HA 6 SUPPLY AND REPLACING OF ELECTRIC CABLES AND CLEANING WORK OF COLONY DRAINS AT CANAL COLONY OKHLA NEW DELHI 25][19/EE/2022-23]","U P Irrigation Department (Civil)||Chief Engineer ( Yamuna) Okhla||S E Irrigation Works Circle III Agra||E E Head Works Division Agra Canal Okhla","AOC","RESTORATION AND REPAIRING OF RESIDENCE QTRS TYPE I BLOCK HA HA 1 TO HA 6 SUPPLY AND REPLACING OF ELECTRIC CABLES AND CLEANING WORK OF COLONY DRAINS AT CANAL COLONY OKHLA NEW DELHI 25","19/EE/2022-23","downloads\etender.up.nic.in\2022_UPIDC_763329_5\stage_summary_2022_UPIDC_763329_5.pdf"
"https://etender.up.nic.in","CABLE","AOC","150","2022_UPIDC_678638_43","[Providing and fixing Lights and cable at Dr. ram Manohar Lohiya Parikalp Bhawan, telibagh, Lucknow.(LOT-43)][05/AE-IV/2021-22]","U P Irrigation Department (Civil)||Chief Engineer-Sharda Sahayak, Lucknow||VII Circle Irrigation Works, Lucknow||Lucknow Division Sharda Canal Lucknow","AOC","Providing and fixing Lights and cable at Dr. ram Manohar Lohiya Parikalp Bhawan, telibagh, Lucknow.(LOT-43)","05/AE-IV/2021-22","downloads\etender.up.nic.in\2022_UPIDC_678638_43\stage_summary_2022_UPIDC_678638_43.pdf"
"https://etender.up.nic.in","CABLE","AOC","151","2022_UPCTL_708310_1","[Contruction of 03 No. 132 KV P.T. Foundation and Cable Trench At 132 KV S/S Rath, Distt-Hamairpur.][Short term E-Notice No. 01(01)/ECTD(B)/2022-23]","UP Power Transmission Corp.Ltd (Works and Projects))||Chief Engineer (Civil-1)||Jhansi Circle||Banda Division","AOC","Contruction of 03 No. 132 KV P.T. Foundation and Cable Trench At 132 KV S/S Rath, Distt-Hamairpur.","Short term E-Notice No. 01(01)/ECTD(B)/2022-23","downloads\etender.up.nic.in\2022_UPCTL_708310_1\stage_summary_2022_UPCTL_708310_1.pdf"
"https://etender.up.nic.in","CABLE","AOC","152","2022_UPCTL_691246_1","[Civil work related to Construction of new trench cover and repair of damaged cable trench at 132 KV Sub Station Rasra District Ballia][Tender Notice 03(05)/ECTC/GKP/2022-23]","UP Power Transmission Corp.Ltd (Works and Projects))||Chief Engineer (Civil-2)||Gorakhpur Circle","AOC","Civil work related to Construction of new trench cover and repair of damaged cable trench at 132 KV Sub Station Rasra District Ballia","Tender Notice 03(05)/ECTC/GKP/2022-23","downloads\etender.up.nic.in\2022_UPCTL_691246_1\stage_summary_2022_UPCTL_691246_1.pdf"
"https://etender.up.nic.in","CABLE","AOC","153","2022_SCIDC_703537_1","[L/O Cable at Government Leather Institute Nunhai Agra][03/Elect./Agra/2022-23 Dated-27/05/2022]","U.P. State Construction and Infrastructure Development Corporation Ltd.||Electrical Division Bareilly","AOC","L/O Cable at Government Leather Institute Nunhai Agra","03/Elect./Agra/2022-23 Dated-27/05/2022","downloads\etender.up.nic.in\2022_SCIDC_703537_1\stage_summary_2022_SCIDC_703537_1.pdf"
"https://etender.up.nic.in","CABLE","AOC","154","2022_SAD_717971_1","[supply of 8 port unmanaged switch,Apple USB-C Digital AV Multiport Adapter,4K Ultra HD Cable with Ethernet 2.0V HDTV 10 Mtr. , Samsung Tablet S6 Cover Key Pad][20-13006(001)/586/2020-SAD-13]","Sachivalaya Administration Department","AOC","supply of 8 port unmanaged switch,Apple USB-C Digital AV Multiport Adapter,4K Ultra HD Cable with Ethernet 2.0V HDTV 10 Mtr. , Samsung Tablet S6 Cover Key Pad","20-13006(001)/586/2020-SAD-13","downloads\etender.up.nic.in\2022_SAD_717971_1\stage_summary_2022_SAD_717971_1.pdf"
"https://etender.up.nic.in","CABLE","AOC","155","2022_RVUNL_737702_1","[Maintenance of Lighting system Electrical Hoist Cable laying and maintenance of suspended magnets and Daily Site Store handling of CHP, 3x210MW, ATPS, Anapra][02/CHD-II/ATPS/2022-23]","UP Rajya Vidyut Utpadan Nigam Ltd||Anpara Thermal Power Project- UPRVUNL- Sonebhadra","AOC","Maintenance of Lighting system Electrical Hoist Cable laying and maintenance of suspended magnets and Daily Site Store handling of CHP, 3x210MW, ATPS, Anapra","02/CHD-II/ATPS/2022-23","downloads\etender.up.nic.in\2022_RVUNL_737702_1\stage_summary_2022_RVUNL_737702_1.pdf"
"https://etender.up.nic.in","CABLE","AOC","156","2022_RVUNL_736356_1","[ROUTINE UPKEEP HT/LT CABLE CRANE HOIST EXHAUST FAN AND MISCELLANEOUS WORK AT BTPS PARICHHA][N-PAR////6000000654-00]","UP Rajya Vidyut Utpadan Nigam Ltd||Parichha Thermal Power Project- UPRVUNL- Jhansi","AOC","ROUTINE UPKEEP HT/LT CABLE CRANE HOIST EXHAUST FAN AND MISCELLANEOUS WORK AT BTPS PARICHHA","N-PAR////6000000654-00","downloads\etender.up.nic.in\2022_RVUNL_736356_1\stage_summary_2022_RVUNL_736356_1.pdf"
"https://etender.up.nic.in","CABLE","AOC","157","2022_RVUNL_723800_1","[Cleaning of Plus 4 Meter and Minus 4 Meter cable Gallery, HT LT Switchgear and site offices pertaining to EMD II , C, T.P.S., Kasimpur.][ET-11/OandMC IV/DTPS/EMD II/CTPS/2022-23]","UP Rajya Vidyut Utpadan Nigam Ltd||Harduaganj Thermal Power Project- UPRVUNL- Aligarh","AOC","Cleaning of Plus 4 Meter and Minus 4 Meter cable Gallery, HT LT Switchgear and site offices pertaining to EMD II , C, T.P.S., Kasimpur.","ET-11/OandMC IV/DTPS/EMD II/CTPS/2022-23","downloads\etender.up.nic.in\2022_RVUNL_723800_1\stage_summary_2022_RVUNL_723800_1.pdf"
"https://etender.up.nic.in","CABLE","AOC","158","2022_RVUNL_721934_1","[Work of Laying of 11 KV XLPE Cable Double Circuit across the road through HDD Micro tunneling Method to replace existing Overhead Electric Supply feeder to New Staff Colony PTEP Panki in view of Construction of Railway Over Bridge on Panki Kalyanpur ][ET04PTEPEMCCIIIEMCDVIII202223]","UP Rajya Vidyut Utpadan Nigam Ltd||Panki Thermal Power Project, UPRVUNL, Kanpur","AOC","Work of Laying of 11 KV XLPE Cable Double Circuit across the road through HDD Micro tunneling Method to replace existing Overhead Electric Supply feeder to New Staff Colony PTEP Panki in view of Construction of Railway Over Bridge on Panki Kalyanpur","ET04PTEPEMCCIIIEMCDVIII202223","downloads\etender.up.nic.in\2022_RVUNL_721934_1\stage_summary_2022_RVUNL_721934_1.pdf"
"https://etender.up.nic.in","CABLE","AOC","159","2022_RVUNL_721605_1","[Upkeeping of boundary wall lighting, plant offices lighting ,lighting fixtures panels, cables, DG Set, Dewatering pump of 2x110MW and Routine Breakdown Maintenance of illumination systems of main plant, BOP including Chimney of BTPS PTPP Parichha][N-PAR////6000000491_00]","UP Rajya Vidyut Utpadan Nigam Ltd||Parichha Thermal Power Project- UPRVUNL- Jhansi","AOC","Upkeeping of boundary wall lighting, plant offices lighting ,lighting fixtures panels, cables, DG Set, Dewatering pump of 2x110MW and Routine Breakdown Maintenance of illumination systems of main plant, BOP including Chimney of BTPS PTPP Parichha","N-PAR////6000000491_00","downloads\etender.up.nic.in\2022_RVUNL_721605_1\stage_summary_2022_RVUNL_721605_1.pdf"
"https://etender.up.nic.in","CABLE","AOC","160","2022_RVUNL_714613_1","[Up keeping, Routine and Preventive maintenance of auxiliaries at PT-I and PT-II and to assist in Hydrogen PLANT AND Up keeping of cable gallery, T.G. Hall, DM Plant area][02/OMC-I/OGD/ATPS/2022-23]","UP Rajya Vidyut Utpadan Nigam Ltd||Anpara Thermal Power Project- UPRVUNL- Sonebhadra","AOC","Up keeping, Routine and Preventive maintenance of auxiliaries at PT-I and PT-II and to assist in Hydrogen PLANT AND Up keeping of cable gallery, T.G. Hall, DM Plant area","02/OMC-I/OGD/ATPS/2022-23","downloads\etender.up.nic.in\2022_RVUNL_714613_1\stage_summary_2022_RVUNL_714613_1.pdf"
"https://etender.up.nic.in","CABLE","AOC","161","2022_RVUNL_707624_1","[ROUTINE BREAKDOWN MAINTENANCE OF HT LT CABLE][05/EMD-II/BTPS/2022-23]","UP Rajya Vidyut Utpadan Nigam Ltd||Anpara Thermal Power Project- UPRVUNL- Sonebhadra","AOC","ROUTINE BREAKDOWN MAINTENANCE OF HT LT CABLE","05/EMD-II/BTPS/2022-23","downloads\etender.up.nic.in\2022_RVUNL_707624_1\stage_summary_2022_RVUNL_707624_1.pdf"
"https://etender.up.nic.in","CABLE","AOC","162","2022_RVUNL_677586_1","[Upkeep of 6.6 KV, 0.4 KV switchgears,MCC, DC system and DG Set etc. Removal of firm Ash,Mud from underground cable tunnels,trenches of Boiler area ][03/OMC-IV/EMD-II/ATPS/2022-23]","UP Rajya Vidyut Utpadan Nigam Ltd||Anpara Thermal Power Project- UPRVUNL- Sonebhadra","AOC","Upkeep of 6.6 KV, 0.4 KV switchgears,MCC, DC system and DG Set etc. Removal of firm Ash,Mud from underground cable tunnels,trenches of Boiler area","03/OMC-IV/EMD-II/ATPS/2022-23","downloads\etender.up.nic.in\2022_RVUNL_677586_1\stage_summary_2022_RVUNL_677586_1.pdf"
"https://etender.up.nic.in","CABLE","AOC","163","2022_RVUNL_675737_1","[upkeep cleaning of switchyard and cable trays galleries of btps][03/EMD-II/BTPS/2022-23]","UP Rajya Vidyut Utpadan Nigam Ltd||Anpara Thermal Power Project- UPRVUNL- Sonebhadra","AOC","upkeep cleaning of switchyard and cable trays galleries of btps","03/EMD-II/BTPS/2022-23","downloads\etender.up.nic.in\2022_RVUNL_675737_1\stage_summary_2022_RVUNL_675737_1.pdf"
"https://etender.up.nic.in","CABLE","AOC","164","2022_PVVNV_763129_1","[CONSTRUCTION OF SECURITY FENCING ,CABLE TRENCH ,PATHWAY, FIRE WALL, TURFING WORK AND OTHER MISC CIVIL WORK AT 33/11 kV SUB STATION-HIGH COURT(NEW), DISTRICT- PRAYAGRAJ][33/2022-23/ECD(D)/PRAYAGRAJ/s]","Purvanchal Vidyut Vitran Nigam Limited Varanasi","AOC","CONSTRUCTION OF SECURITY FENCING ,CABLE TRENCH ,PATHWAY, FIRE WALL, TURFING WORK AND OTHER MISC CIVIL WORK AT 33/11 kV SUB STATION-HIGH COURT(NEW), DISTRICT- PRAYAGRAJ","33/2022-23/ECD(D)/PRAYAGRAJ/s","downloads\etender.up.nic.in\2022_PVVNV_763129_1\stage_summary_2022_PVVNV_763129_1.pdf"
"https://etender.up.nic.in","CABLE","AOC","165","2022_PVVNV_702604_1","[SUPPLY OF 11 KV XLPE CABLE JOINTING KIT][04/EDC-II(G)/2022-23]","Purvanchal Vidyut Vitran Nigam Limited Varanasi||Chief Engineer (D) PuVVNL Gorakhpur","AOC","SUPPLY OF 11 KV XLPE CABLE JOINTING KIT","04/EDC-II(G)/2022-23","downloads\etender.up.nic.in\2022_PVVNV_702604_1\stage_summary_2022_PVVNV_702604_1.pdf"
"https://etender.up.nic.in","CABLE","AOC","166","2022_PVVNV_694303_1","[AB CABLE][EAV-12/2022-23]","Purvanchal Vidyut Vitran Nigam Limited Varanasi","AOC","AB CABLE","EAV-12/2022-23","downloads\etender.up.nic.in\2022_PVVNV_694303_1\stage_summary_2022_PVVNV_694303_1.pdf"
"https://etender.up.nic.in","CABLE","AOC","167","2022_PVVNL_712683_1","[ATTENDING AND REPAIRING OF FAULTS OF DAMAGED 33 KV AND 11 KV UNDERGROUND CABLES IN THE AREA OF EUDC, MORADABAD BY DEPARTMENTAL TROLLY MOUNTED CABLE FAULT LOCATOR (F/Y 2022-23) UNDER THE JURISDICTION OF EUDC, MORADABAD.][ST-25/EUDC(M)/2022-23]","Paschimanchal Vidyut Vitran Nigam Ltd.","AOC","ATTENDING AND REPAIRING OF FAULTS OF DAMAGED 33 KV AND 11 KV UNDERGROUND CABLES IN THE AREA OF EUDC, MORADABAD BY DEPARTMENTAL TROLLY MOUNTED CABLE FAULT LOCATOR (F/Y 2022-23) UNDER THE JURISDICTION OF EUDC, MORADABAD.","ST-25/EUDC(M)/2022-23","downloads\etender.up.nic.in\2022_PVVNL_712683_1\stage_summary_2022_PVVNL_712683_1.pdf"
"https://etender.up.nic.in","CABLE","AOC","168","2022_PVVNL_703858_1","[Construction of Overhead line in place of damage underground cable of 11 kv feeder Deewan Ka Bazar emanating from 33/11 kv S/s Daulatbagh Moradabad under the Jurisdiction of EUDD-II, Moradabad.][ST-22/EUDC(M)/2022-23]","Paschimanchal Vidyut Vitran Nigam Ltd.","AOC","Construction of Overhead line in place of damage underground cable of 11 kv feeder Deewan Ka Bazar emanating from 33/11 kv S/s Daulatbagh Moradabad under the Jurisdiction of EUDD-II, Moradabad.","ST-22/EUDC(M)/2022-23","downloads\etender.up.nic.in\2022_PVVNL_703858_1\stage_summary_2022_PVVNL_703858_1.pdf"
"https://etender.up.nic.in","CABLE","AOC","169","2022_KESCO_699111_1","[Laying of 33 kV XLPE additional cable from 132/33 kV MSKP to Blis Hospital Barra Petrol Line under EUDD-World Bank Barra, Kesco, Kanpur.][02/Const./2022-23]","Kanpur Electricity Supply Company Limited","AOC","Laying of 33 kV XLPE additional cable from 132/33 kV MSKP to Blis Hospital Barra Petrol Line under EUDD-World Bank Barra, Kesco, Kanpur.","02/Const./2022-23","downloads\etender.up.nic.in\2022_KESCO_699111_1\stage_summary_2022_KESCO_699111_1.pdf"
"https://etender.up.nic.in","CABLE","AOC","170","2022_GORDA_716933_5","[Work Electricity supply and lighting work for cable taping of Patrakarpuram and Patrakarpuram extension housing scheme.][15/GDA/2022-23/16072022 ]","Gorakhpur Development Authority","AOC","Work Electricity supply and lighting work for cable taping of Patrakarpuram and Patrakarpuram extension housing scheme.","15/GDA/2022-23/16072022","downloads\etender.up.nic.in\2022_GORDA_716933_5\stage_summary_2022_GORDA_716933_5.pdf"
"https://etender.up.nic.in","CABLE","AOC","171","2022_GORDA_700171_9","[Work of replacement of damaged LT cable and damaged panel for fountain of 05 No. Cascade from Widget gate to Circuit house. (Electrification related work)][09/GDA/2022-23/17052022]","Gorakhpur Development Authority","AOC","Work of replacement of damaged LT cable and damaged panel for fountain of 05 No. Cascade from Widget gate to Circuit house. (Electrification related work)","09/GDA/2022-23/17052022","downloads\etender.up.nic.in\2022_GORDA_700171_9\stage_summary_2022_GORDA_700171_9.pdf"
"https://etender.up.nic.in","CABLE","AOC","172","2022_DVVNL_759872_1","[The work of replacement of damaged underground 11 KV XLPE Cable at near Railway Station Jakhaura under 33/11 KV Sub-Station, Mataundh under EUDD, Banda][EDCBNDA-29/2022-23]","Dakshinanchal Vidyut Vitran Nigam Ltd.","AOC","The work of replacement of damaged underground 11 KV XLPE Cable at near Railway Station Jakhaura under 33/11 KV Sub-Station, Mataundh under EUDD, Banda","EDCBNDA-29/2022-23","downloads\etender.up.nic.in\2022_DVVNL_759872_1\stage_summary_2022_DVVNL_759872_1.pdf"
"https://etender.up.nic.in","CABLE","AOC","173","2022_DVVNL_733154_3","[For supply of 33 KV Cable Jointing Kit and Straight Through under EDD- Kheragarh][41/EDCA/2022-23]","Dakshinanchal Vidyut Vitran Nigam Ltd.","AOC","For supply of 33 KV Cable Jointing Kit and Straight Through under EDD- Kheragarh","41/EDCA/2022-23","downloads\etender.up.nic.in\2022_DVVNL_733154_3\stage_summary_2022_DVVNL_733154_3.pdf"
"https://etender.up.nic.in","CABLE","AOC","174","2022_DVVNL_733140_3","[For supply of 33 KV Cable Jointing Kits and Straight Through Under EDD-4 Kiraoli][40/EDCA/2022-23]","Dakshinanchal Vidyut Vitran Nigam Ltd.","AOC","For supply of 33 KV Cable Jointing Kits and Straight Through Under EDD-4 Kiraoli","40/EDCA/2022-23","downloads\etender.up.nic.in\2022_DVVNL_733140_3\stage_summary_2022_DVVNL_733140_3.pdf"
"https://etender.up.nic.in","CABLE","AOC","175","2022_DVVNL_733116_1","[For Supply of 33 KV Cable Jointing Kits and Straight Through under EDD-2 Agra.][39/EDCA/2022-23]","Dakshinanchal Vidyut Vitran Nigam Ltd.","AOC","For Supply of 33 KV Cable Jointing Kits and Straight Through under EDD-2 Agra.","39/EDCA/2022-23","downloads\etender.up.nic.in\2022_DVVNL_733116_1\stage_summary_2022_DVVNL_733116_1.pdf"
"https://etender.up.nic.in","CABLE","AOC","176","2022_DVVNL_733096_2","[For Supply of 33 KV Cable Jointing Kits and Straight Through under EDD-1 Agra.][38/EDCA/2022-23]","Dakshinanchal Vidyut Vitran Nigam Ltd.","AOC","For Supply of 33 KV Cable Jointing Kits and Straight Through under EDD-1 Agra.","38/EDCA/2022-23","downloads\etender.up.nic.in\2022_DVVNL_733096_2\stage_summary_2022_DVVNL_733096_2.pdf"
"https://etender.up.nic.in","CABLE","AOC","177","2022_DVVNL_714113_1","[11kv/33kv cable maintenance of EDSD-Laxminagar under EDD-III Mathura][22/EDC-II(M)/2022-23]","Dakshinanchal Vidyut Vitran Nigam Ltd.","AOC","11kv/33kv cable maintenance of EDSD-Laxminagar under EDD-III Mathura","22/EDC-II(M)/2022-23","downloads\etender.up.nic.in\2022_DVVNL_714113_1\stage_summary_2022_DVVNL_714113_1.pdf"
"https://etender.up.nic.in","CABLE","AOC","178","2022_DVVNL_699905_2","[Supply of various type 11 KV Cable jointing kit, PG Clamp, F-Bracket, Stone Pad, GI Pipe, GI Barbed wire, Number Plate, Danger Board, Stay Insulator, Earthing Clamp etc. under Full Deposit Scheme][06/CE(D)/BZ/DVVNL/2022-23]","Dakshinanchal Vidyut Vitran Nigam Ltd.","AOC","Supply of various type 11 KV Cable jointing kit, PG Clamp, F-Bracket, Stone Pad, GI Pipe, GI Barbed wire, Number Plate, Danger Board, Stay Insulator, Earthing Clamp etc. under Full Deposit Scheme","06/CE(D)/BZ/DVVNL/2022-23","downloads\etender.up.nic.in\2022_DVVNL_699905_2\stage_summary_2022_DVVNL_699905_2.pdf"
"https://etender.up.nic.in","CABLE","AOC","179","2022_DVVNL_699901_2","[Supply of various type 11 kv cable jointing kit, PG Clamp and stone pad etc. under Full Deposit Scheme][02/CE(D)/BZ/DVVNL/2022-23]","Dakshinanchal Vidyut Vitran Nigam Ltd.","AOC","Supply of various type 11 kv cable jointing kit, PG Clamp and stone pad etc. under Full Deposit Scheme","02/CE(D)/BZ/DVVNL/2022-23","downloads\etender.up.nic.in\2022_DVVNL_699901_2\stage_summary_2022_DVVNL_699901_2.pdf"
"https://etender.up.nic.in","CABLE","AOC","180","2022_DVVNL_699899_2","[Supply of various size/type Cable Jointing Kits under Full Deposit Scheme][01/CE(D)/BZ/DVVNL/2022-23]","Dakshinanchal Vidyut Vitran Nigam Ltd.","AOC","Supply of various size/type Cable Jointing Kits under Full Deposit Scheme","01/CE(D)/BZ/DVVNL/2022-23","downloads\etender.up.nic.in\2022_DVVNL_699899_2\stage_summary_2022_DVVNL_699899_2.pdf"
"https://etender.up.nic.in","CABLE","AOC","181","2022_DVVNL_696313_1","[For Supply of Different type 11 KV Cable Jointing Kit and Straight Through under EDC-1 AGRA][04/EDCA/2022-23]","Dakshinanchal Vidyut Vitran Nigam Ltd.","AOC","For Supply of Different type 11 KV Cable Jointing Kit and Straight Through under EDC-1 AGRA","04/EDCA/2022-23","downloads\etender.up.nic.in\2022_DVVNL_696313_1\stage_summary_2022_DVVNL_696313_1.pdf"
"https://etender.up.nic.in","CABLE","AOC","182","2022_DVVNL_693138_1","[Supply of cable jointing kit for EDD, ATARRA][EDCBNDA-07/2022-23]","Dakshinanchal Vidyut Vitran Nigam Ltd.","AOC","Supply of cable jointing kit for EDD, ATARRA","EDCBNDA-07/2022-23","downloads\etender.up.nic.in\2022_DVVNL_693138_1\stage_summary_2022_DVVNL_693138_1.pdf"
"https://etender.up.nic.in","CABLE","AOC","183","2022_DVVNL_693137_1","[Supply of cable jointing kit for EDD, Banda][EDCBNDA-06/2022-23]","Dakshinanchal Vidyut Vitran Nigam Ltd.","AOC","Supply of cable jointing kit for EDD, Banda","EDCBNDA-06/2022-23","downloads\etender.up.nic.in\2022_DVVNL_693137_1\stage_summary_2022_DVVNL_693137_1.pdf"
"https://etender.up.nic.in","CABLE","AOC","184","2022_DVVNL_693126_1","[Supply of cable jointing kit for EUDD, Banda][EDCBNDA-05/2022-23]","Dakshinanchal Vidyut Vitran Nigam Ltd.","AOC","Supply of cable jointing kit for EUDD, Banda","EDCBNDA-05/2022-23","downloads\etender.up.nic.in\2022_DVVNL_693126_1\stage_summary_2022_DVVNL_693126_1.pdf"
"https://etender.up.nic.in","CABLE","AOC","185","2022_DVVNL_685148_1","[Supply of 11 KV Straight Through cable Box][50/EUDC/Jhs/2021-22]","Dakshinanchal Vidyut Vitran Nigam Ltd.","AOC","Supply of 11 KV Straight Through cable Box","50/EUDC/Jhs/2021-22","downloads\etender.up.nic.in\2022_DVVNL_685148_1\stage_summary_2022_DVVNL_685148_1.pdf"
"https://etender.up.nic.in","CABLE","AOC","186","2022_DVVNL_685135_1","[Supply of 11KV Outdor Cable Box][49/EUDC/Jhs/2021-22]","Dakshinanchal Vidyut Vitran Nigam Ltd.","AOC","Supply of 11KV Outdor Cable Box","49/EUDC/Jhs/2021-22","downloads\etender.up.nic.in\2022_DVVNL_685135_1\stage_summary_2022_DVVNL_685135_1.pdf"
"https://etender.up.nic.in","CABLE","AOC","187","2022_DVVNL_685114_1","[Supply of 11KV Indore Cable Box][48/EUDC/Jhs/2021-22]","Dakshinanchal Vidyut Vitran Nigam Ltd.","AOC","Supply of 11KV Indore Cable Box","48/EUDC/Jhs/2021-22","downloads\etender.up.nic.in\2022_DVVNL_685114_1\stage_summary_2022_DVVNL_685114_1.pdf"
"https://etender.up.nic.in","CABLE","AOC","188","2022_DOLBU_721960_1","[NAGAR PANCHAYAT FAIZGANJ KO PATH PRAKASH BYAVASTHA KE SAUNDIKARAN HETU CABLE LGANE KA KARYA][337/NPF/E-TEN/2022-23/22(8)]","Directorate of Local Bodies UP||Nagar Panchayat Faizganj Badaun","AOC","NAGAR PANCHAYAT FAIZGANJ KO PATH PRAKASH BYAVASTHA KE SAUNDIKARAN HETU CABLE LGANE KA KARYA","337/NPF/E-TEN/2022-23/22(8)","downloads\etender.up.nic.in\2022_DOLBU_721960_1\stage_summary_2022_DOLBU_721960_1.pdf"
"https://etender.up.nic.in","CABLE","AOC","189","2022_DOLBU_718939_7","[20 POLE LIGHT SAHIT ADHISTHAPAN KA KARYA (HANUMAN GADI MOD SE SOMSARVA HOTE HUYE KUNDA TAK PATH PRAKASH KARYA) (7.0 METER G.I. POLE, HAVELS LED LIGHT FLOOD LIGHT 30 WATT ARMOLD CABLE)(UNTIDE GRANT)][897/NPPKAIMGANJ/2022-23]","Directorate of Local Bodies UP||Nagar Palika Parishad Kaimganj Farukhabad","AOC","20 POLE LIGHT SAHIT ADHISTHAPAN KA KARYA (HANUMAN GADI MOD SE SOMSARVA HOTE HUYE KUNDA TAK PATH PRAKASH KARYA) (7.0 METER G.I. POLE, HAVELS LED LIGHT FLOOD LIGHT 30 WATT ARMOLD CABLE)(UNTIDE GRANT)","897/NPPKAIMGANJ/2022-23","downloads\etender.up.nic.in\2022_DOLBU_718939_7\stage_summary_2022_DOLBU_718939_7.pdf"
"https://etender.up.nic.in","CABLE","AOC","190","2022_CEUCZ_728218_11","[Under Dhatingra Area, the work of restoration of roads cut at various PWD roads for repair of drinking water pipes/cables by Jal Nigam, Jal Sansthan, Telecom Companies and Electricity Department. ][5765/E-TENDER/2022-23 Dt 09-09-2022]","Chief Engineer PWD Central Zone,Lucknow||S.E. UPPWD Lucknow||Provincial Division, Lucknow","AOC","Under Dhatingra Area, the work of restoration of roads cut at various PWD roads for repair of drinking water pipes/cables by Jal Nigam, Jal Sansthan, Telecom Companies and Electricity Department.","5765/E-TENDER/2022-23 Dt 09-09-2022","downloads\etender.up.nic.in\2022_CEUCZ_728218_11\stage_summary_2022_CEUCZ_728218_11.pdf"
"https://etender.up.nic.in","CABLE","AOC","191","2022_CEUCZ_724053_43","[Under Takrohi Area, the work of restoration of roads cut at various PWD roads for repair of drinking water pipes/cables by Jal Nigam, Jal Sansthan, Telecom Companies and Electricity Department.][4074/E-Tender/2022-23 Dt 10-08-2022]","Chief Engineer PWD Central Zone,Lucknow||S.E. UPPWD Lucknow||Provincial Division, Lucknow","AOC","Under Takrohi Area, the work of restoration of roads cut at various PWD roads for repair of drinking water pipes/cables by Jal Nigam, Jal Sansthan, Telecom Companies and Electricity Department.","4074/E-Tender/2022-23 Dt 10-08-2022","downloads\etender.up.nic.in\2022_CEUCZ_724053_43\stage_summary_2022_CEUCZ_724053_43.pdf"
"https://etender.up.nic.in","CABLE","AOC","192","2022_CEUCZ_697860_9","[Road restoration work in Ashiyana ward on roads owned by Public Works Department by Jal Sansthan / Electricity Department / Telecom Department on the roads cut for repair of pipeline / electric cable / telecom cable.][1706/E-Tender/2022-23 Dated 19.04.2022]","Chief Engineer PWD Central Zone,Lucknow||S.E. UPPWD Lucknow||Provincial Division, Lucknow","AOC","Road restoration work in Ashiyana ward on roads owned by Public Works Department by Jal Sansthan / Electricity Department / Telecom Department on the roads cut for repair of pipeline / electric cable / telecom cable.","1706/E-Tender/2022-23 Dated 19.04.2022","downloads\etender.up.nic.in\2022_CEUCZ_697860_9\stage_summary_2022_CEUCZ_697860_9.pdf"
"https://etender.up.nic.in","CABLE","AOC","193","2022_CEUCZ_697860_8","[Road restoration work in Southcity ward on roads owned by Public Works Department by Jal Sansthan / Electricity Department / Telecom Department on the roads cut for repair of pipeline / electric cable / telecom cable.][1706/E-Tender/2022-23 Dated 19.04.2022]","Chief Engineer PWD Central Zone,Lucknow||S.E. UPPWD Lucknow||Provincial Division, Lucknow","AOC","Road restoration work in Southcity ward on roads owned by Public Works Department by Jal Sansthan / Electricity Department / Telecom Department on the roads cut for repair of pipeline / electric cable / telecom cable.","1706/E-Tender/2022-23 Dated 19.04.2022","downloads\etender.up.nic.in\2022_CEUCZ_697860_8\stage_summary_2022_CEUCZ_697860_8.pdf"
"https://etender.up.nic.in","CABLE","AOC","194","2022_CEUCZ_697860_10","[Road restoration work in Pawanpuri and Kunjbihari ward on roads owned by Public Works Department by Jal Sansthan / Electricity Department / Telecom Department on the roads cut for repair of pipeline / electric cable / telecom cable.][1706/E-Tender/2022-23 Dated 19.04.2022]","Chief Engineer PWD Central Zone,Lucknow||S.E. UPPWD Lucknow||Provincial Division, Lucknow","AOC","Road restoration work in Pawanpuri and Kunjbihari ward on roads owned by Public Works Department by Jal Sansthan / Electricity Department / Telecom Department on the roads cut for repair of pipeline / electric cable / telecom cable.","1706/E-Tender/2022-23 Dated 19.04.2022","downloads\etender.up.nic.in\2022_CEUCZ_697860_10\stage_summary_2022_CEUCZ_697860_10.pdf"
"https://etender.up.nic.in","CABLE","AOC","195","2022_CEUCZ_697004_7","[Under the Assistant Engineer VII area, the work of restoration of the roads cut for cable laying / repair by the Telecom companies.][1967/E-Tender/2022-23 Dated 02.05.2022]","Chief Engineer PWD Central Zone,Lucknow||S.E. UPPWD Lucknow||Provincial Division, Lucknow","AOC","Under the Assistant Engineer VII area, the work of restoration of the roads cut for cable laying / repair by the Telecom companies.","1967/E-Tender/2022-23 Dated 02.05.2022","downloads\etender.up.nic.in\2022_CEUCZ_697004_7\stage_summary_2022_CEUCZ_697004_7.pdf"
"https://etender.up.nic.in","CABLE","AOC","196","2022_CEKNP_695851_1","[Road cutting Restoration work of Kesa Colony CNG Petrol Pump via Indra Nagar Road to Bairi mod and Kalyanpur bithoor road upto N.H.91 Bypass Kothari Chauraha after laying of 132 K.V. Cable.][1820C/131C-KV/2022-23 Dt. 23.04.2022]","Cheif Engineer Kanpur Zone PWD Kanpur||SE KANPUR CIRCLE PWD KANPUR","AOC","Road cutting Restoration work of Kesa Colony CNG Petrol Pump via Indra Nagar Road to Bairi mod and Kalyanpur bithoor road upto N.H.91 Bypass Kothari Chauraha after laying of 132 K.V. Cable.","1820C/131C-KV/2022-23 Dt. 23.04.2022","downloads\etender.up.nic.in\2022_CEKNP_695851_1\stage_summary_2022_CEKNP_695851_1.pdf"
"https://etender.up.nic.in","CABLE","AOC","197","2021_UPTCL_661951_1","[ERECTION OF 145 KV P.T. ASSOCIATED STRUCTURE, CABLE LAYING AND TERMINATION ][E-Tender no. 62/2021-22/ETC/VNS]","UP Power Transmission Corp.Ltd (Operation)||Chief Engineer (TE) East Allahabad||S.E. ETC Varanasi","AOC","ERECTION OF 145 KV P.T. ASSOCIATED STRUCTURE, CABLE LAYING AND TERMINATION","E-Tender no. 62/2021-22/ETC/VNS","downloads\etender.up.nic.in\2021_UPTCL_661951_1\stage_summary_2021_UPTCL_661951_1.pdf"
"https://etender.up.nic.in","CABLE","AOC","198","2021_UPTCL_661940_1","[GRASS CUTTING AND CABLE TRENCH CLEANING ][Short Term E-Tender no. 61/2021-22/ETC/VNS]","UP Power Transmission Corp.Ltd (Operation)||Chief Engineer (TE) East Allahabad||S.E. ETC Varanasi","AOC","GRASS CUTTING AND CABLE TRENCH CLEANING","Short Term E-Tender no. 61/2021-22/ETC/VNS","downloads\etender.up.nic.in\2021_UPTCL_661940_1\stage_summary_2021_UPTCL_661940_1.pdf"
"https://etender.up.nic.in","CABLE","AOC","199","2021_UPTCL_661934_1","[GRASS CUTTING AND CABLE TRENCH CLEANING ][Short Term E-Tender no. 60/2021-22/ETC/VNS]","UP Power Transmission Corp.Ltd (Operation)||Chief Engineer (TE) East Allahabad||S.E. ETC Varanasi","AOC","GRASS CUTTING AND CABLE TRENCH CLEANING","Short Term E-Tender no. 60/2021-22/ETC/VNS","downloads\etender.up.nic.in\2021_UPTCL_661934_1\stage_summary_2021_UPTCL_661934_1.pdf"
"https://etender.up.nic.in","CABLE","AOC","200","2021_UPTCL_640941_2","[INTER-CONNECTING OF 33 KV TRANSFER BUS (OLD) TO 33 KV TRANSFER BUS (NEW) THROUGH 33 KV XLPE CABLE][Short Term E-Tender no. 48/2021-22/ETC/VNS]","UP Power Transmission Corp.Ltd (Operation)||Chief Engineer (TE) East Allahabad||S.E. ETC Varanasi","AOC","INTER-CONNECTING OF 33 KV TRANSFER BUS (OLD) TO 33 KV TRANSFER BUS (NEW) THROUGH 33 KV XLPE CABLE","Short Term E-Tender no. 48/2021-22/ETC/VNS","downloads\etender.up.nic.in\2021_UPTCL_640941_2\stage_summary_2021_UPTCL_640941_2.pdf"
"https://mahatenders.gov.in","WIRE","Technical Bid Opening","1","2026_SUK_1299955_1","[Providing of new barbed wire and fixing new gate at Quarters No. B-5][2026_2027_197]","Shivaji University Kolhapur||Finance and Accounts Department (Store Section)","Technical Bid Opening","Providing of new barbed wire and fixing new gate at Quarters No. B-5","2026_2027_197","downloads\mahatenders.gov.in\2026_SUK_1299955_1\stage_summary_2026_SUK_1299955_1.pdf"
"https://mahatenders.gov.in","WIRE","Technical Bid Opening","2","2026_NMCN_1294167_1","[Providing and Fixing Green Gym Equipments and Barbed Wire and Construction of Yoga Floor St Sane Guruji Garden in Pr. No. 18][13/32/EEDPDC/2026]","Nagpur Municipal Corporation Nagpur||Public Works","Technical Bid Opening","Providing and Fixing Green Gym Equipments and Barbed Wire and Construction of Yoga Floor St Sane Guruji Garden in Pr. No. 18","13/32/EEDPDC/2026","downloads\mahatenders.gov.in\2026_NMCN_1294167_1\stage_summary_2026_NMCN_1294167_1.pdf"
"https://mahatenders.gov.in","WIRE","Technical Bid Opening","3","2026_MSPHC_1299461_1","[Construction of Compound wall with barbed wire fencing around the plot at Survey No 45/1/B/2 Mouje Hadapsar Dist. Pune.][B1-02/2026-27]","Maharashtra State Police Housing and Welfare Corporation Ltd","Technical Bid Opening","Construction of Compound wall with barbed wire fencing around the plot at Survey No 45/1/B/2 Mouje Hadapsar Dist. Pune.","B1-02/2026-27","downloads\mahatenders.gov.in\2026_MSPHC_1299461_1\stage_summary_2026_MSPHC_1299461_1.pdf"
"https://mahatenders.gov.in","WIRE","Technical Bid Opening","4","2026_MMRDA_1277983_1","[Supply, Configuration and Commissioning of Wireless Network Setup at Mandale Depot with 3 years support][MMMOCL-17013(12)/3/2025-IT]","Mumbai Metropolitan Region Development Authority||Maha Mumbai Metro Operation Corporation||Maintenance Department","Technical Bid Opening","Supply, Configuration and Commissioning of Wireless Network Setup at Mandale Depot with 3 years support","MMMOCL-17013(12)/3/2025-IT","downloads\mahatenders.gov.in\2026_MMRDA_1277983_1\stage_summary_2026_MMRDA_1277983_1.pdf"
"https://mahatenders.gov.in","WIRE","Technical Bid Opening","5","2026_CIDCO_1293937_1","[AMC Services of UHF Trunk System and Wireless Devices at CIDCO Ltd. for the period of 1 year][CA01/CIDCO/T,C/SE(TEL)/2026-27]","City and Industrial Development Corporation of Maharashtra Ltd||Transportation and Communication Department","Technical Bid Opening","AMC Services of UHF Trunk System and Wireless Devices at CIDCO Ltd. for the period of 1 year","CA01/CIDCO/T,C/SE(TEL)/2026-27","downloads\mahatenders.gov.in\2026_CIDCO_1293937_1\stage_summary_2026_CIDCO_1293937_1.pdf"
"https://mahatenders.gov.in","WIRE","Technical Bid Opening","6","2025_MMRCL_1175486_1","[Supply of Wireless Microphone. ][STORES. 19/2025]","Maharashtra Metro Rail Corporation Limited||Nagpur Metro","Bid Opening","Supply of Wireless Microphone.","STORES. 19/2025","downloads\mahatenders.gov.in\2025_MMRCL_1175486_1\stage_summary_2025_MMRCL_1175486_1.pdf"
"https://mahatenders.gov.in","WIRE","Technical Bid Opening","7","2025_MCGM_1152557_1","[Providing of Battery operated K wire Reamer machine with five years CMC for the use of Orthopedic department in LTMG Hospital][LTH/1684/R]","Municipal Corporation of Greater Mumbai||L.T.M.G. Hospital||Asstt. Engineer (Mechanical and Electrical)","Technical Bid Opening","Providing of Battery operated K wire Reamer machine with five years CMC for the use of Orthopedic department in LTMG Hospital","LTH/1684/R","downloads\mahatenders.gov.in\2025_MCGM_1152557_1\stage_summary_2025_MCGM_1152557_1.pdf"
"https://mahatenders.gov.in","WIRE","Technical Bid Opening","8","2024_OSMAN_980411_1","[Construction of Wire Fencing Compound to Gram Panchayat Office at Karvanji Tq Lohara Dist Osmanabad Under 15 Th F C for year 2021 2022 ][KARWANJI/E-TENDER/2023-2024/2]","RDD-CEO-OSMANABAD||OSMANABAD-Dy. CEO V.P.||LOHARA||KARWANGI","Technical Bid Opening","Construction of Wire Fencing Compound to Gram Panchayat Office at Karvanji Tq Lohara Dist Osmanabad Under 15 Th F C for year 2021 2022","KARWANJI/E-TENDER/2023-2024/2","downloads\mahatenders.gov.in\2024_OSMAN_980411_1\stage_summary_2024_OSMAN_980411_1.pdf"
"https://mahatenders.gov.in","WIRE","Technical Bid Opening","9","2024_DMA_1112985_15","[Errecting Barbed Wire Fencing To All Monuments In The City ][MCB/PWD/NIT14/2024-25]","Directorate Of Municipal Administration||Municipal Administration, Buldhana||Municipal Council, Buldhana","Technical Bid Opening","Errecting Barbed Wire Fencing To All Monuments In The City","MCB/PWD/NIT14/2024-25","downloads\mahatenders.gov.in\2024_DMA_1112985_15\stage_summary_2024_DMA_1112985_15.pdf"
"https://mahatenders.gov.in","WIRE","Technical Bid Opening","10","2024_CEWRN_994830_1","[estimate work of Diamond wire making slots for foundations core drilling and bolt grouting for Godbole gate in existing RCC UCR masonary spillway of Ambazari Tank.][E-Quotation Notice No. 2/2023-24]","CE-Water Resources Dept. Nagpur||SE-Command Area Development Authority, Nagpur||EE-Nagpur Irrigation Division (South) Nagpur","Bid Opening","estimate work of Diamond wire making slots for foundations core drilling and bolt grouting for Godbole gate in existing RCC UCR masonary spillway of Ambazari Tank.","E-Quotation Notice No. 2/2023-24","downloads\mahatenders.gov.in\2024_CEWRN_994830_1\stage_summary_2024_CEWRN_994830_1.pdf"
"https://mahatenders.gov.in","WIRE","Technical Bid Opening","11","2023_CWRDK_956461_1","[Repair of proposed wireless communication system at Bhasat Dam][Rate Call Notice No.3 for 2023-24]","CE-Water Resources Dept. Konkan Region Mumbai||SE Thane Irrigation Circle Thane||EE Bhatsa Dam Management Division Bhatsanagar","Bid Opening","Repair of proposed wireless communication system at Bhasat Dam","Rate Call Notice No.3 for 2023-24","downloads\mahatenders.gov.in\2023_CWRDK_956461_1\stage_summary_2023_CWRDK_956461_1.pdf"
"https://mahatenders.gov.in","WIRE","Technical Bid Opening","12","2022_CEWRN_835732_2","[Making Opening to the existing Right Side Concrete Key Wall of Kanhan River Project (kochi Barrage) Ta. Saoner Dist. Nagpur by using Diamond Wire Sawing Method ][E-Quoation Notice No. 01/2022-23]","CE-Water Resources Dept. Nagpur||SE-Command Area Development Authority, Nagpur||EE-Irrigation Project Division, Nagpur","Bid Opening","Making Opening to the existing Right Side Concrete Key Wall of Kanhan River Project (kochi Barrage) Ta. Saoner Dist. Nagpur by using Diamond Wire Sawing Method","E-Quoation Notice No. 01/2022-23","downloads\mahatenders.gov.in\2022_CEWRN_835732_2\stage_summary_2022_CEWRN_835732_2.pdf"
"https://mahatenders.gov.in","WIRE","Technical Bid Opening","13","2021_UNIMU_666405_1","[Providing 1.5 m high Barbed wire fencing fot Plot of Gut. No. 345 at Waghachi Wadi, Talere Tal- Kankavali, Dist- Sindhudurg for University of Mumbai.][CDU/305/28 of 2021]","University of Mumbai","Technical Bid Opening","Providing 1.5 m high Barbed wire fencing fot Plot of Gut. No. 345 at Waghachi Wadi, Talere Tal- Kankavali, Dist- Sindhudurg for University of Mumbai.","CDU/305/28 of 2021","downloads\mahatenders.gov.in\2021_UNIMU_666405_1\stage_summary_2021_UNIMU_666405_1.pdf"
"https://mahatenders.gov.in","WIRE","Technical Bid Opening","14","2021_PWR_641440_1","[PROVIDING AND ERECTING M.S. ANGLE BARBED WIRE FENCING WITH MAIN AND WICKET GATE AT KHULTABAD IN SURVEY NO 2 IN KHULTABAD RANGE IN AURANGABAD FOREST DIVISION (T) TQ.KHULTABAD DIST.AURANABAD ][ETender Notice No04 IIndfor 2020-2021WorldbankAbad]","Public Works Region||Public Works Region - Aurangabad||Public Works Circle - Aurangabad||World Bank Project Division Aurangabad","Technical Bid Opening","PROVIDING AND ERECTING M.S. ANGLE BARBED WIRE FENCING WITH MAIN AND WICKET GATE AT KHULTABAD IN SURVEY NO 2 IN KHULTABAD RANGE IN AURANGABAD FOREST DIVISION (T) TQ.KHULTABAD DIST.AURANABAD","ETender Notice No04 IIndfor 2020-2021WorldbankAbad","downloads\mahatenders.gov.in\2021_PWR_641440_1\stage_summary_2021_PWR_641440_1.pdf"
"https://mahatenders.gov.in","WIRE","Technical Bid Opening","15","2021_HFFN_657650_3","[Providing and erecting 1.50mt high Barbed Wire fencing (With Seven rows) for Mix Plantation in com. No. 331, at Umanur Beat, in Jimalgatta Range][DCFSRC-E-05/2020-21]","Head Of Forest Force Nagpur Maharashtra State||APCCF (Protection) Nagpur||CCF (Terri.) Gadchiroli||Sironcha","Technical Bid Opening","Providing and erecting 1.50mt high Barbed Wire fencing (With Seven rows) for Mix Plantation in com. No. 331, at Umanur Beat, in Jimalgatta Range","DCFSRC-E-05/2020-21","downloads\mahatenders.gov.in\2021_HFFN_657650_3\stage_summary_2021_HFFN_657650_3.pdf"
"https://mahatenders.gov.in","WIRE","Technical Bid Opening","16","2021_HFFN_657650_2","[Providing and erecting 1.50mt high Barbed Wire fencing (With Seven rows) for Mix Plantation in com. No. 88, at Jimalgatta Beat, in Jimalgatta Range][DCFSRC-E-05/2020-21]","Head Of Forest Force Nagpur Maharashtra State||APCCF (Protection) Nagpur||CCF (Terri.) Gadchiroli||Sironcha","Technical Bid Opening","Providing and erecting 1.50mt high Barbed Wire fencing (With Seven rows) for Mix Plantation in com. No. 88, at Jimalgatta Beat, in Jimalgatta Range","DCFSRC-E-05/2020-21","downloads\mahatenders.gov.in\2021_HFFN_657650_2\stage_summary_2021_HFFN_657650_2.pdf"
"https://mahatenders.gov.in","WIRE","Technical Bid Opening","17","2021_BULDH_748437_1","[Consruction of Wire Fencing and Repair S Bhumi Construction Of Drain Providing and Fixing Paving Block In Z P School Parisar At Kalmeshwar Tq Mehkar Dist Buldhana][04GPK/01/2021-22]","RDD-CEO-BULDHANA||BULDHANA-Dy. CEO V.P.||MEHKAR||KALAMBESHWAR","Technical Bid Opening","Consruction of Wire Fencing and Repair S Bhumi Construction Of Drain Providing and Fixing Paving Block In Z P School Parisar At Kalmeshwar Tq Mehkar Dist Buldhana","04GPK/01/2021-22","downloads\mahatenders.gov.in\2021_BULDH_748437_1\stage_summary_2021_BULDH_748437_1.pdf"
"https://mahatenders.gov.in","WIRE","Technical Bid Opening","18","2018_RAIGA_332258_4","[supply of grampanchyat Material. FOR LED BULB AND SOLAR LIGHT CABLE AND SERVICE WIRE STORING.At -bhendkhal Tal -uran Tal -Raigad..][Uran/bhendkhal/01/2018-2019]","RDD-CEO-RAIGAD||RAIGAD-Dy. CEO V.P.||URAN||BHENDKHAL","Technical Bid Opening","supply of grampanchyat Material. FOR LED BULB AND SOLAR LIGHT CABLE AND SERVICE WIRE STORING.At -bhendkhal Tal -uran Tal -Raigad..","Uran/bhendkhal/01/2018-2019","downloads\mahatenders.gov.in\2018_RAIGA_332258_4\stage_summary_2018_RAIGA_332258_4.pdf"
"https://mahatenders.gov.in","WIRE","Technical Bid Opening","19","2018_PWDM_379904_1","[Monitoring of wireless addressable fire detection system][11P01-27/2018-19-2nd Call]","Public Works Department Mantralaya||CE-Electrical PWD Mumbai||SE- Electrical Circle PWD Pune||EE - Agriculture Construction Division Mumbai","Technical Bid Opening","Monitoring of wireless addressable fire detection system","11P01-27/2018-19-2nd Call","downloads\mahatenders.gov.in\2018_PWDM_379904_1\stage_summary_2018_PWDM_379904_1.pdf"
"https://mahatenders.gov.in","WIRE","Technical Bid Opening","20","2017_PWDM_194803_1","[wireman 3 Nos mazdoor 3 Nos in General shift][Est.No.3065of2016-17]","Public Works Department Mantralaya||CE-Electrical PWD Mumbai||SE-Electrical Circle PWD Mumbai||EE-Central Mumbai Electrical Division PWD Mumbai","Technical Bid Opening","wireman 3 Nos mazdoor 3 Nos in General shift","Est.No.3065of2016-17","downloads\mahatenders.gov.in\2017_PWDM_194803_1\stage_summary_2017_PWDM_194803_1.pdf"
"https://mahatenders.gov.in","WIRE","Technical Bid Opening","21","2016_SFMSP_94163_6","[Providing Barbed Wire Fencing 5 Rows with M.S. Main gate and Wicket gate , At Sumthana Nursery , In Social Forestry Rajura Range, In Social Forestry Division, Chandrapur][DDSFDCHN_TN-02_2015-16]","Directorate of Social Forestry Maharashtra State Pune||Nagpur Social Forestry Circle Nagpur||Deputy Director Chandrapur","Technical Bid Opening","Providing Barbed Wire Fencing 5 Rows with M.S. Main gate and Wicket gate , At Sumthana Nursery , In Social Forestry Rajura Range, In Social Forestry Division, Chandrapur","DDSFDCHN_TN-02_2015-16","downloads\mahatenders.gov.in\2016_SFMSP_94163_6\stage_summary_2016_SFMSP_94163_6.pdf"
"https://mahatenders.gov.in","WIRE","Technical Bid Opening","22","2016_SFMSP_94163_2","[Providing Barbed Wire-Fencing 5 Rows with M.S. Main gate and Wicket gate , At Sumthana Nursery , In Social Forestry Rajura Range, In Social Forestry Division, Chandrapur][DDSFDCHN_TN-02_2015-16]","Directorate of Social Forestry Maharashtra State Pune||Nagpur Social Forestry Circle Nagpur||Deputy Director Chandrapur","Technical Bid Opening","Providing Barbed Wire-Fencing 5 Rows with M.S. Main gate and Wicket gate , At Sumthana Nursery , In Social Forestry Rajura Range, In Social Forestry Division, Chandrapur","DDSFDCHN_TN-02_2015-16","downloads\mahatenders.gov.in\2016_SFMSP_94163_2\stage_summary_2016_SFMSP_94163_2.pdf"
"https://mahatenders.gov.in","WIRE","Technical Bid Opening","23","2016_SFMSP_94163_1","[Providing Barbed Wire-Fencing 5 Rows and Repairs of barded wire with M.S. Main gate and Wicket gate , At Khadsingi Nursery , In Social Forestry Chimur Range, In Social Forestry Division, Chandrapur][DDSFDCHN_TN-02_2015-16]","Directorate of Social Forestry Maharashtra State Pune||Nagpur Social Forestry Circle Nagpur||Deputy Director Chandrapur","Technical Bid Opening","Providing Barbed Wire-Fencing 5 Rows and Repairs of barded wire with M.S. Main gate and Wicket gate , At Khadsingi Nursery , In Social Forestry Chimur Range, In Social Forestry Division, Chandrapur","DDSFDCHN_TN-02_2015-16","downloads\mahatenders.gov.in\2016_SFMSP_94163_1\stage_summary_2016_SFMSP_94163_1.pdf"
"https://mahatenders.gov.in","WIRE","Technical Bid Opening","24","2016_SFMSP_92945_4","[Construction of Wire Fencing And Gate in Modern Nursery At Ingonda Tq.Paranda ][01/2015-16]","Directorate of Social Forestry Maharashtra State Pune||Deputy Director General Social Forestry Aurangabad||Social Forestry Division Osmanabad","Technical Bid Opening","Construction of Wire Fencing And Gate in Modern Nursery At Ingonda Tq.Paranda","01/2015-16","downloads\mahatenders.gov.in\2016_SFMSP_92945_4\stage_summary_2016_SFMSP_92945_4.pdf"
"https://mahatenders.gov.in","WIRE","Technical Bid Opening","25","2016_SFMSP_107332_1","[DapoliBarbedWireFencing][2016_SFMSP_104590_1]","Directorate of Social Forestry Maharashtra State Pune||Deputy Director General Social Forestry Thane||Social Forestry Division Ratnagiri","Technical Bid Opening","DapoliBarbedWireFencing","2016_SFMSP_104590_1","downloads\mahatenders.gov.in\2016_SFMSP_107332_1\stage_summary_2016_SFMSP_107332_1.pdf"
"https://mahatenders.gov.in","WIRE","Technical Bid Opening","26","2016_PWDM_179925_1","[222030 of 2016.17 Providing Services of Wireman and Mazdoor for maintenance of E.I. of various buildings of Chest Hospital and District Hospital Aundh Pune under Aundh Section Pune.][222030 of 2016.17 Providing Services of Wireman an]","Public Works Department Mantralaya||CE-Electrical PWD Mumbai||SE-Electrical Circle PWD Mumbai||EE-Pune Electrical Division PWD Pune","Technical Bid Opening","222030 of 2016.17 Providing Services of Wireman and Mazdoor for maintenance of E.I. of various buildings of Chest Hospital and District Hospital Aundh Pune under Aundh Section Pune.","222030 of 2016.17 Providing Services of Wireman an","downloads\mahatenders.gov.in\2016_PWDM_179925_1\stage_summary_2016_PWDM_179925_1.pdf"
"https://mahatenders.gov.in","WIRE","Technical Bid Opening","27","2016_PWDM_172314_1","[211106 of 2016.2017 Providing Service of Wiremen and Mazdoor for][211106 of 2016.2017 Providing Service of Wireme]","Public Works Department Mantralaya||CE-Electrical PWD Mumbai||SE-Electrical Circle PWD Mumbai||EE-Pune Electrical Division PWD Pune","Technical Bid Opening","211106 of 2016.2017 Providing Service of Wiremen and Mazdoor for","211106 of 2016.2017 Providing Service of Wireme","downloads\mahatenders.gov.in\2016_PWDM_172314_1\stage_summary_2016_PWDM_172314_1.pdf"
"https://mahatenders.gov.in","WIRE","Technical Bid Opening","28","2016_PWDM_107364_1","[Providing Wireman Majdoor for maintenance ][SR / MH / Hill / 64 / of 2015-16 ]","Public Works Department Mantralaya||CE-Electrical PWD Mumbai||SE-Electrical Circle PWD Mumbai||EE-South Mumbai Electrical Division PWD Mumbai","Technical Bid Opening","Providing Wireman Majdoor for maintenance","SR / MH / Hill / 64 / of 2015-16","downloads\mahatenders.gov.in\2016_PWDM_107364_1\stage_summary_2016_PWDM_107364_1.pdf"
"https://mahatenders.gov.in","WIRE","Technical Bid Opening","29","2016_CWRDP_135003_1","[Wireless Automation System for NIASM Baramati][eQuotation No.4 for Year 2016_17]","CE-Water Resources Dept. Pune||Maharashtra Krishna Valley Development Corporation||Pune Irrigation Circle Pune||EE Pune Irrigation Division Pune","Bid Opening","Wireless Automation System for NIASM Baramati","eQuotation No.4 for Year 2016_17","downloads\mahatenders.gov.in\2016_CWRDP_135003_1\stage_summary_2016_CWRDP_135003_1.pdf"
"https://mahatenders.gov.in","WIRE","Technical Bid Opening","30","2015_HFFN_74133_2","[Construction of Choukidar cum Wireless Room at Transit Treatment Centre Chandrapur in Chandrapur Division][DFOCHN_TN-01_2015-16]","Head Of Forest Force Nagpur Maharashtra State||APCCF (Personal) Nagpur||CCF (Terri.) Chandrapur","Technical Bid Opening","Construction of Choukidar cum Wireless Room at Transit Treatment Centre Chandrapur in Chandrapur Division","DFOCHN_TN-01_2015-16","downloads\mahatenders.gov.in\2015_HFFN_74133_2\stage_summary_2015_HFFN_74133_2.pdf"
"https://tripuratenders.gov.in","WIRE","AOC","1","2026_OSDDS_68797_1","[3rd call for Construction Of peripheral fencing with hard drawn wire and spectator gallery with ground leveling side development with other allied work in the premises of MBB College, Agartala during the year 2025-2][186/EE/ENGG.CELL/DSE/2025-26]","Director - Directorate of Secondary Education||Dy Director - Directorate of Secondary Education||Stipend Sec - Directorate of Secondary Education||OSD - Directorate of Secondary Education","AOC","3rd call for Construction Of peripheral fencing with hard drawn wire and spectator gallery with ground leveling side development with other allied work in the premises of MBB College, Agartala during the year 2025-2","186/EE/ENGG.CELL/DSE/2025-26","downloads\tripuratenders.gov.in\2026_OSDDS_68797_1\stage_summary_2026_OSDDS_68797_1.pdf"
"https://tripuratenders.gov.in","WIRE","AOC","2","2026_CERDD_71008_1","[Construction boundary wall (barbed wire fencing with RCC post) at Santirbazar fire station under RD Santirbazar Division , Bokafa RD Block, South Tripura District (PWD SoR 2023)][138/EE/RD/STB/DNIT/25-26 Dt.25/02/26]","Chief Engineer, Rural Development Department||Superintending Engineer Circle-2, CE, RDD||Executive Engineer Southern Division-4","AOC","Construction boundary wall (barbed wire fencing with RCC post) at Santirbazar fire station under RD Santirbazar Division , Bokafa RD Block, South Tripura District (PWD SoR 2023)","138/EE/RD/STB/DNIT/25-26 Dt.25/02/26","downloads\tripuratenders.gov.in\2026_CERDD_71008_1\stage_summary_2026_CERDD_71008_1.pdf"
"https://tripuratenders.gov.in","WIRE","AOC","3","2026_CERDD_70982_1","[Construction of Hard drawn steel wire fencing around newly constructed Health Sub Centres at Kamalacherra and West Lalchari under R.D Ambassa Sub-Division,Dhalai Tripura.][e-DT-78/EE/RDD/ABS/JNR/25-26]","Chief Engineer, Rural Development Department||Superintending Engineer Circle-4, CE, RDD||Executive Engineer Dhalai Division-1","AOC","Construction of Hard drawn steel wire fencing around newly constructed Health Sub Centres at Kamalacherra and West Lalchari under R.D Ambassa Sub-Division,Dhalai Tripura.","e-DT-78/EE/RDD/ABS/JNR/25-26","downloads\tripuratenders.gov.in\2026_CERDD_70982_1\stage_summary_2026_CERDD_70982_1.pdf"
"https://tripuratenders.gov.in","WIRE","AOC","4","2026_CEPWD_70198_1","[Urgent maintenance of different locations of road under Hezamara Sub-Division during the year 2025-26/SH Wire crates, Jungle cutting and boulders laid etc.(Gr-II)][149/DNIT/EE/MNP/PWD(R n B)/2025-26]","Chief Engineer, PWD (R and B)||SE, PWD (R and B), Fourth Circle||EE PWD (R and B) Mohanpur Division","AOC","Urgent maintenance of different locations of road under Hezamara Sub-Division during the year 2025-26/SH Wire crates, Jungle cutting and boulders laid etc.(Gr-II)","149/DNIT/EE/MNP/PWD(R n B)/2025-26","downloads\tripuratenders.gov.in\2026_CEPWD_70198_1\stage_summary_2026_CEPWD_70198_1.pdf"
"https://tripuratenders.gov.in","WIRE","AOC","5","2026_CEPWD_70000_1","[Maintenance of Birmohan Bailey Bridge on the road from Birmohan Chowmuhani to Barkathal Bazar during the year 2025-26/SH Deck nut, Transom clamp, panel pin, bracing bolt, raker nut, wire crates and wood work etc./Gr-II][146/DNIT/EE/MNP/PWD(R n B)/2025-26]","Chief Engineer, PWD (R and B)||SE, PWD (R and B), Fourth Circle||EE PWD (R and B) Mohanpur Division","AOC","Maintenance of Birmohan Bailey Bridge on the road from Birmohan Chowmuhani to Barkathal Bazar during the year 2025-26/SH Deck nut, Transom clamp, panel pin, bracing bolt, raker nut, wire crates and wood work etc./Gr-II","146/DNIT/EE/MNP/PWD(R n B)/2025-26","downloads\tripuratenders.gov.in\2026_CEPWD_70000_1\stage_summary_2026_CEPWD_70000_1.pdf"
"https://tripuratenders.gov.in","WIRE","AOC","6","2026_CEPWD_69998_1","[Construction of Barbed wire fencing around the allotted land in name Dukli Sub_Division, PWD(RnB) (L_215point00 Mt) in_c other allied works during the year 2025_2026][75_B_EE_BSLD_PWD_RnB_2025_26]","Chief Engineer, PWD (R and B)||SE, PWD (R and B), Fourth Circle||EE PWD (R and B) Bishalgarh Division","AOC","Construction of Barbed wire fencing around the allotted land in name Dukli Sub_Division, PWD(RnB) (L_215point00 Mt) in_c other allied works during the year 2025_2026","75_B_EE_BSLD_PWD_RnB_2025_26","downloads\tripuratenders.gov.in\2026_CEPWD_69998_1\stage_summary_2026_CEPWD_69998_1.pdf"
"https://tripuratenders.gov.in","WIRE","AOC","7","2026_CEDWS_69487_1","[Construction of wire crate retaining measures and surface run off control at Innovative scheme at Manoranjan Para under Magroom VC under Rupaichai R.D Block within the DWS Sub-Division Rupaichari during the year 2025-26.][114/EE/DWS/DIVN/SBM/2025-26]","Chief Engineer, PWD (DWS)||SE, DWS, Udaipur, PWD (DWS)||EE, DWS Divn, Sabroom, PWD(DWS)","AOC","Construction of wire crate retaining measures and surface run off control at Innovative scheme at Manoranjan Para under Magroom VC under Rupaichai R.D Block within the DWS Sub-Division Rupaichari during the year 2025-26.","114/EE/DWS/DIVN/SBM/2025-26","downloads\tripuratenders.gov.in\2026_CEDWS_69487_1\stage_summary_2026_CEDWS_69487_1.pdf"
"https://tripuratenders.gov.in","WIRE","AOC","8","2026_CEDWS_69483_1","[Construction of wire crate retaining measures and surface run off control at Innovative scheme at Gunadhan Para under Bagmara VC under Rupaichari R.D Block within the DWS Sub-Division Rupaichari during the year 2025-26.][113/EE/DWS/DIVN/SBM/2025-26]","Chief Engineer, PWD (DWS)||SE, DWS, Udaipur, PWD (DWS)||EE, DWS Divn, Sabroom, PWD(DWS)","AOC","Construction of wire crate retaining measures and surface run off control at Innovative scheme at Gunadhan Para under Bagmara VC under Rupaichari R.D Block within the DWS Sub-Division Rupaichari during the year 2025-26.","113/EE/DWS/DIVN/SBM/2025-26","downloads\tripuratenders.gov.in\2026_CEDWS_69483_1\stage_summary_2026_CEDWS_69483_1.pdf"
"https://tripuratenders.gov.in","WIRE","AOC","9","2026_AGRI_70848_1","[Construction of Barbed wire Fencing at Lebacherra TCO under Karbook Agri SubDivision Gomati Tripura Length 900 Mtr][ 76/EE/AGRI/SOUTH/2025-26]","Director Agriculture||Directorate of Agriculture||Chief Engineer Agriculture||Executive Engineer South","AOC","Construction of Barbed wire Fencing at Lebacherra TCO under Karbook Agri SubDivision Gomati Tripura Length 900 Mtr","76/EE/AGRI/SOUTH/2025-26","downloads\tripuratenders.gov.in\2026_AGRI_70848_1\stage_summary_2026_AGRI_70848_1.pdf"
"https://tripuratenders.gov.in","WIRE","AOC","10","2026_AGRI_70037_1","[Construction of Barbed wire Fencing with provision of Gate at Kalashi MO under Bogafa Agri Sub Division South Tripura Length 1250 Mtr][64/EE/AGRI/SOUTH/2025-26 ]","Director Agriculture||Directorate of Agriculture||Chief Engineer Agriculture||Executive Engineer South","AOC","Construction of Barbed wire Fencing with provision of Gate at Kalashi MO under Bogafa Agri Sub Division South Tripura Length 1250 Mtr","64/EE/AGRI/SOUTH/2025-26","downloads\tripuratenders.gov.in\2026_AGRI_70037_1\stage_summary_2026_AGRI_70037_1.pdf"
"https://tripuratenders.gov.in","WIRE","AOC","11","2026_AGRI_69407_1","[Construction of Boundary Wall of the SARS Complex (L 225 MTR 300M with GI Barbed Wire) with RCC Column (Extension Part). ][45/SE/AGRI/EE(WEST-I)/2025-26]","Director Agriculture||Directorate of Agriculture||Chief Engineer Agriculture||Executive Engineer West","AOC","Construction of Boundary Wall of the SARS Complex (L 225 MTR 300M with GI Barbed Wire) with RCC Column (Extension Part).","45/SE/AGRI/EE(WEST-I)/2025-26","downloads\tripuratenders.gov.in\2026_AGRI_69407_1\stage_summary_2026_AGRI_69407_1.pdf"
"https://tripuratenders.gov.in","WIRE","AOC","12","2025_POWER_63423_1","[Procurement of L T Fuse Wire][MMD / 2025-26 / 07, dated 04.07.2025]","Chairman cum MD, TSECL||Director (Tech), Dept. of Power||AGM (DP and C), POWER","AOC","Procurement of L T Fuse Wire","MMD / 2025-26 / 07, dated 04.07.2025","downloads\tripuratenders.gov.in\2025_POWER_63423_1\stage_summary_2025_POWER_63423_1.pdf"
"https://tripuratenders.gov.in","WIRE","AOC","13","2025_OSDDS_68591_1","[2nd call for Construction of Fencing with welded steel wire in the proposed Garden at Bir Bikram Memorial College, Agartala during the year 2025-26][174/EE/ENGG.CELL/2025-26]","Director - Directorate of Secondary Education||Dy Director - Directorate of Secondary Education||Stipend Sec - Directorate of Secondary Education||OSD - Directorate of Secondary Education","AOC","2nd call for Construction of Fencing with welded steel wire in the proposed Garden at Bir Bikram Memorial College, Agartala during the year 2025-26","174/EE/ENGG.CELL/2025-26","downloads\tripuratenders.gov.in\2025_OSDDS_68591_1\stage_summary_2025_OSDDS_68591_1.pdf"
"https://tripuratenders.gov.in","WIRE","AOC","14","2025_OSDDS_65506_1","[Construction of Fencing with welded steel wire in the proposed Garden at Bani Vidyapith, Agartala during the year 2025-26][104/EE/ENGG.CELL/DSE/2025-26]","Director - Directorate of Secondary Education||Dy Director - Directorate of Secondary Education||Stipend Sec - Directorate of Secondary Education||OSD - Directorate of Secondary Education","AOC","Construction of Fencing with welded steel wire in the proposed Garden at Bani Vidyapith, Agartala during the year 2025-26","104/EE/ENGG.CELL/DSE/2025-26","downloads\tripuratenders.gov.in\2025_OSDDS_65506_1\stage_summary_2025_OSDDS_65506_1.pdf"
"https://tripuratenders.gov.in","WIRE","AOC","15","2025_FISH_68521_1","[Providing Barbed Wire Fencing around the proposed site of the Superintendent of Fisheries, Mohanpur Sub-Division][DNIT No.EE(FY)/2025-26/79]","Directorate of Fisharies","AOC","Providing Barbed Wire Fencing around the proposed site of the Superintendent of Fisheries, Mohanpur Sub-Division","DNIT No.EE(FY)/2025-26/79","downloads\tripuratenders.gov.in\2025_FISH_68521_1\stage_summary_2025_FISH_68521_1.pdf"
"https://tripuratenders.gov.in","WIRE","AOC","16","2025_CEWR_68715_1","[Anti erosion work at Ward No 02 under Ujjan Dudhpur GP from erosion of river Manu bank under Kumarghat Block during the year 2024 25SH Supplying and placing of wire crates filled with mixed class bricks bats on the right bank of river Manu. ][NIeT No.18/EE/WRD/VI/KLS/2025-26 Sl NO.06]","Chief Engineer PWD (WR)||Additional CE Agartala||EE WR Investigation Div Agartala||EE WRD VI Kailashahar","AOC","Anti erosion work at Ward No 02 under Ujjan Dudhpur GP from erosion of river Manu bank under Kumarghat Block during the year 2024 25SH Supplying and placing of wire crates filled with mixed class bricks bats on the right bank of river Manu.","NIeT No.18/EE/WRD/VI/KLS/2025-26 Sl NO.06","downloads\tripuratenders.gov.in\2025_CEWR_68715_1\stage_summary_2025_CEWR_68715_1.pdf"
"https://tripuratenders.gov.in","WIRE","AOC","17","2025_CEWR_67329_1","[Protection of L.I scheme F I under Mashauli GP from erosion of river Manu at left bank under Kumarghat Block during the year 2024 25 SH Supplying and placing of PVC wire crates filled with mixed class bricks bats on the left bank of river Manu. ][NIeT No.16/EE/WRD/VI/KLS/2025-26 Sl NO.02]","Chief Engineer PWD (WR)||Additional CE Agartala||EE WR Investigation Div Agartala||EE WRD VI Kailashahar","AOC","Protection of L.I scheme F I under Mashauli GP from erosion of river Manu at left bank under Kumarghat Block during the year 2024 25 SH Supplying and placing of PVC wire crates filled with mixed class bricks bats on the left bank of river Manu.","NIeT No.16/EE/WRD/VI/KLS/2025-26 Sl NO.02","downloads\tripuratenders.gov.in\2025_CEWR_67329_1\stage_summary_2025_CEWR_67329_1.pdf"
"https://tripuratenders.gov.in","WIRE","AOC","18","2025_CEWR_67034_1","[Mtc. of Barrage Supervision Sheds _ Left Bank Canal of KMIP / SH_- Providing hard drawn steel wire fencing and mtc. of roofing _ doors, windows of supervision shed rooms and other allied works during the year 2025-26. ][66_EE_WRD_I_DNIET_2025_26 ]","Chief Engineer PWD (WR)||SE Water Resource Circle No-I Agartala||EE Water Resource Division No-I Agartala","AOC","Mtc. of Barrage Supervision Sheds _ Left Bank Canal of KMIP / SH_- Providing hard drawn steel wire fencing and mtc. of roofing _ doors, windows of supervision shed rooms and other allied works during the year 2025-26.","66_EE_WRD_I_DNIET_2025_26","downloads\tripuratenders.gov.in\2025_CEWR_67034_1\stage_summary_2025_CEWR_67034_1.pdf"
"https://tripuratenders.gov.in","WIRE","AOC","19","2025_CEWR_63853_1","[FDR Urgent maintenance for protection of Manu river bank erosion at Chandipur embankment near BP no. 18647S of Chandipur G.P under Chandipur R.D block during the year 2025 26 SH Providing and placing PVC wire creates filled with brick bats. Gr.I III][NIeT No.12/EE/WRD/VI/KLS/25-26 Sl No.03]","Chief Engineer PWD (WR)||Additional CE Agartala||EE WR Investigation Div Agartala||EE WRD VI Kailashahar","AOC","FDR Urgent maintenance for protection of Manu river bank erosion at Chandipur embankment near BP no. 18647S of Chandipur G.P under Chandipur R.D block during the year 2025 26 SH Providing and placing PVC wire creates filled with brick bats. Gr.I III","NIeT No.12/EE/WRD/VI/KLS/25-26 Sl No.03","downloads\tripuratenders.gov.in\2025_CEWR_63853_1\stage_summary_2025_CEWR_63853_1.pdf"
"https://tripuratenders.gov.in","WIRE","AOC","20","2025_CEWR_63330_1","[Anti erosion works along the bank of Khowai river for protection of Sinaibill LI scheme under Ghilatali GP, Kalyanpur R.D. Block of Khowai district during the year 2022-23/ SH_- Protection work with PVC wire crates (length _ 40.00 mtr).][06_SE_WRC_I_DNIET_2025_26]","Chief Engineer PWD (WR)||SE Water Resource Circle No-I Agartala||EE Water Resource Division No-I Agartala","AOC","Anti erosion works along the bank of Khowai river for protection of Sinaibill LI scheme under Ghilatali GP, Kalyanpur R.D. Block of Khowai district during the year 2022-23/ SH_- Protection work with PVC wire crates (length _ 40.00 mtr).","06_SE_WRC_I_DNIET_2025_26","downloads\tripuratenders.gov.in\2025_CEWR_63330_1\stage_summary_2025_CEWR_63330_1.pdf"
"https://tripuratenders.gov.in","WIRE","AOC","21","2025_CEWR_63316_1","[Protection of Howrah river bank (right) at Madhya Assampara near LI Scheme at Madhya Assampara/SH_-Providing C.C.block and PVC wire crates filled with bats (L_ 200.00 mtr.) (Job No.TR/34/NABARD (RIDF-XXIX)/2023-24 of Sl No.12 under West Tripura Dist][03_SE_WRC_I_DNIET_2025_26]","Chief Engineer PWD (WR)||SE Water Resource Circle No-I Agartala||EE Water Resource Division No-I Agartala","AOC","Protection of Howrah river bank (right) at Madhya Assampara near LI Scheme at Madhya Assampara/SH_-Providing C.C.block and PVC wire crates filled with bats (L_ 200.00 mtr.) (Job No.TR/34/NABARD (RIDF-XXIX)/2023-24 of Sl No.12 under West Tripura Dist","03_SE_WRC_I_DNIET_2025_26","downloads\tripuratenders.gov.in\2025_CEWR_63316_1\stage_summary_2025_CEWR_63316_1.pdf"
"https://tripuratenders.gov.in","WIRE","AOC","22","2025_CEWR_63094_1","[Emergency flood protection work of Sunil Debnath House, Ganganagar, Ward No.02, under Kumarghat W.R. Sub-Division during the year 2025 26 SH Supplying and placing of wire crates filled with mixed class bricks bats on the right bank of SaidacherraGrII][NIeT No.10/EE/WRD/VI/KLS/25-26 Sl No.05]","Chief Engineer PWD (WR)||Additional CE Agartala||EE WR Investigation Div Agartala||EE WRD VI Kailashahar","AOC","Emergency flood protection work of Sunil Debnath House, Ganganagar, Ward No.02, under Kumarghat W.R. Sub-Division during the year 2025 26 SH Supplying and placing of wire crates filled with mixed class bricks bats on the right bank of SaidacherraGrII","NIeT No.10/EE/WRD/VI/KLS/25-26 Sl No.05","downloads\tripuratenders.gov.in\2025_CEWR_63094_1\stage_summary_2025_CEWR_63094_1.pdf"
"https://tripuratenders.gov.in","WIRE","AOC","23","2025_CEWR_63093_1","[Emergency flood protection of Kumarghat near PWD Office Deo River Embankment under Kumarghat W.R. Sub-Division during the year 2025 26 SH Supplying and placing of PVC wire crates filled with mixed class bricks bats on the left bank of river Deo. Gr.I][NIeT No.10/EE/WRD/VI/KLS/25-26 Sl No.04]","Chief Engineer PWD (WR)||Additional CE Agartala||EE WR Investigation Div Agartala||EE WRD VI Kailashahar","AOC","Emergency flood protection of Kumarghat near PWD Office Deo River Embankment under Kumarghat W.R. Sub-Division during the year 2025 26 SH Supplying and placing of PVC wire crates filled with mixed class bricks bats on the left bank of river Deo. Gr.I","NIeT No.10/EE/WRD/VI/KLS/25-26 Sl No.04","downloads\tripuratenders.gov.in\2025_CEWR_63093_1\stage_summary_2025_CEWR_63093_1.pdf"
"https://tripuratenders.gov.in","WIRE","AOC","24","2025_CEWR_62910_1","[FDR Urgent maintenance for protection of Nat Mandir Pechardahar Village of Bilashpur GP ward No.4 and 5 under Chandipur RD Block,Kailashahar from the erosion of river Manu during the year 2025 26 SHProviding and placing PVC Wire Crates Gr.II][NIeT No.09/EE/WRD/VI/KLS/25-26 Sl No.07]","Chief Engineer PWD (WR)||Additional CE Agartala||EE WR Investigation Div Agartala||EE WRD VI Kailashahar","AOC","FDR Urgent maintenance for protection of Nat Mandir Pechardahar Village of Bilashpur GP ward No.4 and 5 under Chandipur RD Block,Kailashahar from the erosion of river Manu during the year 2025 26 SHProviding and placing PVC Wire Crates Gr.II","NIeT No.09/EE/WRD/VI/KLS/25-26 Sl No.07","downloads\tripuratenders.gov.in\2025_CEWR_62910_1\stage_summary_2025_CEWR_62910_1.pdf"
"https://tripuratenders.gov.in","WIRE","AOC","25","2025_CEWR_62908_1","[FDR Urgent maintenance for protection of Nat Mandir Pechardahar Village of Bilashpur GP ward No.4 and 5 under Chandipur RD Block,Kailashahar from the erosion of river Manu during the year 2025 26 SH Providing and placing PVC Wire Crates GR.I][NIeT No.09/EE/WRD/VI/KLS/25-26 Sl No.06]","Chief Engineer PWD (WR)||Additional CE Agartala||EE WR Investigation Div Agartala||EE WRD VI Kailashahar","AOC","FDR Urgent maintenance for protection of Nat Mandir Pechardahar Village of Bilashpur GP ward No.4 and 5 under Chandipur RD Block,Kailashahar from the erosion of river Manu during the year 2025 26 SH Providing and placing PVC Wire Crates GR.I","NIeT No.09/EE/WRD/VI/KLS/25-26 Sl No.06","downloads\tripuratenders.gov.in\2025_CEWR_62908_1\stage_summary_2025_CEWR_62908_1.pdf"
"https://tripuratenders.gov.in","WIRE","AOC","26","2025_CEWR_62907_1","[FDR Urgent maintenance for protection of Manu river bank erosion at Bolehar ward No.06 of Jalai GP under Gournagar RD Block during the year 2025 26 SH Providing and placing PVC Wire Crates filled with brick bats and gunny bag filled with sand.Gr.II][NIeT No.09/EE/WRD/VI/KLS/25-26 Sl No.05]","Chief Engineer PWD (WR)||Additional CE Agartala||EE WR Investigation Div Agartala||EE WRD VI Kailashahar","AOC","FDR Urgent maintenance for protection of Manu river bank erosion at Bolehar ward No.06 of Jalai GP under Gournagar RD Block during the year 2025 26 SH Providing and placing PVC Wire Crates filled with brick bats and gunny bag filled with sand.Gr.II","NIeT No.09/EE/WRD/VI/KLS/25-26 Sl No.05","downloads\tripuratenders.gov.in\2025_CEWR_62907_1\stage_summary_2025_CEWR_62907_1.pdf"
"https://tripuratenders.gov.in","WIRE","AOC","27","2025_CEWR_62906_1","[FDR Urgent maintenance for protection of Manu river bank erosion at Bolehar ward No.06 of Jalai GP under Gournagar RD Block during the year 2025 26 SH Providing and placing PVC Wire Crates filled with brick bats and gunny bag filled with sand.Gr.I ][NIeT No.09/EE/WRD/VI/KLS/25-26 Sl No.04]","Chief Engineer PWD (WR)||Additional CE Agartala||EE WR Investigation Div Agartala||EE WRD VI Kailashahar","AOC","FDR Urgent maintenance for protection of Manu river bank erosion at Bolehar ward No.06 of Jalai GP under Gournagar RD Block during the year 2025 26 SH Providing and placing PVC Wire Crates filled with brick bats and gunny bag filled with sand.Gr.I","NIeT No.09/EE/WRD/VI/KLS/25-26 Sl No.04","downloads\tripuratenders.gov.in\2025_CEWR_62906_1\stage_summary_2025_CEWR_62906_1.pdf"
"https://tripuratenders.gov.in","WIRE","AOC","28","2025_CEWR_62905_1","[FDRUrgent maintenance for protection of Manu river bank erosion near the house of Sri. Biresh Das, Ward No. 06 of Bilashpur GP under Chandipur R.D block during the year 202526 SH Providing and placing PVC Wire Crates filled with brick bats and gunny][NIeT No.09/EE/WRD/VI/KLS/25-26 Sl No.03]","Chief Engineer PWD (WR)||Additional CE Agartala||EE WR Investigation Div Agartala||EE WRD VI Kailashahar","AOC","FDRUrgent maintenance for protection of Manu river bank erosion near the house of Sri. Biresh Das, Ward No. 06 of Bilashpur GP under Chandipur R.D block during the year 202526 SH Providing and placing PVC Wire Crates filled with brick bats and gunny","NIeT No.09/EE/WRD/VI/KLS/25-26 Sl No.03","downloads\tripuratenders.gov.in\2025_CEWR_62905_1\stage_summary_2025_CEWR_62905_1.pdf"
"https://tripuratenders.gov.in","WIRE","AOC","29","2025_CEWR_62904_1","[FDR Urgent maintenance for protection of Manu river bank erosion near West Bolehar AWC of Bilashpur GP under Chandipur R.D block during the year 2025 26 SH Providing and placing PVC Wire Crates filled with brick bats and gunny bag filled with sand.][NIeT No.09/EE/WRD/VI/KLS/25-26 Sl No.02]","Chief Engineer PWD (WR)||Additional CE Agartala||EE WR Investigation Div Agartala||EE WRD VI Kailashahar","AOC","FDR Urgent maintenance for protection of Manu river bank erosion near West Bolehar AWC of Bilashpur GP under Chandipur R.D block during the year 2025 26 SH Providing and placing PVC Wire Crates filled with brick bats and gunny bag filled with sand.","NIeT No.09/EE/WRD/VI/KLS/25-26 Sl No.02","downloads\tripuratenders.gov.in\2025_CEWR_62904_1\stage_summary_2025_CEWR_62904_1.pdf"
"https://tripuratenders.gov.in","WIRE","AOC","30","2025_CEWR_62445_1","[Urgent flood protection work at different places of WR Sub Division Kamalpur during the year 2025 26SH Urgent flood fighting measures Providing luanching appron work by Cement Concrete Block1 4 8 PVC wire crates Brick bats Gunny bags other alied etc.][13/EE/WR/D-V/KMP/2025-26]","Chief Engineer PWD (WR)||Additional CE Agartala||EE WR Investigation Div Agartala||EE WRD V Kamalpur","AOC","Urgent flood protection work at different places of WR Sub Division Kamalpur during the year 2025 26SH Urgent flood fighting measures Providing luanching appron work by Cement Concrete Block1 4 8 PVC wire crates Brick bats Gunny bags other alied etc.","13/EE/WR/D-V/KMP/2025-26","downloads\tripuratenders.gov.in\2025_CEWR_62445_1\stage_summary_2025_CEWR_62445_1.pdf"
"https://tripuratenders.gov.in","WIRE","AOC","31","2025_CEWR_62418_1","[FDR/Emergency flood fighting measure under the jurisdiction of W.R. Sub Division Kumarghat under Fatikroy Extension Block during the year 25 26 SH Supplying and placing of wire crates filled with mixed class bricks bats and placing of gunny bags fil][NIeT No.08/EE/WRD/VI/KLS/25-26 Sl No.03]","Chief Engineer PWD (WR)||Additional CE Agartala||EE WR Investigation Div Agartala||EE WRD VI Kailashahar","AOC","FDR/Emergency flood fighting measure under the jurisdiction of W.R. Sub Division Kumarghat under Fatikroy Extension Block during the year 25 26 SH Supplying and placing of wire crates filled with mixed class bricks bats and placing of gunny bags fil","NIeT No.08/EE/WRD/VI/KLS/25-26 Sl No.03","downloads\tripuratenders.gov.in\2025_CEWR_62418_1\stage_summary_2025_CEWR_62418_1.pdf"
"https://tripuratenders.gov.in","WIRE","AOC","32","2025_CEWR_62414_1","[FDR Urgent maintenance of different embankment from the erosion of river Manu under Kailashahar Municipal area during the year 2025-26 SH Providing and placing PVC wire crates filled with bricks bats. ][NIeT No.08/EE/WRD/VI/KLS/25-26 SL No.02]","Chief Engineer PWD (WR)||Additional CE Agartala||EE WR Investigation Div Agartala||EE WRD VI Kailashahar","AOC","FDR Urgent maintenance of different embankment from the erosion of river Manu under Kailashahar Municipal area during the year 2025-26 SH Providing and placing PVC wire crates filled with bricks bats.","NIeT No.08/EE/WRD/VI/KLS/25-26 SL No.02","downloads\tripuratenders.gov.in\2025_CEWR_62414_1\stage_summary_2025_CEWR_62414_1.pdf"
"https://tripuratenders.gov.in","WIRE","AOC","33","2025_CEWR_62070_1","[FDR Protection of Ward No.10 of Kumarghat MC under W.R.Sub Division, Kumarghat during the year 2025 2026 SH Supplying and placing of wire crates filled with mixed class bricks bats on the right bank of Pabiacherra for a length of 100.00 mtr GrI II ][NIeT NO.06/EE/WRD/VI/KLS/25-26 Sl No.03]","Chief Engineer PWD (WR)||Additional CE Agartala||EE WR Investigation Div Agartala||EE WRD VI Kailashahar","AOC","FDR Protection of Ward No.10 of Kumarghat MC under W.R.Sub Division, Kumarghat during the year 2025 2026 SH Supplying and placing of wire crates filled with mixed class bricks bats on the right bank of Pabiacherra for a length of 100.00 mtr GrI II","NIeT NO.06/EE/WRD/VI/KLS/25-26 Sl No.03","downloads\tripuratenders.gov.in\2025_CEWR_62070_1\stage_summary_2025_CEWR_62070_1.pdf"
"https://tripuratenders.gov.in","WIRE","AOC","34","2025_CEWR_62068_1","[FDR/Urgent maintenance of different embankment from the erosion of river Manu under Chandipur RD block during the year 2025 26 SH Providing and placing PVC wire crates filled with bricks bats Gr II III. ][NIeT No.06/EE/WRD/VI/KLS/2025-26 Sl NO.02]","Chief Engineer PWD (WR)||Additional CE Agartala||EE WR Investigation Div Agartala||EE WRD VI Kailashahar","AOC","FDR/Urgent maintenance of different embankment from the erosion of river Manu under Chandipur RD block during the year 2025 26 SH Providing and placing PVC wire crates filled with bricks bats Gr II III.","NIeT No.06/EE/WRD/VI/KLS/2025-26 Sl NO.02","downloads\tripuratenders.gov.in\2025_CEWR_62068_1\stage_summary_2025_CEWR_62068_1.pdf"
"https://tripuratenders.gov.in","WIRE","AOC","35","2025_CEWR_62066_1","[FDR Urgent maintenance of different embankment from the erosion of river Manu under Chandipur RD block during the year 2025 26 SH Providing and placing PVC wire crates filled with bricks bats Gr I III. ][NIeT No.06/EE/WRD/VI/KLS/25-26 Sl NO.01]","Chief Engineer PWD (WR)||Additional CE Agartala||EE WR Investigation Div Agartala||EE WRD VI Kailashahar","AOC","FDR Urgent maintenance of different embankment from the erosion of river Manu under Chandipur RD block during the year 2025 26 SH Providing and placing PVC wire crates filled with bricks bats Gr I III.","NIeT No.06/EE/WRD/VI/KLS/25-26 Sl NO.01","downloads\tripuratenders.gov.in\2025_CEWR_62066_1\stage_summary_2025_CEWR_62066_1.pdf"
"https://tripuratenders.gov.in","WIRE","AOC","36","2025_CEWR_61184_1","[FDR Urgent protection of Chandipur Embankment at Samrurpar Boarder Fencing under Chanipur RD Block during the year 2024 25/SH Providing and Placing PVC wire creates and gunny bag Gr.III 2nd Call][NIeT No.03/EE/WRD/VI/KLS/25-26 Sl NO.07]","Chief Engineer PWD (WR)||Additional CE Agartala||EE WR Investigation Div Agartala||EE WRD VI Kailashahar","AOC","FDR Urgent protection of Chandipur Embankment at Samrurpar Boarder Fencing under Chanipur RD Block during the year 2024 25/SH Providing and Placing PVC wire creates and gunny bag Gr.III 2nd Call","NIeT No.03/EE/WRD/VI/KLS/25-26 Sl NO.07","downloads\tripuratenders.gov.in\2025_CEWR_61184_1\stage_summary_2025_CEWR_61184_1.pdf"
"https://tripuratenders.gov.in","WIRE","AOC","37","2025_CEWR_61169_1","[FDR Urgent protection of Chandipur Embankment at Samrurpar Boarder Fencing under Chandipur RD Block during the year 2024 25 SH Providing and Placing PVC wire creates and gunny bag Gr.II 2nd Call][NIeT No.03/EE/WRD/VI/KLS/25-26 Sl No.06]","Chief Engineer PWD (WR)||Additional CE Agartala||EE WR Investigation Div Agartala||EE WRD VI Kailashahar","AOC","FDR Urgent protection of Chandipur Embankment at Samrurpar Boarder Fencing under Chandipur RD Block during the year 2024 25 SH Providing and Placing PVC wire creates and gunny bag Gr.II 2nd Call","NIeT No.03/EE/WRD/VI/KLS/25-26 Sl No.06","downloads\tripuratenders.gov.in\2025_CEWR_61169_1\stage_summary_2025_CEWR_61169_1.pdf"
"https://tripuratenders.gov.in","WIRE","AOC","38","2025_CEWR_61163_1","[FDR/Urgent protection of Chandipur Embankment at Samrurpar Boarder Fencing under Chandipur RD Block during the year 2024 25 SH Providing and Placing PVC wire creates and gunny bag Gr.I 2nd Call][NIeT No.03/EE/WRD/VI/KLS/25-26 Sl No.05]","Chief Engineer PWD (WR)||Additional CE Agartala||EE WR Investigation Div Agartala||EE WRD VI Kailashahar","AOC","FDR/Urgent protection of Chandipur Embankment at Samrurpar Boarder Fencing under Chandipur RD Block during the year 2024 25 SH Providing and Placing PVC wire creates and gunny bag Gr.I 2nd Call","NIeT No.03/EE/WRD/VI/KLS/25-26 Sl No.05","downloads\tripuratenders.gov.in\2025_CEWR_61163_1\stage_summary_2025_CEWR_61163_1.pdf"
"https://tripuratenders.gov.in","WIRE","AOC","39","2025_CEWR_60784_1","[Emergency Mtc. of Right Bank Canal of KMIP .. flood monsoon season / SH_-Urgent repair of Right Bank main canal (L_13.600 km) _branch canals(L_ 8.30 km) by providing palasiding, gunny bags, wire crates..mixed class bats, de-silting, earth filling etc][12_EE_WRD_I_DNIET_2025_26 ]","Chief Engineer PWD (WR)||SE Water Resource Circle No-I Agartala||EE Water Resource Division No-I Agartala","AOC","Emergency Mtc. of Right Bank Canal of KMIP .. flood monsoon season / SH_-Urgent repair of Right Bank main canal (L_13.600 km) _branch canals(L_ 8.30 km) by providing palasiding, gunny bags, wire crates..mixed class bats, de-silting, earth filling etc","12_EE_WRD_I_DNIET_2025_26","downloads\tripuratenders.gov.in\2025_CEWR_60784_1\stage_summary_2025_CEWR_60784_1.pdf"
"https://tripuratenders.gov.in","WIRE","AOC","40","2025_CEWR_60783_1","[Emergency Mtc. of Left Bank Canal of KMIP .. flood monsoon season / SH_- Urgent repair of Left Bank main canal (L_17.594 km) _ branch canals(L_6.67 km) by providing palasiding, gunny bags, wire crates..mixed class bats, de-silting, earth filling etc.][11_EE_WRD_I_DNIET_2025_26]","Chief Engineer PWD (WR)||SE Water Resource Circle No-I Agartala||EE Water Resource Division No-I Agartala","AOC","Emergency Mtc. of Left Bank Canal of KMIP .. flood monsoon season / SH_- Urgent repair of Left Bank main canal (L_17.594 km) _ branch canals(L_6.67 km) by providing palasiding, gunny bags, wire crates..mixed class bats, de-silting, earth filling etc.","11_EE_WRD_I_DNIET_2025_26","downloads\tripuratenders.gov.in\2025_CEWR_60783_1\stage_summary_2025_CEWR_60783_1.pdf"
"https://tripuratenders.gov.in","WIRE","AOC","41","2025_CEWR_60493_1","[Protection of river bank embankment at different locations under Kathalia RD block from Erosion of River Kakri and river Gomati by Providing PVC Wire crates during the year 2025-26 under W.R. Sub Division Kathalia.][04_EE_WRD_II_2025_26]","Chief Engineer PWD (WR)||Additional CE Agartala||EE WR Investigation Div Agartala||EE WRD II Agartala","AOC","Protection of river bank embankment at different locations under Kathalia RD block from Erosion of River Kakri and river Gomati by Providing PVC Wire crates during the year 2025-26 under W.R. Sub Division Kathalia.","04_EE_WRD_II_2025_26","downloads\tripuratenders.gov.in\2025_CEWR_60493_1\stage_summary_2025_CEWR_60493_1.pdf"
"https://tripuratenders.gov.in","WIRE","AOC","42","2025_CEWR_60157_1","[FDR Urgent Protection of Gumti Medium Irrigation canal under Gumti Barrage Sub-Division SH Providing Palasiding Gunny Bags Wire Crates Desilting Earthfilling etc during the year 2025 26][05 /EE/WR -III/UDP/DNIeT/2025-26]","Chief Engineer PWD (WR)||SE Water Resource Circle No-III Udaipur||EE Water Resource Division No-III Udaipur","AOC","FDR Urgent Protection of Gumti Medium Irrigation canal under Gumti Barrage Sub-Division SH Providing Palasiding Gunny Bags Wire Crates Desilting Earthfilling etc during the year 2025 26","05 /EE/WR -III/UDP/DNIeT/2025-26","downloads\tripuratenders.gov.in\2025_CEWR_60157_1\stage_summary_2025_CEWR_60157_1.pdf"
"https://tripuratenders.gov.in","WIRE","AOC","43","2025_CEWR_60155_1","[FDR Urgent Protection of different MI Schemes under Karbook and Silachari RD Block area SH Providing Palasiding Gunny Bags Wire Crates Desilting and Earthfilling etc during the year 2025 26][04 /EE/WR -III/UDP/DNIeT/2025-26]","Chief Engineer PWD (WR)||SE Water Resource Circle No-III Udaipur||EE Water Resource Division No-III Udaipur","AOC","FDR Urgent Protection of different MI Schemes under Karbook and Silachari RD Block area SH Providing Palasiding Gunny Bags Wire Crates Desilting and Earthfilling etc during the year 2025 26","04 /EE/WR -III/UDP/DNIeT/2025-26","downloads\tripuratenders.gov.in\2025_CEWR_60155_1\stage_summary_2025_CEWR_60155_1.pdf"
"https://tripuratenders.gov.in","WIRE","AOC","44","2025_CEWR_60137_1","[FDR Urgent Protection of different MI Schemes under Matabari and Killa RD Block and UMC area SH Providing Palasiding Gunny Bags Wire Crate Desilting and Earth filling etc during the year 2025 26][01/EE/WR-III/UDP/DNIeT/2025-26]","Chief Engineer PWD (WR)||SE Water Resource Circle No-III Udaipur||EE Water Resource Division No-III Udaipur","AOC","FDR Urgent Protection of different MI Schemes under Matabari and Killa RD Block and UMC area SH Providing Palasiding Gunny Bags Wire Crate Desilting and Earth filling etc during the year 2025 26","01/EE/WR-III/UDP/DNIeT/2025-26","downloads\tripuratenders.gov.in\2025_CEWR_60137_1\stage_summary_2025_CEWR_60137_1.pdf"
"https://tripuratenders.gov.in","WIRE","AOC","45","2025_CEWR_60044_1","[FDR-Mtc. of different vulnerable location under Pecharthal R.D Block under Water Resource Sub-Division Kanchanpur North Tripura during the Monsoon period 2025-26-SH - Supplying and placing of gunny bag Providing wire crates filled with brick bats bam][06/EE/WRD-VII/PTL/2025-26]","Chief Engineer PWD (WR)||Additional CE Agartala||EE WR Investigation Div Agartala||EE WRD VII Pecharthal","AOC","FDR-Mtc. of different vulnerable location under Pecharthal R.D Block under Water Resource Sub-Division Kanchanpur North Tripura during the Monsoon period 2025-26-SH - Supplying and placing of gunny bag Providing wire crates filled with brick bats bam","06/EE/WRD-VII/PTL/2025-26","downloads\tripuratenders.gov.in\2025_CEWR_60044_1\stage_summary_2025_CEWR_60044_1.pdf"
"https://tripuratenders.gov.in","WIRE","AOC","46","2025_CEWR_60043_1","[FDR-Mtc. of different vulnerable location under Dasda and Laljuri R.D Block under Water Resource Sub-Division Kanchanpur North Tripura during the Monsoon period 2025-26-SH - Supplying and placing of gunny bag Providing wire crates filled with brick b][05/EE/WRD-VII/PTL/2025-26]","Chief Engineer PWD (WR)||Additional CE Agartala||EE WR Investigation Div Agartala||EE WRD VII Pecharthal","AOC","FDR-Mtc. of different vulnerable location under Dasda and Laljuri R.D Block under Water Resource Sub-Division Kanchanpur North Tripura during the Monsoon period 2025-26-SH - Supplying and placing of gunny bag Providing wire crates filled with brick b","05/EE/WRD-VII/PTL/2025-26","downloads\tripuratenders.gov.in\2025_CEWR_60043_1\stage_summary_2025_CEWR_60043_1.pdf"
"https://tripuratenders.gov.in","WIRE","AOC","47","2025_CEWR_59651_1","[FDR Emergency protection of Raising para S.B. School of Fatikcherra Dasarath Deb V.C. under W.R. Sub-Division Kumarghat , Unakoti Tripura during the year 2024 25 SH Providing PVC wire crates filled with mixed class brick bats from Ch 30.00 to 60.00m][NIeT No.19/EE/WRD/VI/KLS/24-25 Sl No.07]","Chief Engineer PWD (WR)||Additional CE Agartala||EE WR Investigation Div Agartala||EE WRD VI Kailashahar","AOC","FDR Emergency protection of Raising para S.B. School of Fatikcherra Dasarath Deb V.C. under W.R. Sub-Division Kumarghat , Unakoti Tripura during the year 2024 25 SH Providing PVC wire crates filled with mixed class brick bats from Ch 30.00 to 60.00m","NIeT No.19/EE/WRD/VI/KLS/24-25 Sl No.07","downloads\tripuratenders.gov.in\2025_CEWR_59651_1\stage_summary_2025_CEWR_59651_1.pdf"
"https://tripuratenders.gov.in","WIRE","AOC","48","2025_CEWR_59638_1","[FDRProtection of Laljuripar near the house of Ananta under Kanchanbari GP under W.R. Sub Division Kumarghat during the year 2024 25 SH Supplying and placing of wire crates filled with mixed class bricks bats on the right bank Laljuricherra for 100m][NIeT No.19/EE/WRD/VI/KLS/24-25 Sl No.06]","Chief Engineer PWD (WR)||Additional CE Agartala||EE WR Investigation Div Agartala||EE WRD VI Kailashahar","AOC","FDRProtection of Laljuripar near the house of Ananta under Kanchanbari GP under W.R. Sub Division Kumarghat during the year 2024 25 SH Supplying and placing of wire crates filled with mixed class bricks bats on the right bank Laljuricherra for 100m","NIeT No.19/EE/WRD/VI/KLS/24-25 Sl No.06","downloads\tripuratenders.gov.in\2025_CEWR_59638_1\stage_summary_2025_CEWR_59638_1.pdf"
"https://tripuratenders.gov.in","WIRE","AOC","49","2025_CEWR_59632_1","[FDR/Emergency protection of Raising para S.B. School of Fatikcherra Dasarath Deb V.C. under W.R. Sub-Division Kumarghat , Unakoti Tripura during the year 2024-25 SH Providing PVC wire crates filled with mixed class brick bats from Ch-0 to 30.00m ][NIeT No.19/EE/WRD/VI/KLS/24-25 Sl No.05]","Chief Engineer PWD (WR)||Additional CE Agartala||EE WR Investigation Div Agartala||EE WRD VI Kailashahar","AOC","FDR/Emergency protection of Raising para S.B. School of Fatikcherra Dasarath Deb V.C. under W.R. Sub-Division Kumarghat , Unakoti Tripura during the year 2024-25 SH Providing PVC wire crates filled with mixed class brick bats from Ch-0 to 30.00m","NIeT No.19/EE/WRD/VI/KLS/24-25 Sl No.05","downloads\tripuratenders.gov.in\2025_CEWR_59632_1\stage_summary_2025_CEWR_59632_1.pdf"
"https://tripuratenders.gov.in","WIRE","AOC","50","2025_CERDD_65151_1","[Construction of Balanced Portion of Boundary Fencing by Cement Pillars and Barbed wire at Melaghar Fire Station (Remaining part)][15/BLNCE FENCING MLG FIRE/EE/RD/SNMD/25-26]","Chief Engineer, Rural Development Department||Superintending Engineer - 5th Circle||Sonamura Division","AOC","Construction of Balanced Portion of Boundary Fencing by Cement Pillars and Barbed wire at Melaghar Fire Station (Remaining part)","15/BLNCE FENCING MLG FIRE/EE/RD/SNMD/25-26","downloads\tripuratenders.gov.in\2025_CERDD_65151_1\stage_summary_2025_CERDD_65151_1.pdf"
"https://tripuratenders.gov.in","WIRE","AOC","51","2025_CERDD_58220_1","[Construction of gabion structure with wire crates filled with boulder for fixing damages caused by heavy rains and landslide during the FY 2024-25 from NutanBazar PWD road to SaridhanPara SB School of JamirCherra VC under Manu R.D. Block.][e-DT-59/EE/RD/MNU/D/SDRF/24-25 Dt 10-02-25]","Chief Engineer, Rural Development Department||Superintending Engineer Circle-4, CE, RDD||Executive Engineer Dhalai Division-2","AOC","Construction of gabion structure with wire crates filled with boulder for fixing damages caused by heavy rains and landslide during the FY 2024-25 from NutanBazar PWD road to SaridhanPara SB School of JamirCherra VC under Manu R.D. Block.","e-DT-59/EE/RD/MNU/D/SDRF/24-25 Dt 10-02-25","downloads\tripuratenders.gov.in\2025_CERDD_58220_1\stage_summary_2025_CERDD_58220_1.pdf"
"https://tripuratenders.gov.in","WIRE","AOC","52","2025_CERDD_57265_1","[Construction of boundary fencing cement pillar and barbed wire at Melaghar Fire Station under Melaghar Municipal Council, Sepahijala District (PWD SoR 2023)][ 78 EE/BNDRY FENCING- MLG FIRE STN- NLC/EE/RD/SNMD/2024-25]","Chief Engineer, Rural Development Department||Superintending Engineer - 5th Circle||Sonamura Division","AOC","Construction of boundary fencing cement pillar and barbed wire at Melaghar Fire Station under Melaghar Municipal Council, Sepahijala District (PWD SoR 2023)","78 EE/BNDRY FENCING- MLG FIRE STN- NLC/EE/RD/SNMD/2024-25","downloads\tripuratenders.gov.in\2025_CERDD_57265_1\stage_summary_2025_CERDD_57265_1.pdf"
"https://tripuratenders.gov.in","WIRE","AOC","53","2025_CERDD_56513_2","[Construction of boundary fencing cement pillar and barbed wire at Sonamura Fire Station under Sonamura Nagar Panchayat, Sepahijala District (PWD SoR 2020)(2nd Call)][ 77 EE/BNDRY FENCING- SNM FIRE STN- KTL/EE/RD/SNMD/24-25]","Chief Engineer, Rural Development Department||Superintending Engineer - 5th Circle||Sonamura Division","AOC","Construction of boundary fencing cement pillar and barbed wire at Sonamura Fire Station under Sonamura Nagar Panchayat, Sepahijala District (PWD SoR 2020)(2nd Call)","77 EE/BNDRY FENCING- SNM FIRE STN- KTL/EE/RD/SNMD/24-25","downloads\tripuratenders.gov.in\2025_CERDD_56513_2\stage_summary_2025_CERDD_56513_2.pdf"
"https://tripuratenders.gov.in","WIRE","AOC","54","2025_CEPWD_68476_1","[Mtc. Of steel bridge on Agartala-Simna road(Old bypass, Mohanpur) during the year 2025-26/SH Wire crates, Salpost, palasiding with allied works/Gr-II.][136/DNIT/EE/MNP/PWD(R n B)/2025-26]","Chief Engineer, PWD (R and B)||SE, PWD (R and B), Fourth Circle||EE PWD (R and B) Mohanpur Division","AOC","Mtc. Of steel bridge on Agartala-Simna road(Old bypass, Mohanpur) during the year 2025-26/SH Wire crates, Salpost, palasiding with allied works/Gr-II.","136/DNIT/EE/MNP/PWD(R n B)/2025-26","downloads\tripuratenders.gov.in\2025_CEPWD_68476_1\stage_summary_2025_CEPWD_68476_1.pdf"
"https://tripuratenders.gov.in","WIRE","AOC","55","2025_CEPWD_68474_1","[Mtc. Of steel bridge on Agartala-Simna road(Old bypass, Mohanpur) during the year 2025-26/SH Wire crates, construction of embankment with allied works/Gr-I.][135/DNIT/EE/MNP/PWD(R n B)/2025-26]","Chief Engineer, PWD (R and B)||SE, PWD (R and B), Fourth Circle||EE PWD (R and B) Mohanpur Division","AOC","Mtc. Of steel bridge on Agartala-Simna road(Old bypass, Mohanpur) during the year 2025-26/SH Wire crates, construction of embankment with allied works/Gr-I.","135/DNIT/EE/MNP/PWD(R n B)/2025-26","downloads\tripuratenders.gov.in\2025_CEPWD_68474_1\stage_summary_2025_CEPWD_68474_1.pdf"
"https://tripuratenders.gov.in","WIRE","AOC","56","2025_CEPWD_68246_1","[Maintenance of staff quarters of Kunjaban extension Agartala SH Providing and fitting fixing of hard drawn steel wire for fencing around of existing pump house at backside of quarter T VI 6 along with toe wall, C.C. work, painting etc. under Capital ][75/DNIT/EE/CCD/PWD/2025-26]","Chief Engineer, PWD (R and B)||SE PWD (R and B) Project Circle||EE Capital Complex Division","AOC","Maintenance of staff quarters of Kunjaban extension Agartala SH Providing and fitting fixing of hard drawn steel wire for fencing around of existing pump house at backside of quarter T VI 6 along with toe wall, C.C. work, painting etc. under Capital","75/DNIT/EE/CCD/PWD/2025-26","downloads\tripuratenders.gov.in\2025_CEPWD_68246_1\stage_summary_2025_CEPWD_68246_1.pdf"
"https://tripuratenders.gov.in","WIRE","AOC","57","2025_CEPWD_68136_1","[Maintenance of Birmohan Bailey bridge on the road from Birmohan Chowmuhani to Barkathal Bazar during the year 2025-26/SH Deck nut, Transom clamp, panel pin, Bracing bolt, raker nut, wire crates and wood work etc./Gr-I][131/DNIT/EE/MNP/PWD(R n B)/2025-26]","Chief Engineer, PWD (R and B)||SE, PWD (R and B), Fourth Circle||EE PWD (R and B) Mohanpur Division","AOC","Maintenance of Birmohan Bailey bridge on the road from Birmohan Chowmuhani to Barkathal Bazar during the year 2025-26/SH Deck nut, Transom clamp, panel pin, Bracing bolt, raker nut, wire crates and wood work etc./Gr-I","131/DNIT/EE/MNP/PWD(R n B)/2025-26","downloads\tripuratenders.gov.in\2025_CEPWD_68136_1\stage_summary_2025_CEPWD_68136_1.pdf"
"https://tripuratenders.gov.in","WIRE","AOC","58","2025_CEPWD_67737_1","[Mtc of road from DM Para to Malakuthai Para (Link Route No L-046).(L-2.966km) portion from 1.466km to 2.966 km during the year 2025-26./SH- Protection work by laying pvc wire crates and RCC Rretaining wall, Patch WBM3, pucca drain, and Re-carpetti][105/SE-II/PWD(RandB)/2025-26.]","Chief Engineer, PWD (R and B)||SE, PWD (R and B), Second Circle||EE Teliamura Division","AOC","Mtc of road from DM Para to Malakuthai Para (Link Route No L-046).(L-2.966km) portion from 1.466km to 2.966 km during the year 2025-26./SH- Protection work by laying pvc wire crates and RCC Rretaining wall, Patch WBM3, pucca drain, and Re-carpetti","105/SE-II/PWD(RandB)/2025-26.","downloads\tripuratenders.gov.in\2025_CEPWD_67737_1\stage_summary_2025_CEPWD_67737_1.pdf"
"https://tripuratenders.gov.in","WIRE","AOC","59","2025_CEPWD_67461_1","[Mtc of road from DM Para to Malakuthai Para (Link Route No L-046).(L-2.966km) portion from 2.45km to 2.47 km and 2.75 km to 2.77km during the year 2025-26./SH- Protection work by laying pvc wire crates, pucca drain,etc.][17/EE/TLM/PWD(RandB)/2025-26]","Chief Engineer, PWD (R and B)||SE, PWD (R and B), Second Circle||EE Teliamura Division","AOC","Mtc of road from DM Para to Malakuthai Para (Link Route No L-046).(L-2.966km) portion from 2.45km to 2.47 km and 2.75 km to 2.77km during the year 2025-26./SH- Protection work by laying pvc wire crates, pucca drain,etc.","17/EE/TLM/PWD(RandB)/2025-26","downloads\tripuratenders.gov.in\2025_CEPWD_67461_1\stage_summary_2025_CEPWD_67461_1.pdf"
"https://tripuratenders.gov.in","WIRE","AOC","60","2025_CEPWD_67186_1","[Renewal of PMGSY handed over road from NEC road to Madhya Chaintail during the yr 2025 26 L1.995 km Pckage No. TR03183, Link No. L043 SH GSB, WBM II, WBM III, premix carpet, pucca drain, river protect work through wire crates, block pitching, etc. ][23/CE/PWD(RB)/ACE (PDU)/2025-26]","Chief Engineer, PWD (R and B)||SE, PWD (R and B), First Circle||EE PWD (R and B) Kailashahar Division","AOC","Renewal of PMGSY handed over road from NEC road to Madhya Chaintail during the yr 2025 26 L1.995 km Pckage No. TR03183, Link No. L043 SH GSB, WBM II, WBM III, premix carpet, pucca drain, river protect work through wire crates, block pitching, etc.","23/CE/PWD(RB)/ACE (PDU)/2025-26","downloads\tripuratenders.gov.in\2025_CEPWD_67186_1\stage_summary_2025_CEPWD_67186_1.pdf"
"https://tripuratenders.gov.in","WIRE","AOC","61","2025_CEPWD_66656_1","[FDR/Jurisdiction mtc. of different roads under PWD (RandB),Jatanbari Sub-Division, / SH-Land slide clearance,Bats filling,WBM,Patch Re-carpeting, grouting, sand seal coating,Surface drains,Wire crates etc. (Group-II)][47/DNIT/R/EE/PWD/AMP/2025-26]","Chief Engineer, PWD (R and B)||SE, PWD (R and B), Third Circle||EE Amarpur Division","AOC","FDR/Jurisdiction mtc. of different roads under PWD (RandB),Jatanbari Sub-Division, / SH-Land slide clearance,Bats filling,WBM,Patch Re-carpeting, grouting, sand seal coating,Surface drains,Wire crates etc. (Group-II)","47/DNIT/R/EE/PWD/AMP/2025-26","downloads\tripuratenders.gov.in\2025_CEPWD_66656_1\stage_summary_2025_CEPWD_66656_1.pdf"
"https://tripuratenders.gov.in","WIRE","AOC","62","2025_CEPWD_66653_1","[FDR/Jurisdiction mtc. of different roads under PWD (RandB),Jatanbari Sub-Division, /SH-Construction of Paver Block, Patch Metalling, Patch Re-carpeting, grouting, sand seal coating,Wire crates,Land slide clearance, Bats filling,Protection work etc. d][45/DNIT/R/EE/PWD/AMP/2025-26]","Chief Engineer, PWD (R and B)||SE, PWD (R and B), Third Circle||EE Amarpur Division","AOC","FDR/Jurisdiction mtc. of different roads under PWD (RandB),Jatanbari Sub-Division, /SH-Construction of Paver Block, Patch Metalling, Patch Re-carpeting, grouting, sand seal coating,Wire crates,Land slide clearance, Bats filling,Protection work etc. d","45/DNIT/R/EE/PWD/AMP/2025-26","downloads\tripuratenders.gov.in\2025_CEPWD_66653_1\stage_summary_2025_CEPWD_66653_1.pdf"
"https://tripuratenders.gov.in","WIRE","AOC","63","2025_CEPWD_65924_1","[PROVIDING MANPOWER(ELECTRICIAN/WIREMAN) FOR ROUND THE CLOCK DUTY BEYOND DUTY HOURS FOR MTC OF IE WORK AT DHALAI DISTRICT HOSPITAL, KULAI TRIPURA][48/EE-IED/AMB/2025-26]","Chief Engineer, PWD (R and B)||SE PWD (R and B) Project Circle||EE PWD (R and B) IE Divn Ambassa Division","AOC","PROVIDING MANPOWER(ELECTRICIAN/WIREMAN) FOR ROUND THE CLOCK DUTY BEYOND DUTY HOURS FOR MTC OF IE WORK AT DHALAI DISTRICT HOSPITAL, KULAI TRIPURA","48/EE-IED/AMB/2025-26","downloads\tripuratenders.gov.in\2025_CEPWD_65924_1\stage_summary_2025_CEPWD_65924_1.pdf"
"https://tripuratenders.gov.in","WIRE","AOC","64","2025_CEPWD_64635_1","[FDR Maintenance of road from Mandwi to Chachu Bazar ( L9.533 Km) under Mandwi Sub-Division during the year 2025-2026 SH Protection of road Embankment by Providing and placing wire crates, placing of gunny bag, Earth Cutting and Filling etc..][36/R/DNIeT/EE-JRN/PWD(R and B)/2025-26]","Chief Engineer, PWD (R and B)||SE, PWD (R and B), Fourth Circle||EE PWD (R and B) Jirania Division","AOC","FDR Maintenance of road from Mandwi to Chachu Bazar ( L9.533 Km) under Mandwi Sub-Division during the year 2025-2026 SH Protection of road Embankment by Providing and placing wire crates, placing of gunny bag, Earth Cutting and Filling etc..","36/R/DNIeT/EE-JRN/PWD(R and B)/2025-26","downloads\tripuratenders.gov.in\2025_CEPWD_64635_1\stage_summary_2025_CEPWD_64635_1.pdf"
"https://tripuratenders.gov.in","WIRE","AOC","65","2025_CEPWD_64376_1","[Construction of GI welded steel wire febric mesh fencing (Length-2880.00 Mtr) at Krishi Vigyan Kendra, Amarpur Gomati Tripura during the year 2024-2025/SH- Earth work, R.C.C work, Brick work, G.I Barbed Wire Fencing work and painting work etc. ][21/NIT/SE-III/B/2025-26]","Chief Engineer, PWD (R and B)||SE, PWD (R and B), Third Circle||EE Amarpur Division","AOC","Construction of GI welded steel wire febric mesh fencing (Length-2880.00 Mtr) at Krishi Vigyan Kendra, Amarpur Gomati Tripura during the year 2024-2025/SH- Earth work, R.C.C work, Brick work, G.I Barbed Wire Fencing work and painting work etc.","21/NIT/SE-III/B/2025-26","downloads\tripuratenders.gov.in\2025_CEPWD_64376_1\stage_summary_2025_CEPWD_64376_1.pdf"
"https://tripuratenders.gov.in","WIRE","AOC","66","2025_CEPWD_62308_1","[Urgent FDR of PWD roads within Kanchanmala area under Amtali PWD (RnB) Sub Division during the year 2025_26_SH Patch soling, providing and placing GI wire crates, restoration of side shoulders, palasiding works, patch grouting, placing of gunny bags][17_R_EE_BSLD_PWD_RnB_2025_26]","Chief Engineer, PWD (R and B)||SE, PWD (R and B), Fourth Circle||EE PWD (R and B) Bishalgarh Division","AOC","Urgent FDR of PWD roads within Kanchanmala area under Amtali PWD (RnB) Sub Division during the year 2025_26_SH Patch soling, providing and placing GI wire crates, restoration of side shoulders, palasiding works, patch grouting, placing of gunny bags","17_R_EE_BSLD_PWD_RnB_2025_26","downloads\tripuratenders.gov.in\2025_CEPWD_62308_1\stage_summary_2025_CEPWD_62308_1.pdf"
"https://tripuratenders.gov.in","WIRE","AOC","67","2025_CEPWD_61308_1","[Mtc. Of Tarapur-Sidhai road during the year 2025-26/SH Protection work for erosion by PVC wire crates with allied works at local chera,South Bijoynagar(Length-55.00Mtr)][28/DNIT/EE/MNP/PWD(R n B)/2025-26]","Chief Engineer, PWD (R and B)||SE, PWD (R and B), Fourth Circle||EE PWD (R and B) Mohanpur Division","AOC","Mtc. Of Tarapur-Sidhai road during the year 2025-26/SH Protection work for erosion by PVC wire crates with allied works at local chera,South Bijoynagar(Length-55.00Mtr)","28/DNIT/EE/MNP/PWD(R n B)/2025-26",""
"https://tripuratenders.gov.in","WIRE","AOC","68","2025_CEPWD_60851_1","[Maintenance of different roads under Mandwi Sub-Division during the year 2025-26 SH Earth Cutting, Earth Filling, Missing soling Providing and Placing of wire crates, Placing of Gunny bag Construction of surface drain etc. and other works..Gr I ][04/R/DNIeT/EE-JRN/PWD(R and B)/2025-26]","Chief Engineer, PWD (R and B)||SE, PWD (R and B), Fourth Circle||EE PWD (R and B) Jirania Division","AOC","Maintenance of different roads under Mandwi Sub-Division during the year 2025-26 SH Earth Cutting, Earth Filling, Missing soling Providing and Placing of wire crates, Placing of Gunny bag Construction of surface drain etc. and other works..Gr I","04/R/DNIeT/EE-JRN/PWD(R and B)/2025-26",""
"https://tripuratenders.gov.in","WIRE","AOC","69","2025_CEPWD_60679_1","[Mtc. of road/SH- Protection work by providing wire crates and earthfilling near 100 seated boys Hostel and Academic building of Gomati District Polytechnic, Fulkumari, Gomati, Tripura during the year 2025-26][DNIT No.02/EE/PWD/UDP/R/2025-26]","Chief Engineer, PWD (R and B)||SE, PWD (R and B), Third Circle||EE Udaipur Division","AOC","Mtc. of road/SH- Protection work by providing wire crates and earthfilling near 100 seated boys Hostel and Academic building of Gomati District Polytechnic, Fulkumari, Gomati, Tripura during the year 2025-26","DNIT No.02/EE/PWD/UDP/R/2025-26",""
"https://tripuratenders.gov.in","WIRE","AOC","70","2025_CEPWD_60612_1","[FDR / Mtc. of different roads under Ampi PWD (RandB) Sub-Division under Ompi R.D. Block/SH- Sal Post Boring, Palasiding ( L-10.00 Mtr), Wire Crates and Gunny Bags Placing etc. during the year 2025-26. Group-III][04/DNIT/R/EE/PWD/AMP/2025-26]","Chief Engineer, PWD (R and B)||SE, PWD (R and B), Third Circle||EE Amarpur Division","AOC","FDR / Mtc. of different roads under Ampi PWD (RandB) Sub-Division under Ompi R.D. Block/SH- Sal Post Boring, Palasiding ( L-10.00 Mtr), Wire Crates and Gunny Bags Placing etc. during the year 2025-26. Group-III","04/DNIT/R/EE/PWD/AMP/2025-26",""
"https://tntenders.gov.in","CABLE","AOC","1","2026_WRD_653058_1","[Provision of LED street Light Arrangements and LTUG cable to the Road In-between In-Gate and Gallery of Mordhana Dam in Vellore District.][e Tender Short Term Tender Notice No 06 UPBC Vellore F-Tender 2025-2026 Dated 05 02 2026]","Water Resources Department||CE WRD Chennai Region - Chennai||SE Upper Palar Basin Circle WRD - Vellore","AOC","Provision of LED street Light Arrangements and LTUG cable to the Road In-between In-Gate and Gallery of Mordhana Dam in Vellore District.","e Tender Short Term Tender Notice No 06 UPBC Vellore F-Tender 2025-2026 Dated 05 02 2026","downloads\tntenders.gov.in\2026_WRD_653058_1\stage_summary_2026_WRD_653058_1.pdf"
"https://tntenders.gov.in","CABLE","AOC","2","2026_TNPL_675518_1","[Supply of Instrumentation Cables for RSPS#2 Project at TNPL Unit I][TNPL/UNIT 1/RSPS#2/262713000001]","Tamilnadu Newsprint and Papers Limited||TNPL Unit-1||TNPL Projects","AOC","Supply of Instrumentation Cables for RSPS#2 Project at TNPL Unit I","TNPL/UNIT 1/RSPS#2/262713000001","downloads\tntenders.gov.in\2026_TNPL_675518_1\stage_summary_2026_TNPL_675518_1.pdf"
"https://tntenders.gov.in","CABLE","AOC","3","2026_TNPL_675205_1","[RODENTICIDE TREATMENT IN VARIOUS PANEL AND CABLE ROOMS IN PULPMILL AT TNPL UNIT - II][TNPL/TOS/U2/252623004550]","Tamilnadu Newsprint and Papers Limited||TNPL Unit-2||TNPL TOS","AOC","RODENTICIDE TREATMENT IN VARIOUS PANEL AND CABLE ROOMS IN PULPMILL AT TNPL UNIT - II","TNPL/TOS/U2/252623004550","downloads\tntenders.gov.in\2026_TNPL_675205_1\stage_summary_2026_TNPL_675205_1.pdf"
"https://tntenders.gov.in","CABLE","AOC","4","2026_TNPL_674434_1","[Sale of used 110 KV Transformers Booster NGR Insulators Isolators and Aluminium cable from TNPL unit 1][2025065]","Tamilnadu Newsprint and Papers Limited||TNPL Unit-1||TNPL Disposal","AOC","Sale of used 110 KV Transformers Booster NGR Insulators Isolators and Aluminium cable from TNPL unit 1","2025065","downloads\tntenders.gov.in\2026_TNPL_674434_1\stage_summary_2026_TNPL_674434_1.pdf"
"https://tntenders.gov.in","CABLE","AOC","5","2026_TNPL_668315_1","[Rate Contract for Laying, Removing and Fixing of Cable and Cable trays for the year 2026-2027][TNPL / TOS / U1/252613007612]","Tamilnadu Newsprint and Papers Limited||TNPL Unit-1||TNPL TOS","AOC","Rate Contract for Laying, Removing and Fixing of Cable and Cable trays for the year 2026-2027","TNPL / TOS / U1/252613007612","downloads\tntenders.gov.in\2026_TNPL_668315_1\stage_summary_2026_TNPL_668315_1.pdf"
"https://tntenders.gov.in","CABLE","AOC","6","2026_TNPL_667869_1","[CCTV CAMERA NETWORKS SYSTEM FOR TNPL FACTORY AND INSTALLATION AND COMMISSIONING OF CCTV CAMERA AND OTHER NETWORKS ACCESSORIES INCLUDING OFC CABLE LAYING AND SPLICING ][TNPL/PUR/U1/252613007661]","Tamilnadu Newsprint and Papers Limited||TNPL Unit-1||TNPL Purchase","AOC","CCTV CAMERA NETWORKS SYSTEM FOR TNPL FACTORY AND INSTALLATION AND COMMISSIONING OF CCTV CAMERA AND OTHER NETWORKS ACCESSORIES INCLUDING OFC CABLE LAYING AND SPLICING","TNPL/PUR/U1/252613007661","downloads\tntenders.gov.in\2026_TNPL_667869_1\stage_summary_2026_TNPL_667869_1.pdf"
"https://tntenders.gov.in","CABLE","AOC","7","2026_TNPL_664851_1","[LAYING OF OPTICAL FIBER CABLES AT TNPL UNIT - II ][TNPL/TOS/U2/252623004335]","Tamilnadu Newsprint and Papers Limited||TNPL Unit-2||TNPL TOS","AOC","LAYING OF OPTICAL FIBER CABLES AT TNPL UNIT - II","TNPL/TOS/U2/252623004335","downloads\tntenders.gov.in\2026_TNPL_664851_1\stage_summary_2026_TNPL_664851_1.pdf"
"https://tntenders.gov.in","CABLE","AOC","8","2026_TNPL_660425_1","[Sale of Waste and Scrap of Copper Cables, Copper and its Alloys from TNPL Unit 2 on one time Contract / As is where is basis][TNPL/DIS/U2/82025053]","Tamilnadu Newsprint and Papers Limited||TNPL Unit-2||TNPL Disposal","AOC","Sale of Waste and Scrap of Copper Cables, Copper and its Alloys from TNPL Unit 2 on one time Contract / As is where is basis","TNPL/DIS/U2/82025053","downloads\tntenders.gov.in\2026_TNPL_660425_1\stage_summary_2026_TNPL_660425_1.pdf"
"https://tntenders.gov.in","CABLE","AOC","9","2026_TNPL_646536_1","[Laying of Earth flat and Dismantling of corroded cable tray at Pulp electrical in TNPL Unit I][TNPL/TOS/U1/252613007156]","Tamilnadu Newsprint and Papers Limited||TNPL Unit-1||TNPL TOS","AOC","Laying of Earth flat and Dismantling of corroded cable tray at Pulp electrical in TNPL Unit I","TNPL/TOS/U1/252613007156","downloads\tntenders.gov.in\2026_TNPL_646536_1\stage_summary_2026_TNPL_646536_1.pdf"
"https://tntenders.gov.in","CABLE","AOC","10","2026_TNPL_643756_1","[Network cable laying work at TNPL Unit-1 and Cement Plant -ICT dept][TNPL / TOS / U1/252613006935]","Tamilnadu Newsprint and Papers Limited||TNPL Unit-1||TNPL TOS","AOC","Network cable laying work at TNPL Unit-1 and Cement Plant -ICT dept","TNPL / TOS / U1/252613006935","downloads\tntenders.gov.in\2026_TNPL_643756_1\stage_summary_2026_TNPL_643756_1.pdf"
"https://tntenders.gov.in","CABLE","AOC","11","2026_TNPHC_669349_1","[Providing CCTV, Data Cable arrangements, Telephone System for the work of Construction of Cyber Crime Administrative Office Building at PTC Campus, Ashok Nagar in Chennai city][SE/CC/DB/241-C/2026]","Tamil Nadu Police Housing Corporation||Supdt. Engineer(Chennai Circle) - TNPHC||Chennai Division-I - TNPHC||Chennai Maintenance-HQR - TNPHC","AOC","Providing CCTV, Data Cable arrangements, Telephone System for the work of Construction of Cyber Crime Administrative Office Building at PTC Campus, Ashok Nagar in Chennai city","SE/CC/DB/241-C/2026","downloads\tntenders.gov.in\2026_TNPHC_669349_1\stage_summary_2026_TNPHC_669349_1.pdf"
"https://tntenders.gov.in","CABLE","AOC","12","2026_TNPHC_652927_1","[Providing External Electrical arrangements (LTUG cable with metering panel Boards) to the work of Construction of 70nos.of Residential quarters with development works for the formation of High Security Prison at Suriyur Village, Thiruverumbur Taluk ][EE/Trichy No.33/2025-2026-2]","Tamil Nadu Police Housing Corporation||Supdt. Engineer(South Circle) - TNPHC||Trichy Division - TNPHC","AOC","Providing External Electrical arrangements (LTUG cable with metering panel Boards) to the work of Construction of 70nos.of Residential quarters with development works for the formation of High Security Prison at Suriyur Village, Thiruverumbur Taluk","EE/Trichy No.33/2025-2026-2","downloads\tntenders.gov.in\2026_TNPHC_652927_1\stage_summary_2026_TNPHC_652927_1.pdf"
"https://tntenders.gov.in","CABLE","AOC","13","2026_TNPHC_651185_1","[Providing UG Cable arrangements for the work of Construction of Quarters for One Station Fire Officer and 32 Nos of Firemen at SIVAKASI in Virudhunagar District][EE/Tnli.No.28/2025-2026-2]","Tamil Nadu Police Housing Corporation||Supdt. Engineer(South Circle) - TNPHC||Tirunelveli Division - TNPHC","AOC","Providing UG Cable arrangements for the work of Construction of Quarters for One Station Fire Officer and 32 Nos of Firemen at SIVAKASI in Virudhunagar District","EE/Tnli.No.28/2025-2026-2","downloads\tntenders.gov.in\2026_TNPHC_651185_1\stage_summary_2026_TNPHC_651185_1.pdf"
"https://tntenders.gov.in","CABLE","AOC","14","2026_TNPHC_642374_1","[Providing street light arrangements with cable in staff quarters at Central Prison-I Puzhal in Chennai city.][EE/Ch.Dn-II/Db/3333/2025]","Tamil Nadu Police Housing Corporation||Supdt. Engineer(Chennai Circle) - TNPHC||Chennai Division-II - TNPHC||Thiruvallur - TNPHC","AOC","Providing street light arrangements with cable in staff quarters at Central Prison-I Puzhal in Chennai city.","EE/Ch.Dn-II/Db/3333/2025","downloads\tntenders.gov.in\2026_TNPHC_642374_1\stage_summary_2026_TNPHC_642374_1.pdf"
"https://tntenders.gov.in","CABLE","AOC","15","2026_TNPHC_642325_1","[Providing lighting arrangements at inner compound wall with cable at Special Prison for Women at Puzhal in Chennai city.][EE/Ch.Dn-II/Db/3331/2025]","Tamil Nadu Police Housing Corporation||Supdt. Engineer(Chennai Circle) - TNPHC||Chennai Division-II - TNPHC||Thiruvallur - TNPHC","AOC","Providing lighting arrangements at inner compound wall with cable at Special Prison for Women at Puzhal in Chennai city.","EE/Ch.Dn-II/Db/3331/2025","downloads\tntenders.gov.in\2026_TNPHC_642325_1\stage_summary_2026_TNPHC_642325_1.pdf"
"https://tntenders.gov.in","CABLE","AOC","16","2026_TNHB_654505_1","[Providing Cable tray and Panel Board Arrangements in Construction of Commercial Complex Cum Office building at Phase VII Hosur Krishnagiri District][D1/2486/2025]","Tamil Nadu Housing Board||Salem Circle||Hosur Housing Unit","AOC","Providing Cable tray and Panel Board Arrangements in Construction of Commercial Complex Cum Office building at Phase VII Hosur Krishnagiri District","D1/2486/2025","downloads\tntenders.gov.in\2026_TNHB_654505_1\stage_summary_2026_TNHB_654505_1.pdf"
"https://tntenders.gov.in","CABLE","AOC","17","2026_TCSC_673130_1","[Shifting and fixing of Main Panel Board,Main DB,Main Switch,Sub-Panel including Change Over Switch with Main Cable at TNCSC Head Office Building Campus at Kilpauk in Chennai][45/CE/DB/DOE/063150/2025]","Tamil Nadu Civil Supplies Corporation||Head Office - Chennai","AOC","Shifting and fixing of Main Panel Board,Main DB,Main Switch,Sub-Panel including Change Over Switch with Main Cable at TNCSC Head Office Building Campus at Kilpauk in Chennai","45/CE/DB/DOE/063150/2025","downloads\tntenders.gov.in\2026_TCSC_673130_1\stage_summary_2026_TCSC_673130_1.pdf"
"https://tntenders.gov.in","CABLE","AOC","18","2026_RDTN_673587_1","[Providing Flushing of Bore well with 7.5 HP Motor, GI Pipe with Cable at Kannigapuram road H/O Dhonimedu Panchayat][B1/01/2025]","Rural Development and Panchayat Raj Department||Ranipet RD TN||Timiri - VP Ranipet RD TN","AOC","Providing Flushing of Bore well with 7.5 HP Motor, GI Pipe with Cable at Kannigapuram road H/O Dhonimedu Panchayat","B1/01/2025","downloads\tntenders.gov.in\2026_RDTN_673587_1\stage_summary_2026_RDTN_673587_1.pdf"
"https://tntenders.gov.in","CABLE","AOC","19","2026_RDTN_673577_1","[Providing new Bore well with 1.5HP Motor with GI Pipe with cable in Kulathumedu Bus Stop Near at Dhonimedu Panchayat ][B1/01/2025]","Rural Development and Panchayat Raj Department||Ranipet RD TN||Timiri - VP Ranipet RD TN","AOC","Providing new Bore well with 1.5HP Motor with GI Pipe with cable in Kulathumedu Bus Stop Near at Dhonimedu Panchayat","B1/01/2025","downloads\tntenders.gov.in\2026_RDTN_673577_1\stage_summary_2026_RDTN_673577_1.pdf"
"https://tntenders.gov.in","CABLE","AOC","20","2026_RDTN_672915_1","[Tirupathur District 14th CFC 2025-26 Providing New Bore Well 7.5 HP New Motor Panel Board. GI Pipe Cable at Pottukaran vattam in A.K.Mottur Panchayat Tirupathur Block Package No.04][A3/5634/2026]","Rural Development and Panchayat Raj Department||Tirupathur RD TN||Tirupathur Tirupathur RD TN","AOC","Tirupathur District 14th CFC 2025-26 Providing New Bore Well 7.5 HP New Motor Panel Board. GI Pipe Cable at Pottukaran vattam in A.K.Mottur Panchayat Tirupathur Block Package No.04","A3/5634/2026","downloads\tntenders.gov.in\2026_RDTN_672915_1\stage_summary_2026_RDTN_672915_1.pdf"
"https://tntenders.gov.in","CABLE","AOC","21","2026_RDTN_672907_1","[Tirupathur District 14th CFC 2025-26 Providing New Bore Well With Power Pump. GI Pipe Cable and Pipeline at Pudhur Poongulam in Jammanapudhur Panchayat Tirupathur Block Package No.03][A3/5634/2026]","Rural Development and Panchayat Raj Department||Tirupathur RD TN||Tirupathur Tirupathur RD TN","AOC","Tirupathur District 14th CFC 2025-26 Providing New Bore Well With Power Pump. GI Pipe Cable and Pipeline at Pudhur Poongulam in Jammanapudhur Panchayat Tirupathur Block Package No.03","A3/5634/2026","downloads\tntenders.gov.in\2026_RDTN_672907_1\stage_summary_2026_RDTN_672907_1.pdf"
"https://tntenders.gov.in","CABLE","AOC","22","2026_RDTN_672900_1","[Tirupathur District 14th CFC 2025-26 Providing New Bore Well 7.5 HP New Motor Panel Board. GI Pipe Cable, and Pipe Line For Existing OHT at Pazhaiyur in Kurumbakeri Panchayat Tirupathur Block Package No.01][A3/5634/2026]","Rural Development and Panchayat Raj Department||Tirupathur RD TN||Tirupathur Tirupathur RD TN","AOC","Tirupathur District 14th CFC 2025-26 Providing New Bore Well 7.5 HP New Motor Panel Board. GI Pipe Cable, and Pipe Line For Existing OHT at Pazhaiyur in Kurumbakeri Panchayat Tirupathur Block Package No.01","A3/5634/2026","downloads\tntenders.gov.in\2026_RDTN_672900_1\stage_summary_2026_RDTN_672900_1.pdf"
"https://tntenders.gov.in","CABLE","AOC","23","2026_RDTN_672180_1","[ Providing New Borewell and 7.5HP motor with Gi pipe,cable wire, Pannel board at payanur near PM JANMAN House H/O Sathur panchayat ][A1/670/2026]","Rural Development and Panchayat Raj Department||Ranipet RD TN||Arcot Ranipet RD TN","AOC","Providing New Borewell and 7.5HP motor with Gi pipe,cable wire, Pannel board at payanur near PM JANMAN House H/O Sathur panchayat","A1/670/2026","downloads\tntenders.gov.in\2026_RDTN_672180_1\stage_summary_2026_RDTN_672180_1.pdf"
"https://tntenders.gov.in","CABLE","AOC","24","2026_RDTN_671226_1","[ Providing New Borewell with 7.5 Hp Motor GI pipe with pannal board cable pvc pipe line Eswaran kovil near Sathur Village H/O Sathur panchayat ][A4/3447/2024]","Rural Development and Panchayat Raj Department||Ranipet RD TN||Arcot Ranipet RD TN","AOC","Providing New Borewell with 7.5 Hp Motor GI pipe with pannal board cable pvc pipe line Eswaran kovil near Sathur Village H/O Sathur panchayat","A4/3447/2024","downloads\tntenders.gov.in\2026_RDTN_671226_1\stage_summary_2026_RDTN_671226_1.pdf"
"https://tntenders.gov.in","CABLE","AOC","25","2026_RDTN_670961_1","[Erection of Submersible Pumpset ,Cable Arrangements at Near BG Ground in Ka.Elamangalam Panchayat ][B1/0179/2025 Panchayat General Fund 2025-26 Vridhachalam Block]","Rural Development and Panchayat Raj Department||Cuddalore,RD,TN||VIRUDHACHALAM - VP,CUDDALORE,RD,TN","AOC","Erection of Submersible Pumpset ,Cable Arrangements at Near BG Ground in Ka.Elamangalam Panchayat","B1/0179/2025 Panchayat General Fund 2025-26 Vridhachalam Block","downloads\tntenders.gov.in\2026_RDTN_670961_1\stage_summary_2026_RDTN_670961_1.pdf"
"https://tntenders.gov.in","CABLE","AOC","26","2026_RDTN_670220_1","[Providing of New 7.5 HP motor and GI Pipe with Cable Existing Bore well to MGR Nagar at Athithangal panchayat ][A4/3447/2024]","Rural Development and Panchayat Raj Department||Ranipet RD TN||Arcot Ranipet RD TN","AOC","Providing of New 7.5 HP motor and GI Pipe with Cable Existing Bore well to MGR Nagar at Athithangal panchayat","A4/3447/2024","downloads\tntenders.gov.in\2026_RDTN_670220_1\stage_summary_2026_RDTN_670220_1.pdf"
"https://tntenders.gov.in","CABLE","AOC","27","2026_RDTN_669940_1","[Vellore District Providing of 2HP Motor,UPVC Pipe,Panel Board,Cable wire, Specials and Pipeline Arrangements for Existing Borewell at PUMS in Vasanthanadai Panchayat Anaicut Block SFC (DP) 2025-26 Package No 02][A2/2500/2026]","Rural Development and Panchayat Raj Department||Vellore,RD,TN||ANAICUT, VELLORE,RD,TN","AOC","Vellore District Providing of 2HP Motor,UPVC Pipe,Panel Board,Cable wire, Specials and Pipeline Arrangements for Existing Borewell at PUMS in Vasanthanadai Panchayat Anaicut Block SFC (DP) 2025-26 Package No 02","A2/2500/2026","downloads\tntenders.gov.in\2026_RDTN_669940_1\stage_summary_2026_RDTN_669940_1.pdf"
"https://tntenders.gov.in","CABLE","AOC","28","2026_RDTN_669565_1","[Erection of New 15.0HP Submersible Pumpset ,Cable Arrangements at Kachirayanatham Panchayat][A6/0025/2026 General Fund 2025-26 Vridhachlam Block]","Rural Development and Panchayat Raj Department||Cuddalore,RD,TN||VIRUDHACHALAM,CUDDALORE,RD,TN","AOC","Erection of New 15.0HP Submersible Pumpset ,Cable Arrangements at Kachirayanatham Panchayat","A6/0025/2026 General Fund 2025-26 Vridhachlam Block","downloads\tntenders.gov.in\2026_RDTN_669565_1\stage_summary_2026_RDTN_669565_1.pdf"
"https://tntenders.gov.in","CABLE","AOC","29","2026_RDTN_669459_1","[ Providing for new motor and pipe line, cable work at athidravderi colony 30000 oht H/O Mecheri Panchayat][A1/1606/2022]","Rural Development and Panchayat Raj Department||Ranipet RD TN||Arcot Ranipet RD TN","AOC","Providing for new motor and pipe line, cable work at athidravderi colony 30000 oht H/O Mecheri Panchayat","A1/1606/2022","downloads\tntenders.gov.in\2026_RDTN_669459_1\stage_summary_2026_RDTN_669459_1.pdf"
"https://tntenders.gov.in","CABLE","AOC","30","2026_RDTN_669454_1","[ Providing for Flusisng of bore well and GI pipe ,cable at Kirambadi H/O Kirambadi Panchayat][A1/1606/2022]","Rural Development and Panchayat Raj Department||Ranipet RD TN||Arcot Ranipet RD TN","AOC","Providing for Flusisng of bore well and GI pipe ,cable at Kirambadi H/O Kirambadi Panchayat","A1/1606/2022","downloads\tntenders.gov.in\2026_RDTN_669454_1\stage_summary_2026_RDTN_669454_1.pdf"
"https://tntenders.gov.in","CABLE","AOC","31","2026_RDTN_669451_1","[ Providing for Flusisng of bore well and cable , pipe line at Kadapathangal H/O Kirambadi Panchayat][A1/1606/2022]","Rural Development and Panchayat Raj Department||Ranipet RD TN||Arcot Ranipet RD TN","AOC","Providing for Flusisng of bore well and cable , pipe line at Kadapathangal H/O Kirambadi Panchayat","A1/1606/2022","downloads\tntenders.gov.in\2026_RDTN_669451_1\stage_summary_2026_RDTN_669451_1.pdf"
"https://tntenders.gov.in","CABLE","AOC","32","2026_RDTN_669271_1","[Providing New 5HP Motor, GI Pipe With Cable and Pipe Line at Pattikollaimedu H/O Varagur Panchayat][A1/01/2025]","Rural Development and Panchayat Raj Department||Ranipet RD TN||Timiri - VP Ranipet RD TN","AOC","Providing New 5HP Motor, GI Pipe With Cable and Pipe Line at Pattikollaimedu H/O Varagur Panchayat","A1/01/2025","downloads\tntenders.gov.in\2026_RDTN_669271_1\stage_summary_2026_RDTN_669271_1.pdf"
"https://tntenders.gov.in","CABLE","AOC","33","2026_RDTN_666564_1","[Vellore District Providing New Bore Well and 7.5HP ELECTRIC Motor , Cable wire , Panel Board , Pipe Line at Pasmarpenda Kamaraj Nagar in Aravatla Panchayat in Pernambut block General Fund 2025 -2026 Package no 21][A3/1800/2025]","Rural Development and Panchayat Raj Department||Vellore,RD,TN||PERANAMPET, VELLORE,RD,TN","AOC","Vellore District Providing New Bore Well and 7.5HP ELECTRIC Motor , Cable wire , Panel Board , Pipe Line at Pasmarpenda Kamaraj Nagar in Aravatla Panchayat in Pernambut block General Fund 2025 -2026 Package no 21","A3/1800/2025",""
"https://tntenders.gov.in","CABLE","AOC","34","2026_RDTN_666154_1","[Providing submersible 1.50HP Motor, Panel board, Cable and HDPE Pipe at Parukkalan colony in Nakkambadi Panchayat][R.C.No.A2/1314/2025, Date.18.02.2026]","Rural Development and Panchayat Raj Department||Ariyalur,RD,TN||SENDURAI, ARIYALUR,RD,TN","AOC","Providing submersible 1.50HP Motor, Panel board, Cable and HDPE Pipe at Parukkalan colony in Nakkambadi Panchayat","R.C.No.A2/1314/2025, Date.18.02.2026",""
"https://tntenders.gov.in","CABLE","AOC","35","2026_RDTN_664101_1","[Vellore District Providing a 7.5 HP motor,starter,GI pipes , Cable for Existing Bore Well at kallipettai Pudhumanai in Sathgar Panchayat of Pernambut Block OMDGF - Peri-Urban Panchayats For This Year 2022-26 to 2025 -26 Scheme 2025-26 Package No 33][B3/147/2026]","Rural Development and Panchayat Raj Department||Vellore,RD,TN||PERANAMPET - VP, VELLORE,RD,TN","AOC","Vellore District Providing a 7.5 HP motor,starter,GI pipes , Cable for Existing Bore Well at kallipettai Pudhumanai in Sathgar Panchayat of Pernambut Block OMDGF - Peri-Urban Panchayats For This Year 2022-26 to 2025 -26 Scheme 2025-26 Package No 33","B3/147/2026",""
"https://tntenders.gov.in","CABLE","AOC","36","2026_RDTN_664096_1","[Vellore District Providing a 7.5 HP motor,starter,GI pipes , Cable for Existing Bore Well at kallipettai in Sathgar Panchayat of Pernambut Block OMDGF - Peri-Urban Panchayats For This Year 2022-26 to 2025 -26 Scheme 2025-26 Package No 32][B3/147/2026]","Rural Development and Panchayat Raj Department||Vellore,RD,TN||PERANAMPET - VP, VELLORE,RD,TN","AOC","Vellore District Providing a 7.5 HP motor,starter,GI pipes , Cable for Existing Bore Well at kallipettai in Sathgar Panchayat of Pernambut Block OMDGF - Peri-Urban Panchayats For This Year 2022-26 to 2025 -26 Scheme 2025-26 Package No 32","B3/147/2026",""
"https://tntenders.gov.in","CABLE","AOC","37","2026_RDTN_664078_1","[Vellore District Providing New Bore Well and 7.5HP ELECTRICMotor , Cable wire Panel Board , Pipe Line at Near Thanikachalam LandinC.DCheruvu Panchayat of Pernambut Block OMDGFPeriUrban PanchayatsForThisYear 2022-26to2025 -26Scheme2025-26PackageNo 29][B3/147/2026]","Rural Development and Panchayat Raj Department||Vellore,RD,TN||PERANAMPET - VP, VELLORE,RD,TN","AOC","Vellore District Providing New Bore Well and 7.5HP ELECTRICMotor , Cable wire Panel Board , Pipe Line at Near Thanikachalam LandinC.DCheruvu Panchayat of Pernambut Block OMDGFPeriUrban PanchayatsForThisYear 2022-26to2025 -26Scheme2025-26PackageNo 29","B3/147/2026",""
"https://tntenders.gov.in","CABLE","AOC","38","2026_RDTN_664038_1","[Vellore District Providing New Bore Well 7.5HP Motor , G.I Pipe , Cables , Starter , Panel Board, Extension Of pvc Pipe Line at Sathgar Panchayat of Pernambut Block OMDGF - Peri-Urban PanchayatsForThis Year2022-26to2025 -26Scheme2025-26 Package No 31][B3/147/2026]","Rural Development and Panchayat Raj Department||Vellore,RD,TN||PERANAMPET - VP, VELLORE,RD,TN","AOC","Vellore District Providing New Bore Well 7.5HP Motor , G.I Pipe , Cables , Starter , Panel Board, Extension Of pvc Pipe Line at Sathgar Panchayat of Pernambut Block OMDGF - Peri-Urban PanchayatsForThis Year2022-26to2025 -26Scheme2025-26 Package No 31","B3/147/2026",""
"https://tntenders.gov.in","CABLE","AOC","39","2026_RDTN_663402_1","[Vellore District Providing New Bore Well with 2 Hp motor and cable wire and pumping main line at kannigapuram in sathiyamangalam Panchayat in Anaicut Block Union General Fund 2025 -2026 Package no 18][A2/2589/2024]","Rural Development and Panchayat Raj Department||Vellore,RD,TN||ANAICUT, VELLORE,RD,TN","AOC","Vellore District Providing New Bore Well with 2 Hp motor and cable wire and pumping main line at kannigapuram in sathiyamangalam Panchayat in Anaicut Block Union General Fund 2025 -2026 Package no 18","A2/2589/2024",""
"https://tntenders.gov.in","CABLE","AOC","40","2026_RDTN_662079_1","[Providing New Bore well with Motor Board cable at Kilathangal H/o Karikanthangal][A1/593/2026]","Rural Development and Panchayat Raj Department||Ranipet RD TN||Arcot Ranipet RD TN","AOC","Providing New Bore well with Motor Board cable at Kilathangal H/o Karikanthangal","A1/593/2026",""
"https://mptenders.gov.in","CABLE","AOC","1","2026_PHED_495856_1","[Drilling Of 150mm dia 180m Deep Ordinary Tubewell and Supply With Installation of Single Phase Submersible pump Including Required Pipe and Cable Rope ETC][86/2025-26]","Public Health Engineering- O/o Engineer In Chief||Chief Engineer Indore - PHED||Superintending Engineer Ujjain - PHED||Executive Engineer-Neemuch - PHED","AOC","Drilling Of 150mm dia 180m Deep Ordinary Tubewell and Supply With Installation of Single Phase Submersible pump Including Required Pipe and Cable Rope ETC","86/2025-26","downloads\mptenders.gov.in\2026_PHED_495856_1\stage_summary_2026_PHED_495856_1.pdf"
"https://mptenders.gov.in","CABLE","AOC","2","2026_MPSAM_480293_1","[CABLE MAINTENANCE ELECTRICAL RENOVATION WORK IN SUB MANDI YARD BARGI DISTT- JABALPUR][2026_MPSAM_480293_1]","MP State Agricultural Marketing Board||Tech. Div. MPSAMB Jabalpur","AOC","CABLE MAINTENANCE ELECTRICAL RENOVATION WORK IN SUB MANDI YARD BARGI DISTT- JABALPUR","2026_MPSAM_480293_1","downloads\mptenders.gov.in\2026_MPSAM_480293_1\stage_summary_2026_MPSAM_480293_1.pdf"
"https://mptenders.gov.in","CABLE","AOC","3","2026_MPSAM_477301_1","[33Kv LineShifting and allied Different type cable and Elect Maintance Work at Main mandi and Friut -Vegetable Yard kalapipal Distt. Shajapur][KALAPIPAL 587]","MP State Agricultural Marketing Board||Tech. Div. MPSAMB Ujjain","AOC","33Kv LineShifting and allied Different type cable and Elect Maintance Work at Main mandi and Friut -Vegetable Yard kalapipal Distt. Shajapur","KALAPIPAL 587","downloads\mptenders.gov.in\2026_MPSAM_477301_1\stage_summary_2026_MPSAM_477301_1.pdf"
"https://mptenders.gov.in","CABLE","AOC","4","2026_MPPKV_498790_1","[ERECTION OF 16 NO. 33KV FEEDER CROSSING WITH 300 SQMM UG CABLE AT 132 KV CHAMBAL EHV S/S FOR SUPPLY RELIABILITY AND AVOIDING MAJOR FAULT DUE TO CONDUCTOR BROKEN ON MAIN BUS OF 132 KV CHAMBAL SS][EE/STC/INDORE/26-27/TS-36/149]","Madhya Pradesh Paschim Kshetra Vidyut Vitran Company Ltd||ED/Chief Engineer (Indore Region) - MPPKVVCL||SE, Indore O and M Circle, Indore - MPPKVVCL||EE, Indore O and M STC Division, Indore - MPPKVVCL","AOC","ERECTION OF 16 NO. 33KV FEEDER CROSSING WITH 300 SQMM UG CABLE AT 132 KV CHAMBAL EHV S/S FOR SUPPLY RELIABILITY AND AVOIDING MAJOR FAULT DUE TO CONDUCTOR BROKEN ON MAIN BUS OF 132 KV CHAMBAL SS","EE/STC/INDORE/26-27/TS-36/149","downloads\mptenders.gov.in\2026_MPPKV_498790_1\stage_summary_2026_MPPKV_498790_1.pdf"
"https://mptenders.gov.in","CABLE","AOC","5","2026_CPA_478340_1","[REPLACING AND PROVIDING NEW XLPE SERVICE CABLE IN BLOCK NO 2 H 98 QTR MATA MANDIR UNDER CPA BHOPAL][79/SAC/25/26 DT 16/01/2026]","Capital Project Administration||SE Capital project (C) Circle||EE-New E/M Division-CPA-Bhopal","AOC","REPLACING AND PROVIDING NEW XLPE SERVICE CABLE IN BLOCK NO 2 H 98 QTR MATA MANDIR UNDER CPA BHOPAL","79/SAC/25/26 DT 16/01/2026","downloads\mptenders.gov.in\2026_CPA_478340_1\stage_summary_2026_CPA_478340_1.pdf"
"https://mptenders.gov.in","CABLE","AOC","6","2025_WRD_466698_1","[Supplying, laying and installation of power cable and other misc. electrical item for high mast installed at left flank of bansagar dam distt. shahdol (M.P.) ][29/SAC/2025-26]","Engineer-in-Chief - Water Resources Department||E.E.E-M LMTG DN. DEOLOND - WRD","AOC","Supplying, laying and installation of power cable and other misc. electrical item for high mast installed at left flank of bansagar dam distt. shahdol (M.P.)","29/SAC/2025-26","downloads\mptenders.gov.in\2025_WRD_466698_1\stage_summary_2025_WRD_466698_1.pdf"
"https://mptenders.gov.in","CABLE","AOC","7","2025_WRD_429763_2","[PROVIDING AND ERRECTION ELECTRICAL DISTRIBUTION PANEL AND CABLE FOR OPERATION OF 06 NOS. RADAIL AND GANTRY CRANE AT AULLIYA MEDIUM PROJECT OF UNDER W.R.DIVISION KHANDWA.][2025_WRD_429763]","Engineer-in-Chief - Water Resources Department||E.E. E-M LMTG DN. DHAR - WRD","AOC","PROVIDING AND ERRECTION ELECTRICAL DISTRIBUTION PANEL AND CABLE FOR OPERATION OF 06 NOS. RADAIL AND GANTRY CRANE AT AULLIYA MEDIUM PROJECT OF UNDER W.R.DIVISION KHANDWA.","2025_WRD_429763","downloads\mptenders.gov.in\2025_WRD_429763_2\stage_summary_2025_WRD_429763_2.pdf"
"https://mptenders.gov.in","CABLE","AOC","8","2025_WRD_428900_2","[Repair work of parapet railings, boom barrier and security cable installation work at Kolar Dam, Distt.- Sehore (M.P.)][2025_WRD_428900]","Engineer-in-Chief - Water Resources Department||E.E. E-M LMTG DN. BHOPAL - WRD","AOC","Repair work of parapet railings, boom barrier and security cable installation work at Kolar Dam, Distt.- Sehore (M.P.)","2025_WRD_428900","downloads\mptenders.gov.in\2025_WRD_428900_2\stage_summary_2025_WRD_428900_2.pdf"
"https://mptenders.gov.in","CABLE","AOC","9","2025_WRD_420482_1","[Supply of cable tray and LT switchgear panel at Sagad Dam, Distt.- Vidisha (M.P.)][2025_WRD_420482_1]","Engineer-in-Chief - Water Resources Department||E.E. E-M LMTG DN. BHOPAL - WRD","AOC","Supply of cable tray and LT switchgear panel at Sagad Dam, Distt.- Vidisha (M.P.)","2025_WRD_420482_1","downloads\mptenders.gov.in\2025_WRD_420482_1\stage_summary_2025_WRD_420482_1.pdf"
"https://mptenders.gov.in","CABLE","AOC","10","2025_WRD_420480_2","[Provision of cable fitting in cable tray operation panel to main supply panel of radial gates at Sanjay Sagar Dam, Distt - Vidisha][2025_WRD_420480_1]","Engineer-in-Chief - Water Resources Department||E.E. E-M LMTG DN. BHOPAL - WRD","AOC","Provision of cable fitting in cable tray operation panel to main supply panel of radial gates at Sanjay Sagar Dam, Distt - Vidisha","2025_WRD_420480_1","downloads\mptenders.gov.in\2025_WRD_420480_2\stage_summary_2025_WRD_420480_2.pdf"
"https://mptenders.gov.in","CABLE","AOC","11","2025_WRD_412141_1","[Supplying of XLPE insulated power cable for instrumentation room, street lights and inspection hut of Mohanpura major dam Rajgarh (M.P.).][2025_WRD_412141]","Engineer-in-Chief - Water Resources Department||E.E. E-M LMTG DN. BHOPAL - WRD","AOC","Supplying of XLPE insulated power cable for instrumentation room, street lights and inspection hut of Mohanpura major dam Rajgarh (M.P.).","2025_WRD_412141","downloads\mptenders.gov.in\2025_WRD_412141_1\stage_summary_2025_WRD_412141_1.pdf"
"https://mptenders.gov.in","CABLE","AOC","12","2025_WRD_398245_1","[Replacement of cable, isolator, MCB, lumanaires and other misc. work of CWC C.R. cum H.R. gate at RD 35.00 km of CWC canal.][97/SAC/2023-24]","Engineer-in-Chief - Water Resources Department||E.E.E-M LMTG DN. DEOLOND - WRD","AOC","Replacement of cable, isolator, MCB, lumanaires and other misc. work of CWC C.R. cum H.R. gate at RD 35.00 km of CWC canal.","97/SAC/2023-24","downloads\mptenders.gov.in\2025_WRD_398245_1\stage_summary_2025_WRD_398245_1.pdf"
"https://mptenders.gov.in","CABLE","AOC","13","2025_UAD_464473_1","[POLE AND CABLE REPLACEMENT WORK AT WARD NO. 04 AND 05][1621]","Directorate Urban Administration and Development||Join Director- Shehdol Division - UAD||Shahdol-Nagar Parishad Bakaho","AOC","POLE AND CABLE REPLACEMENT WORK AT WARD NO. 04 AND 05","1621","downloads\mptenders.gov.in\2025_UAD_464473_1\stage_summary_2025_UAD_464473_1.pdf"
"https://mptenders.gov.in","CABLE","AOC","14","2025_UAD_454860_1","[Underground Cabling Work at Ruthiyai Ward No 21-22 for Street light, Cable Size 25x4 with all material at running meter rate under NP Raghogarh][ NIT No 030/ETender 25-26 NP Ragh Date 03.10.2025 ]","Directorate Urban Administration and Development||Join Director-Gwalior Division - UAD||Guna-Nagar Palika Raghavgarh - UAD","AOC","Underground Cabling Work at Ruthiyai Ward No 21-22 for Street light, Cable Size 25x4 with all material at running meter rate under NP Raghogarh","NIT No 030/ETender 25-26 NP Ragh Date 03.10.2025","downloads\mptenders.gov.in\2025_UAD_454860_1\stage_summary_2025_UAD_454860_1.pdf"
"https://mptenders.gov.in","CABLE","AOC","15","2025_UAD_440888_1","[SUPPLY AND INSTALLATION 33 KV CABLE LINE JOINT KIT AT MADIKHEDA INTEK WELL AND SATANWADA WATER][ SHIVPURI_UAD_SHIVPURI_2025_169]","Directorate Urban Administration and Development||Join Director-Gwalior Division - UAD||Shivpuri -Nagar Palika Shivpuri - UAD","AOC","SUPPLY AND INSTALLATION 33 KV CABLE LINE JOINT KIT AT MADIKHEDA INTEK WELL AND SATANWADA WATER","SHIVPURI_UAD_SHIVPURI_2025_169","downloads\mptenders.gov.in\2025_UAD_440888_1\stage_summary_2025_UAD_440888_1.pdf"
"https://mptenders.gov.in","CABLE","AOC","16","2025_UAD_429694_1","[LED STREET LIGHT, POLE AND CABLE WORK][UMC/LIGHT/2025]","Directorate Urban Administration and Development||Muncipal Corporations - UAD||Muncipal Corporation - Ujjain - UAD||Light Deptt. - MC Ujjain - UAD","AOC","LED STREET LIGHT, POLE AND CABLE WORK","UMC/LIGHT/2025","downloads\mptenders.gov.in\2025_UAD_429694_1\stage_summary_2025_UAD_429694_1.pdf"
"https://mptenders.gov.in","CABLE","AOC","17","2025_UAD_424194_1","[INVITED RATE FOR CABLE AND OTHER MATERIAL SUPPLY FOR FINANCIAL YEAR 2025-2026][1640]","Directorate Urban Administration and Development||Join Director-Sagar Division - UAD||Sagar-Nagar Palika Bina- Etawa - UAD","AOC","INVITED RATE FOR CABLE AND OTHER MATERIAL SUPPLY FOR FINANCIAL YEAR 2025-2026","1640","downloads\mptenders.gov.in\2025_UAD_424194_1\stage_summary_2025_UAD_424194_1.pdf"
"https://mptenders.gov.in","CABLE","AOC","18","2025_UAD_421592_1","[L.T. cable extension for 20 K.W. conn. Ward at jatashankar road and 20 kilo load wat connection charge in shujalpur nagar][2025/1627/Tender]","Directorate Urban Administration and Development||Join Director-Ujjain Division - UAD||Shajapur -Nagar Palika Shujalpur - UAD","AOC","L.T. cable extension for 20 K.W. conn. Ward at jatashankar road and 20 kilo load wat connection charge in shujalpur nagar","2025/1627/Tender","downloads\mptenders.gov.in\2025_UAD_421592_1\stage_summary_2025_UAD_421592_1.pdf"
"https://mptenders.gov.in","CABLE","AOC","19","2025_UAD_405992_1","[Electric Item And Fitting Materials supplying make Bajaj Surya Phillips Crompton Havells ISI Mark Polycab RR Cable Finolex Cona Anchor Modi Shreenath Usha Khaitan Orient Best Quality As per Required Particular Item Description in Tender Form IN Muni][625]","Directorate Urban Administration and Development||Join Director-Ujjain Division - UAD||Shajapur -Nagar Palika Shajapur - UAD","AOC","Electric Item And Fitting Materials supplying make Bajaj Surya Phillips Crompton Havells ISI Mark Polycab RR Cable Finolex Cona Anchor Modi Shreenath Usha Khaitan Orient Best Quality As per Required Particular Item Description in Tender Form IN Muni","625","downloads\mptenders.gov.in\2025_UAD_405992_1\stage_summary_2025_UAD_405992_1.pdf"
"https://mptenders.gov.in","CABLE","AOC","20","2025_UAD_405907_1","[Electric Item And Fitting Materials supplying make Bajaj Surya Phillips Crompton Havells ISI Mark Polycab RR Cable Finolex Cona Anchor Modi Shreenath Usha Khaitan Orient Best Quality As per Required Particular Item Description in Tender Form IN Muni][625]","Directorate Urban Administration and Development||Join Director-Ujjain Division - UAD||Shajapur -Nagar Palika Shajapur - UAD","AOC","Electric Item And Fitting Materials supplying make Bajaj Surya Phillips Crompton Havells ISI Mark Polycab RR Cable Finolex Cona Anchor Modi Shreenath Usha Khaitan Orient Best Quality As per Required Particular Item Description in Tender Form IN Muni","625","downloads\mptenders.gov.in\2025_UAD_405907_1\stage_summary_2025_UAD_405907_1.pdf"
"https://mptenders.gov.in","CABLE","AOC","21","2025_UAD_405665_1","[Supply of Cable File No. 77/24X6/4][MPGMC/77/24X6/4/Vidhu/2024-25]","Directorate Urban Administration and Development||Muncipal Corporations - UAD||Muncipal Corporation-Gwalior - UAD||Light Deptt. - MC Gwalior - UAD","AOC","Supply of Cable File No. 77/24X6/4","MPGMC/77/24X6/4/Vidhu/2024-25","downloads\mptenders.gov.in\2025_UAD_405665_1\stage_summary_2025_UAD_405665_1.pdf"
"https://mptenders.gov.in","CABLE","AOC","22","2025_UAD_404810_1","[purchasing of MOTORPUMP CABLE etc item][6376]","Directorate Urban Administration and Development||Join Director-Ujjain Division - UAD||Ratlam-Nagar Palika Jaora - UAD","AOC","purchasing of MOTORPUMP CABLE etc item","6376","downloads\mptenders.gov.in\2025_UAD_404810_1\stage_summary_2025_UAD_404810_1.pdf"
"https://mptenders.gov.in","CABLE","AOC","23","2025_UAD_403780_1","[Street Lighting Arrangement (Pole, Cable etc.) and LED Street Light in Dense areas of Ward No.15, Zone 04, BMC Bhopal.][2020225704]","Directorate Urban Administration and Development||Muncipal Corporations - UAD||Muncipal Corporation-Bhopal - UAD||Lighting Section - MC Bhopal- UAD","AOC","Street Lighting Arrangement (Pole, Cable etc.) and LED Street Light in Dense areas of Ward No.15, Zone 04, BMC Bhopal.","2020225704","downloads\mptenders.gov.in\2025_UAD_403780_1\stage_summary_2025_UAD_403780_1.pdf"
"https://mptenders.gov.in","CABLE","AOC","24","2025_UAD_401170_8","[Providing of Service cable , Auto switch ,Starter,MCB,oil tape, fuse,Sleeve shaft etc.as per schedule at Devdharam filter plant station plant and Pump house .(as per schedule)SECOND CALL][NIT No.61/2024-25/1-9]","Directorate Urban Administration and Development||Muncipal Corporations - UAD||Muncipal Corporation-Indore - UAD||Jal Yantralaya - MC Indore - UAD","AOC","Providing of Service cable , Auto switch ,Starter,MCB,oil tape, fuse,Sleeve shaft etc.as per schedule at Devdharam filter plant station plant and Pump house .(as per schedule)SECOND CALL","NIT No.61/2024-25/1-9","downloads\mptenders.gov.in\2025_UAD_401170_8\stage_summary_2025_UAD_401170_8.pdf"
"https://mptenders.gov.in","CABLE","AOC","25","2025_UAD_393651_1","[Purchase cable for maintenance of different types of Lighting system at indore city.][54 CE/EandM]","Directorate Urban Administration and Development||Muncipal Corporations - UAD||Muncipal Corporation-Indore - UAD||Electrical Department - MC Indore - UAD","AOC","Purchase cable for maintenance of different types of Lighting system at indore city.","54 CE/EandM","downloads\mptenders.gov.in\2025_UAD_393651_1\stage_summary_2025_UAD_393651_1.pdf"
"https://mptenders.gov.in","CABLE","AOC","26","2025_UAD_393289_1","[ Providing Service Cable, Auto Switch, Starter, MCV of Motor Pump Electric equipments situated at Fhulkariya pump house and Devdharam Fitter Plant .(as per schedule)FIRST CALL][49/Group1-9/2024-25]","Directorate Urban Administration and Development||Muncipal Corporations - UAD||Muncipal Corporation-Indore - UAD||Jal Yantralaya - MC Indore - UAD","AOC","Providing Service Cable, Auto Switch, Starter, MCV of Motor Pump Electric equipments situated at Fhulkariya pump house and Devdharam Fitter Plant .(as per schedule)FIRST CALL","49/Group1-9/2024-25","downloads\mptenders.gov.in\2025_UAD_393289_1\stage_summary_2025_UAD_393289_1.pdf"
"https://mptenders.gov.in","CABLE","AOC","27","2025_UAD_392946_1","[Guna City Zone 6 (Cantt Area) Tube Well ke Submersible Motor Pump Set Nikalna and Repairs ka total work. Lower Lifting Motor Pump Starter Repairing Cutting Threading Pannel Protection Board Repairing Panel Shifting Belcaf Clamp Casing Repairs Cable U][NIT No 44/ETender WW NP Guna Date 03.01.2025]","Directorate Urban Administration and Development||Join Director-Gwalior Division - UAD||Guna-Nagar Palika Guna - UAD","AOC","Guna City Zone 6 (Cantt Area) Tube Well ke Submersible Motor Pump Set Nikalna and Repairs ka total work. Lower Lifting Motor Pump Starter Repairing Cutting Threading Pannel Protection Board Repairing Panel Shifting Belcaf Clamp Casing Repairs Cable U","NIT No 44/ETender WW NP Guna Date 03.01.2025","downloads\mptenders.gov.in\2025_UAD_392946_1\stage_summary_2025_UAD_392946_1.pdf"
"https://mptenders.gov.in","CABLE","AOC","28","2025_PWDRB_464870_1","[FOR CABLE AND ALLIED WORKS 1st Call. P. A. C. 1387665.00 on Electrical SOR 01-01-2024, Completion period 15 Days (i/c rainy season) ][102/TS/2025-2026 E/M/Bpl/e-tendering (1st Call)]","PWD- Roads and Bridges||Bhopal CE Capital Zone - PWD||Bhopal E and M Division-1 EE Zone Capital PWD","AOC","FOR CABLE AND ALLIED WORKS 1st Call. P. A. C. 1387665.00 on Electrical SOR 01-01-2024, Completion period 15 Days (i/c rainy season)","102/TS/2025-2026 E/M/Bpl/e-tendering (1st Call)","downloads\mptenders.gov.in\2025_PWDRB_464870_1\stage_summary_2025_PWDRB_464870_1.pdf"
"https://mptenders.gov.in","CABLE","AOC","29","2025_PWDRB_455210_1","[External E/F under Ground Cable and change over replacing LED street light repairing/replacing and sub station maintenance work in polytechnic college itarsi Dist Narmadapuram (M.P) ][38/SAC/2025-26 PWD (E/M) Dn.02 Bhopal (1st Call)]","PWD- Roads and Bridges||Bhopal CE Capital Zone - PWD||Bhopal E and M Division-2 EE Zone Capital PWD","AOC","External E/F under Ground Cable and change over replacing LED street light repairing/replacing and sub station maintenance work in polytechnic college itarsi Dist Narmadapuram (M.P)","38/SAC/2025-26 PWD (E/M) Dn.02 Bhopal (1st Call)","downloads\mptenders.gov.in\2025_PWDRB_455210_1\stage_summary_2025_PWDRB_455210_1.pdf"
"https://mptenders.gov.in","CABLE","AOC","30","2025_PWDRB_448372_1","[Replacement of Existing Left Overhead Conductor Line and Underground Cable Into Air Bunch Cable, Main MCCB, Academic Side Distribution Box of JNV Multhan at Badnawar Distt. Dhar.][40/SAC/EM/INDORE/2025-26 Date 01.09.25]","PWD- Roads and Bridges||Indore CE West Zone - PWD||Indore E and M EE Zone Indore PWD","AOC","Replacement of Existing Left Overhead Conductor Line and Underground Cable Into Air Bunch Cable, Main MCCB, Academic Side Distribution Box of JNV Multhan at Badnawar Distt. Dhar.","40/SAC/EM/INDORE/2025-26 Date 01.09.25","downloads\mptenders.gov.in\2025_PWDRB_448372_1\stage_summary_2025_PWDRB_448372_1.pdf"
"https://mptenders.gov.in","CABLE","AOC","31","2025_PWDRB_438344_1","[Electrical work of supplying and fixing of cable and Accessories at District Hospital campus dist Betul ][26/SAC/2025-26 PWD (E/M) Dn.02 Bhopal (1st Call)]","PWD- Roads and Bridges||Bhopal CE Capital Zone - PWD||Bhopal E and M Division-2 EE Zone Capital PWD","AOC","Electrical work of supplying and fixing of cable and Accessories at District Hospital campus dist Betul","26/SAC/2025-26 PWD (E/M) Dn.02 Bhopal (1st Call)","downloads\mptenders.gov.in\2025_PWDRB_438344_1\stage_summary_2025_PWDRB_438344_1.pdf"
"https://mptenders.gov.in","CABLE","AOC","32","2025_PWDRB_428963_1","[Supplying and Laying New L.T. Cable for G and F Block Medical College Ratlam District Ratlam.][5/(2/2)/TC/PWD/EM/25-26/UJN Date 05-06-2025]","PWD- Roads and Bridges||Ujjain CE Ujjain Zone - PWD||Ujjain E and M EE Zone Ujjain PWD","AOC","Supplying and Laying New L.T. Cable for G and F Block Medical College Ratlam District Ratlam.","5/(2/2)/TC/PWD/EM/25-26/UJN Date 05-06-2025","downloads\mptenders.gov.in\2025_PWDRB_428963_1\stage_summary_2025_PWDRB_428963_1.pdf"
"https://mptenders.gov.in","CABLE","AOC","33","2025_PWDRB_426113_1","[Supply and Fixing of 3 1/2 Core Armored 300 Sqmm XLPE Insulated Power Cable and Repairing of Old Copper Wound 200 KVA, 11/0.4 KV Transformer at Govt Dental College, Indore.][10/SAC/EM/INDORE/2025-26 Date 23.05.25]","PWD- Roads and Bridges||Indore CE West Zone - PWD||Indore E and M EE Zone Indore PWD","AOC","Supply and Fixing of 3 1/2 Core Armored 300 Sqmm XLPE Insulated Power Cable and Repairing of Old Copper Wound 200 KVA, 11/0.4 KV Transformer at Govt Dental College, Indore.","10/SAC/EM/INDORE/2025-26 Date 23.05.25","downloads\mptenders.gov.in\2025_PWDRB_426113_1\stage_summary_2025_PWDRB_426113_1.pdf"
"https://mptenders.gov.in","CABLE","AOC","34","2025_PWDRB_415304_1","[Replacement of Existing Over Head Conductor Line into Air Bunch Cable Along with Area Lighting for Entire Outer Campus of JNV Multhan at Badnawar Distt. Dhar.][3/SAC/EM/INDORE/2024-25 Date 08.04.25]","PWD- Roads and Bridges||Indore CE West Zone - PWD||Indore E and M EE Zone Indore PWD","AOC","Replacement of Existing Over Head Conductor Line into Air Bunch Cable Along with Area Lighting for Entire Outer Campus of JNV Multhan at Badnawar Distt. Dhar.","3/SAC/EM/INDORE/2024-25 Date 08.04.25","downloads\mptenders.gov.in\2025_PWDRB_415304_1\stage_summary_2025_PWDRB_415304_1.pdf"
"https://mptenders.gov.in","CABLE","AOC","35","2025_PWDRB_404123_1","[ANNUAL COMPREHENSIVE MAINTENANCE/ SERVICE CONTRACT AND OPERATION OF 11 KV SUB STATION (2 NOS) WITH OVER HEAD HT/LT INCLUDING LT PANELS, LT DISTRIBUTUION BOARDS, CABLE JOINTING, AB, DO AND LA AT NSCB CENTRAL JAIL JABALPUR][33/SAC/ENMJBP/24-25]","PWD- Roads and Bridges||Jabalpur CE Central Zone - PWD||Jabalpur E and M Division EE Zone Jabalpur PWD","AOC","ANNUAL COMPREHENSIVE MAINTENANCE/ SERVICE CONTRACT AND OPERATION OF 11 KV SUB STATION (2 NOS) WITH OVER HEAD HT/LT INCLUDING LT PANELS, LT DISTRIBUTUION BOARDS, CABLE JOINTING, AB, DO AND LA AT NSCB CENTRAL JAIL JABALPUR","33/SAC/ENMJBP/24-25","downloads\mptenders.gov.in\2025_PWDRB_404123_1\stage_summary_2025_PWDRB_404123_1.pdf"
"https://mptenders.gov.in","CABLE","AOC","36","2025_PWDRB_399559_1","[PROVIDING LAYING 11KV HT AB CABLE IN PLACE OF BURNED SERVICE CABLE WITH OTHER WORKs IN EXISTING 200KVA SUB STATION OF GOVT.SCIENCE COLLEG JABALPUR.][31/SAC/ENMJBP/24-25]","PWD- Roads and Bridges||Jabalpur CE Central Zone - PWD||Jabalpur E and M Division EE Zone Jabalpur PWD","AOC","PROVIDING LAYING 11KV HT AB CABLE IN PLACE OF BURNED SERVICE CABLE WITH OTHER WORKs IN EXISTING 200KVA SUB STATION OF GOVT.SCIENCE COLLEG JABALPUR.","31/SAC/ENMJBP/24-25","downloads\mptenders.gov.in\2025_PWDRB_399559_1\stage_summary_2025_PWDRB_399559_1.pdf"
"https://mptenders.gov.in","CABLE","AOC","37","2025_PWDRB_395800_1","[Providing Replacement of 5 Wire L.T. Line to Arial Bunch Cable At Rest House Dindori Distt. Dindori.][28/SAC/ENMJBP/24-25]","PWD- Roads and Bridges||Jabalpur CE Central Zone - PWD||Jabalpur E and M Division EE Zone Jabalpur PWD","AOC","Providing Replacement of 5 Wire L.T. Line to Arial Bunch Cable At Rest House Dindori Distt. Dindori.","28/SAC/ENMJBP/24-25","downloads\mptenders.gov.in\2025_PWDRB_395800_1\stage_summary_2025_PWDRB_395800_1.pdf"
"https://mptenders.gov.in","CABLE","AOC","38","2025_PWDRB_395563_1","[PROVIDING FIXING POST TOP LANTERN LIGHT FITTING WITH UNDER GROUND CABLE OTHER ELECTRIFICATION WORK IN NEWLY PROPOSED PATHWAY IN BACK SIDE OF CONDOMINIUM BUILDING JABALPUR.][28/SAC/ENMJBP/24-25]","PWD- Roads and Bridges||Jabalpur CE Central Zone - PWD||Jabalpur E and M Division EE Zone Jabalpur PWD","AOC","PROVIDING FIXING POST TOP LANTERN LIGHT FITTING WITH UNDER GROUND CABLE OTHER ELECTRIFICATION WORK IN NEWLY PROPOSED PATHWAY IN BACK SIDE OF CONDOMINIUM BUILDING JABALPUR.","28/SAC/ENMJBP/24-25","downloads\mptenders.gov.in\2025_PWDRB_395563_1\stage_summary_2025_PWDRB_395563_1.pdf"
"https://mptenders.gov.in","CABLE","AOC","39","2025_PWDRB_393821_1","[Providing Electrification Work of CCTV Control Room, Offices Including Power Supply Cable and Control Panel at PRO Building of MP High Court Indore.][63/SAC/EM/INDORE/2024-25 Date 07.01.24]","PWD- Roads and Bridges||Indore CE West Zone - PWD||Indore E and M EE Zone Indore PWD","AOC","Providing Electrification Work of CCTV Control Room, Offices Including Power Supply Cable and Control Panel at PRO Building of MP High Court Indore.","63/SAC/EM/INDORE/2024-25 Date 07.01.24","downloads\mptenders.gov.in\2025_PWDRB_393821_1\stage_summary_2025_PWDRB_393821_1.pdf"
"https://mptenders.gov.in","CABLE","AOC","40","2025_PKVVC_465353_1","[Leveling and Metling with providing of 50 m cable trench and 50 M CC Road at 33/11 KV Ss Bakhari Distt. Seoni][S.E Civil/Cwa/purchase/04/ dt. 04-12-2025]","Madhya Pradesh Poorv Kshetra Vidyut Vitaran Company Limited||Chief Engineer(Jabalpur Region) - MPPKVVCL","AOC","Leveling and Metling with providing of 50 m cable trench and 50 M CC Road at 33/11 KV Ss Bakhari Distt. Seoni","S.E Civil/Cwa/purchase/04/ dt. 04-12-2025","downloads\mptenders.gov.in\2025_PKVVC_465353_1\stage_summary_2025_PKVVC_465353_1.pdf"
"https://mptenders.gov.in","CABLE","AOC","41","2025_PKVVC_459183_1","[Repair and Maintainence work of 33_11 KV S_s C_R AND providing of cable trench , drainage, barbed wire fencing, CC road, gate and gate pillar and one block toilet at 33/11 KV s/s Sunwara under Lakhnadon Dn. Distt. Seoni][S.E Civil/Chhindwara/purchase/ 02/e-tendering ,dated 27-10-2025]","Madhya Pradesh Poorv Kshetra Vidyut Vitaran Company Limited||Chief Engineer(Jabalpur Region) - MPPKVVCL","AOC","Repair and Maintainence work of 33_11 KV S_s C_R AND providing of cable trench , drainage, barbed wire fencing, CC road, gate and gate pillar and one block toilet at 33/11 KV s/s Sunwara under Lakhnadon Dn. Distt. Seoni","S.E Civil/Chhindwara/purchase/ 02/e-tendering ,dated 27-10-2025","downloads\mptenders.gov.in\2025_PKVVC_459183_1\stage_summary_2025_PKVVC_459183_1.pdf"
"https://mptenders.gov.in","CABLE","AOC","42","2025_PKVVC_442070_1","[For supply of Accessories for Cable][TS 1610 Accessories of LT Cable]","Madhya Pradesh Poorv Kshetra Vidyut Vitaran Company Limited||Chief General Manager(Purchase) - MPPKVVCL||General Manager(Purchase) - MPPKVVCL","AOC","For supply of Accessories for Cable","TS 1610 Accessories of LT Cable","downloads\mptenders.gov.in\2025_PKVVC_442070_1\stage_summary_2025_PKVVC_442070_1.pdf"
"https://mptenders.gov.in","CABLE","AOC","43","2025_PKVVC_424035_1","[SURVEY, INSTALLATION, TESTING AND COMMISSIONING OF 33 KV LINE, 33 KV AND UNDER GROUND UG CABLE OF 33 KV AND 11 KV UNDER DIFFERENT SCHEMES IN THE ONM CIRCLE SATNA][TS 569 DTD 13-05-2025]","Madhya Pradesh Poorv Kshetra Vidyut Vitaran Company Limited||Chief Engineer(Rewa Region) - MPPKVVCL||SE(O and M) Satna - MPPKVVCL","AOC","SURVEY, INSTALLATION, TESTING AND COMMISSIONING OF 33 KV LINE, 33 KV AND UNDER GROUND UG CABLE OF 33 KV AND 11 KV UNDER DIFFERENT SCHEMES IN THE ONM CIRCLE SATNA","TS 569 DTD 13-05-2025","downloads\mptenders.gov.in\2025_PKVVC_424035_1\stage_summary_2025_PKVVC_424035_1.pdf"
"https://mptenders.gov.in","CABLE","AOC","44","2025_PKVVC_408034_1","[survey, installation, testing and commissioning of 33kv line, 33/11kv different capacity additional/augmentation PTRs, 33 kv underground cable and 33 kv additional bay][TS-80]","Madhya Pradesh Poorv Kshetra Vidyut Vitaran Company Limited||Chief Engineer(Jabalpur Region) - MPPKVVCL||SE(O and M) Seoni - MPPKVVCL","AOC","survey, installation, testing and commissioning of 33kv line, 33/11kv different capacity additional/augmentation PTRs, 33 kv underground cable and 33 kv additional bay","TS-80","downloads\mptenders.gov.in\2025_PKVVC_408034_1\stage_summary_2025_PKVVC_408034_1.pdf"
"https://mptenders.gov.in","CABLE","AOC","45","2025_PKVVC_403750_1","[For supply of LT Cables ][TS 1545 LT XLPE Cable]","Madhya Pradesh Poorv Kshetra Vidyut Vitaran Company Limited||Chief General Manager(Purchase) - MPPKVVCL||General Manager(Purchase) - MPPKVVCL","AOC","For supply of LT Cables","TS 1545 LT XLPE Cable","downloads\mptenders.gov.in\2025_PKVVC_403750_1\stage_summary_2025_PKVVC_403750_1.pdf"
"https://mptenders.gov.in","CABLE","AOC","46","2025_PHED_409527_1","[Regular inspection Maintenance Greasing, chlorination water sample collection and other allied maintenance work i.c. All Repairing work of india mark II Hand pump including Replacement of unsevicable parts such as washer cylinder Riser pipe linkrod e][13NIT/EE/PHED/Dn./2025/SEH]","Public Health Engineering- O/o Engineer In Chief||Chief Engineer Bhopal - PHED||Superintending Engineer Bhopal - PHED||Executive Engineer-Sehore - PHED","AOC","Regular inspection Maintenance Greasing, chlorination water sample collection and other allied maintenance work i.c. All Repairing work of india mark II Hand pump including Replacement of unsevicable parts such as washer cylinder Riser pipe linkrod e","13NIT/EE/PHED/Dn./2025/SEH","downloads\mptenders.gov.in\2025_PHED_409527_1\stage_summary_2025_PHED_409527_1.pdf"
"https://mptenders.gov.in","CABLE","AOC","47","2025_PHED_409516_1","[Regular inspection Maintenance Greasing chlorination water sample collection and other allied maintenance work incliding All Repairing work of india mark II Hand pump including Replacement of unsevicable parts such as washer cylinder Riser pipe link ][13NIT/EE/PHED/Dn./2025/SEH]","Public Health Engineering- O/o Engineer In Chief||Chief Engineer Bhopal - PHED||Superintending Engineer Bhopal - PHED||Executive Engineer-Sehore - PHED","AOC","Regular inspection Maintenance Greasing chlorination water sample collection and other allied maintenance work incliding All Repairing work of india mark II Hand pump including Replacement of unsevicable parts such as washer cylinder Riser pipe link","13NIT/EE/PHED/Dn./2025/SEH","downloads\mptenders.gov.in\2025_PHED_409516_1\stage_summary_2025_PHED_409516_1.pdf"
"https://mptenders.gov.in","CABLE","AOC","48","2025_PHED_409457_1","[Regular inspection Maintenance Greasing chlorination water sample collection and other allied maintenance work i.c. All Repairing work of india mark II Hand pump including Replacement of unsevicable parts such as washer cylinder Riser pipe linkrod ei][13NIT/EE/PHED/Dn./2025/SEH]","Public Health Engineering- O/o Engineer In Chief||Chief Engineer Bhopal - PHED||Superintending Engineer Bhopal - PHED||Executive Engineer-Sehore - PHED","AOC","Regular inspection Maintenance Greasing chlorination water sample collection and other allied maintenance work i.c. All Repairing work of india mark II Hand pump including Replacement of unsevicable parts such as washer cylinder Riser pipe linkrod ei","13NIT/EE/PHED/Dn./2025/SEH","downloads\mptenders.gov.in\2025_PHED_409457_1\stage_summary_2025_PHED_409457_1.pdf"
"https://mptenders.gov.in","CABLE","AOC","49","2025_PHED_409425_1","[Work REMOVING UNSERVICABLE HANDPUMP FALLEN HANDPUMP LINE and SINGLE PHASE MOTOR PUMP WITH LINE in different villages in Block CHACHORA Distrct GUNA including all allied works complete][30/ProCell/EE /PHED/2024-25/12-03.2025]","Public Health Engineering- O/o Engineer In Chief||Chief Engineer Gwalior - PHED||Superintending Engineer Gwalior - PHED||Executive Engineer-Guna - PHED","AOC","Work REMOVING UNSERVICABLE HANDPUMP FALLEN HANDPUMP LINE and SINGLE PHASE MOTOR PUMP WITH LINE in different villages in Block CHACHORA Distrct GUNA including all allied works complete","30/ProCell/EE /PHED/2024-25/12-03.2025","downloads\mptenders.gov.in\2025_PHED_409425_1\stage_summary_2025_PHED_409425_1.pdf"
"https://mptenders.gov.in","CABLE","AOC","50","2025_PHED_409422_1","[Work REMOVING UNSERVICABLE HANDPUMP FALLEN HANDPUMP LINE AND SINGLE PHASE MOTOR PUMP WITH LINE in different villages in Block BAMORI Distrct GUNA including all allied works complete][29/ProCell/EE /PHED/2024-25/12-03.2025]","Public Health Engineering- O/o Engineer In Chief||Chief Engineer Gwalior - PHED||Superintending Engineer Gwalior - PHED||Executive Engineer-Guna - PHED","AOC","Work REMOVING UNSERVICABLE HANDPUMP FALLEN HANDPUMP LINE AND SINGLE PHASE MOTOR PUMP WITH LINE in different villages in Block BAMORI Distrct GUNA including all allied works complete","29/ProCell/EE /PHED/2024-25/12-03.2025","downloads\mptenders.gov.in\2025_PHED_409422_1\stage_summary_2025_PHED_409422_1.pdf"
"https://mptenders.gov.in","CABLE","AOC","51","2025_PHED_402357_1","[REMOVING UNSERVICABLE HANDPUMP FALLEN HANDPUMP LINE AND SINGLE PHASE MOTOR PUMP WITH LINE in different villages in Block RAGHOGARH Distrct GUNA including all allied works complete][16/ProCell/EE /PHED/2024-25/11.02.2025]","Public Health Engineering- O/o Engineer In Chief||Chief Engineer Gwalior - PHED||Superintending Engineer Gwalior - PHED||Executive Engineer-Guna - PHED","AOC","REMOVING UNSERVICABLE HANDPUMP FALLEN HANDPUMP LINE AND SINGLE PHASE MOTOR PUMP WITH LINE in different villages in Block RAGHOGARH Distrct GUNA including all allied works complete","16/ProCell/EE /PHED/2024-25/11.02.2025","downloads\mptenders.gov.in\2025_PHED_402357_1\stage_summary_2025_PHED_402357_1.pdf"
"https://mptenders.gov.in","CABLE","AOC","52","2025_PHED_402351_1","[REMOVING UNSERVICABLE HANDPUMP FALLEN HANDPUMP LINE and SINGLE PHASE MOTOR PUMP WITH LINE in different villages in Block ARON Distrct GUNA including all allied works complete][14/ProCell/EE /PHED/2024-25/11.02.2025]","Public Health Engineering- O/o Engineer In Chief||Chief Engineer Gwalior - PHED||Superintending Engineer Gwalior - PHED||Executive Engineer-Guna - PHED","AOC","REMOVING UNSERVICABLE HANDPUMP FALLEN HANDPUMP LINE and SINGLE PHASE MOTOR PUMP WITH LINE in different villages in Block ARON Distrct GUNA including all allied works complete","14/ProCell/EE /PHED/2024-25/11.02.2025","downloads\mptenders.gov.in\2025_PHED_402351_1\stage_summary_2025_PHED_402351_1.pdf"
"https://mptenders.gov.in","CABLE","AOC","53","2025_PHED_398926_1","[REMOVING UNSERVICABLE HANDPUMP FALLEN HANDPUMP LINE AND SINGLE PHASE MOTOR PUMP WITH LINE in different villages in Block GUNA Distrct GUNA including all allied works complete][12/ProCell/EE /PHED/2024-25/11.02.2025]","Public Health Engineering- O/o Engineer In Chief||Chief Engineer Gwalior - PHED||Superintending Engineer Gwalior - PHED||Executive Engineer-Guna - PHED","AOC","REMOVING UNSERVICABLE HANDPUMP FALLEN HANDPUMP LINE AND SINGLE PHASE MOTOR PUMP WITH LINE in different villages in Block GUNA Distrct GUNA including all allied works complete","12/ProCell/EE /PHED/2024-25/11.02.2025","downloads\mptenders.gov.in\2025_PHED_398926_1\stage_summary_2025_PHED_398926_1.pdf"
"https://mptenders.gov.in","CABLE","AOC","54","2025_NVDA_468718_1","[FOR THE WORK OF DISMANTLING AND REPLACEMENT OF OLD DAMAGED 240 SQ.MM. ARMOURED CABLE FROM OVERHEAD LINE TO OCB ROOM OF RIGHT GALLERY OF R.A.B.L.S. PROJECT BARGI NAGAR.][102/Ts. 2025-26 (Second Call)]","Narmada Valley Development Authority||Chief Engineer E and M||EE E and M Div No 2 Barginagar Nagar Jabalpur","AOC","FOR THE WORK OF DISMANTLING AND REPLACEMENT OF OLD DAMAGED 240 SQ.MM. ARMOURED CABLE FROM OVERHEAD LINE TO OCB ROOM OF RIGHT GALLERY OF R.A.B.L.S. PROJECT BARGI NAGAR.","102/Ts. 2025-26 (Second Call)","downloads\mptenders.gov.in\2025_NVDA_468718_1\stage_summary_2025_NVDA_468718_1.pdf"
"https://mptenders.gov.in","CABLE","AOC","55","2025_NVDA_466830_1","[Repair and Reconditioning of Cable Tray , MCCB and C.I. Pipeline of Dewatering Gallary at Man Project, Jeerabad Distt. Dhar (M.P.)][91/2025-26 /SAC/2915]","Narmada Valley Development Authority||Chief Engineer E and M||EE ND E and M Div 15 Indore","AOC","Repair and Reconditioning of Cable Tray , MCCB and C.I. Pipeline of Dewatering Gallary at Man Project, Jeerabad Distt. Dhar (M.P.)","91/2025-26 /SAC/2915","downloads\mptenders.gov.in\2025_NVDA_466830_1\stage_summary_2025_NVDA_466830_1.pdf"
"https://mptenders.gov.in","CABLE","AOC","56","2025_NVDA_452079_1","[Providing and fixing of cable tray, dismantling of existing cable connetion, removing GI Pipe (which are used for protection) and laying the same existing cable to cable tray at Jobat Project Nanpur Distt. Alirajpur (M.P.)][49/2025-26 /SAC/2055]","Narmada Valley Development Authority||Chief Engineer E and M||EE ND E and M Div 15 Indore","AOC","Providing and fixing of cable tray, dismantling of existing cable connetion, removing GI Pipe (which are used for protection) and laying the same existing cable to cable tray at Jobat Project Nanpur Distt. Alirajpur (M.P.)","49/2025-26 /SAC/2055","downloads\mptenders.gov.in\2025_NVDA_452079_1\stage_summary_2025_NVDA_452079_1.pdf"
"https://mptenders.gov.in","CABLE","AOC","57","2025_NVDA_451795_1","[FOR THE WORK OF DISMANTLING AND REPLACEMENT OF OLD DAMAGED 185 SQMM. ARMOURED CABLE FROM OCB ROOM TO BLOCK NO. 26 OF RIGHT GALLERY OF R.A.B.L.S. PROJECT BARGI NAGAR JABALPUR.][76/Ts. 2025-26]","Narmada Valley Development Authority||Chief Engineer E and M||EE E and M Div No 2 Barginagar Nagar Jabalpur","AOC","FOR THE WORK OF DISMANTLING AND REPLACEMENT OF OLD DAMAGED 185 SQMM. ARMOURED CABLE FROM OCB ROOM TO BLOCK NO. 26 OF RIGHT GALLERY OF R.A.B.L.S. PROJECT BARGI NAGAR JABALPUR.","76/Ts. 2025-26","downloads\mptenders.gov.in\2025_NVDA_451795_1\stage_summary_2025_NVDA_451795_1.pdf"
"https://mptenders.gov.in","CABLE","AOC","58","2025_NVDA_434044_1","[Supplying, laying and making connection for 16 C x 1.5 sqmm copper armored XLPE insulated control cable for radial gates (Gate No. 1 to 6) for at Jobat Project Nanpur District- Alirajpur (M.P.)][13/2025-26 /SAC/1285]","Narmada Valley Development Authority||Chief Engineer E and M||EE ND E and M Div 15 Indore","AOC","Supplying, laying and making connection for 16 C x 1.5 sqmm copper armored XLPE insulated control cable for radial gates (Gate No. 1 to 6) for at Jobat Project Nanpur District- Alirajpur (M.P.)","13/2025-26 /SAC/1285","downloads\mptenders.gov.in\2025_NVDA_434044_1\stage_summary_2025_NVDA_434044_1.pdf"
"https://mptenders.gov.in","CABLE","AOC","59","2025_NVDA_410569_1","[FOR THE WORK OF PAINTING OF CABLE TRAY AND SUPPORT ANGLE OF 70 TON GANTRY CRANE OF R.A.B.L.S. PROJECT. ][230/Ts. 2024-25 ]","Narmada Valley Development Authority||Chief Engineer E and M||EE E and M Div No 2 Barginagar Nagar Jabalpur","AOC","FOR THE WORK OF PAINTING OF CABLE TRAY AND SUPPORT ANGLE OF 70 TON GANTRY CRANE OF R.A.B.L.S. PROJECT.","230/Ts. 2024-25","downloads\mptenders.gov.in\2025_NVDA_410569_1\stage_summary_2025_NVDA_410569_1.pdf"
"https://mptenders.gov.in","CABLE","AOC","60","2025_NVDA_408966_1","[FOR THE WORK OF PROVIDING AND LAYING OF 240 SQ.MM. ARMOURED CABLE FOR POWER SUPPLY ARRANGEMENT OF LEFT SIDE GENERATOR ROOM TO O.C.B. ROOM SITE OF R.A.B.L.S. PROJECT][228/Ts. 2024-25]","Narmada Valley Development Authority||Chief Engineer E and M||EE E and M Div No 2 Barginagar Nagar Jabalpur","AOC","FOR THE WORK OF PROVIDING AND LAYING OF 240 SQ.MM. ARMOURED CABLE FOR POWER SUPPLY ARRANGEMENT OF LEFT SIDE GENERATOR ROOM TO O.C.B. ROOM SITE OF R.A.B.L.S. PROJECT","228/Ts. 2024-25","downloads\mptenders.gov.in\2025_NVDA_408966_1\stage_summary_2025_NVDA_408966_1.pdf"
"https://mptenders.gov.in","CABLE","AOC","61","2025_NVDA_405316_1","[FOR THE WORK OF PROVIDING AND LAYING OF 185 SQ.MM. ARMOURED CABLE FOR POWER SUPPLY ARRANGEMENT OF LEFT SIDE OCB ROOM TO LEFT GALLERY BLOCK NO. 17 OF R.A.B.L.S. PROJECT BARGI NAGAR. ][219/Ts. 2024-25]","Narmada Valley Development Authority||Chief Engineer E and M||EE E and M Div No 2 Barginagar Nagar Jabalpur","AOC","FOR THE WORK OF PROVIDING AND LAYING OF 185 SQ.MM. ARMOURED CABLE FOR POWER SUPPLY ARRANGEMENT OF LEFT SIDE OCB ROOM TO LEFT GALLERY BLOCK NO. 17 OF R.A.B.L.S. PROJECT BARGI NAGAR.","219/Ts. 2024-25","downloads\mptenders.gov.in\2025_NVDA_405316_1\stage_summary_2025_NVDA_405316_1.pdf"
"https://mptenders.gov.in","CABLE","AOC","62","2025_MPPTC_461298_1","[Renovation and Up-keeping viz. RCC Cable trench, Curtain Wall with Aluminum Composite Panel (ACP), WBM Road, colour washing etc. of control room building , Tube well etc. at 220 KV Sub-Station Premises Nayagaon, Jabalpur.][1178]","MP Power Transmission Co. Ltd.||MPPTCL.CE(EHT - Constn.)","AOC","Renovation and Up-keeping viz. RCC Cable trench, Curtain Wall with Aluminum Composite Panel (ACP), WBM Road, colour washing etc. of control room building , Tube well etc. at 220 KV Sub-Station Premises Nayagaon, Jabalpur.","1178","downloads\mptenders.gov.in\2025_MPPTC_461298_1\stage_summary_2025_MPPTC_461298_1.pdf"
"https://mptenders.gov.in","CABLE","AOC","63","2025_MPPTC_436221_1","[Annual Maintenance of OPGW of different sizes viz. 8/12/24/48/96 fibre OPGW strung on 400/220/132kV transmission line towers or laid underground located in different parts of MP including maintenance of approach cable, FODP etc. and OPGW stringing wo][MT-269/2025]","MP Power Transmission Co. Ltd.||MPPTCL.CE(EHT - Maint. and Insp.)","AOC","Annual Maintenance of OPGW of different sizes viz. 8/12/24/48/96 fibre OPGW strung on 400/220/132kV transmission line towers or laid underground located in different parts of MP including maintenance of approach cable, FODP etc. and OPGW stringing wo","MT-269/2025","downloads\mptenders.gov.in\2025_MPPTC_436221_1\stage_summary_2025_MPPTC_436221_1.pdf"
"https://mptenders.gov.in","CABLE","AOC","64","2025_MPPTC_419836_1","[RandM of Control Room Building Including Colour washing and Electrical work , Ladies Toilet, Security Check Post , Path and cable Trench and culvert and 4- Bay shed for Automation of 132 KV S/S Satya Sai Indore.][167]","MP Power Transmission Co. Ltd.||MPPTCL.CE(EHT - Constn.)","AOC","RandM of Control Room Building Including Colour washing and Electrical work , Ladies Toilet, Security Check Post , Path and cable Trench and culvert and 4- Bay shed for Automation of 132 KV S/S Satya Sai Indore.","167","downloads\mptenders.gov.in\2025_MPPTC_419836_1\stage_summary_2025_MPPTC_419836_1.pdf"
"https://mptenders.gov.in","CABLE","AOC","65","2025_MPPTC_395584_1","[Civil works for extension of yard i.e 132KV/33KV structure foundations, Cable trench, levelling, metaling, retaining/compound wall etc. at 132 KV S/s Vinoba Bhave Jabalpur][1583]","MP Power Transmission Co. Ltd.||MPPTCL.CE(EHT - Constn.)","AOC","Civil works for extension of yard i.e 132KV/33KV structure foundations, Cable trench, levelling, metaling, retaining/compound wall etc. at 132 KV S/s Vinoba Bhave Jabalpur","1583","downloads\mptenders.gov.in\2025_MPPTC_395584_1\stage_summary_2025_MPPTC_395584_1.pdf"
"https://mptenders.gov.in","CABLE","AOC","66","2025_MPPKV_463616_1","[Augmentation of Conductor Rabbit to Raccoon on 11 KV Nai Duniya Feeder From kapil Cable to Nai Duniya Branch Under SSTD Scheme Under Central City Division Indore.][EE/STC/INDORE/25-26/TS-06/ 2208 ]","Madhya Pradesh Paschim Kshetra Vidyut Vitran Company Ltd||ED/Chief Engineer (Indore Region) - MPPKVVCL||SE, Indore O and M Circle, Indore - MPPKVVCL||EE, Indore O and M STC Division, Indore - MPPKVVCL","AOC","Augmentation of Conductor Rabbit to Raccoon on 11 KV Nai Duniya Feeder From kapil Cable to Nai Duniya Branch Under SSTD Scheme Under Central City Division Indore.","EE/STC/INDORE/25-26/TS-06/ 2208","downloads\mptenders.gov.in\2025_MPPKV_463616_1\stage_summary_2025_MPPKV_463616_1.pdf"
"https://mptenders.gov.in","CABLE","AOC","67","2025_MPPKV_460839_1","[Balance work of approach road, cable tray and other civil work for new 33/11 kv S/s at village Pipalpani, under Khaknar DC, O and M Dn. Burhanpur, O and M Circle Burhanpur.][No./SEC/IND/WS/TS-34/1988 dt. 30.10.2025]","Madhya Pradesh Paschim Kshetra Vidyut Vitran Company Ltd||Chief Engineer (Civil)-Indore - MPPKVVCL","AOC","Balance work of approach road, cable tray and other civil work for new 33/11 kv S/s at village Pipalpani, under Khaknar DC, O and M Dn. Burhanpur, O and M Circle Burhanpur.","No./SEC/IND/WS/TS-34/1988 dt. 30.10.2025","downloads\mptenders.gov.in\2025_MPPKV_460839_1\stage_summary_2025_MPPKV_460839_1.pdf"
"https://mptenders.gov.in","CABLE","AOC","68","2025_MPPKV_442426_1","[FOR SUPPLY OF ISI Marked 2 Core, 4 Core, 8 Core, 12 Core Un-Armored and 12 Core 2.5 Sqmm. Armored Cu Control Cable ][MD/WZ/06/PUR/NIT 319/TS-1891]","Madhya Pradesh Paschim Kshetra Vidyut Vitran Company Ltd||Director/ED/CE/Addl CE (Purchase)-Indore - MPPKVVCL","AOC","FOR SUPPLY OF ISI Marked 2 Core, 4 Core, 8 Core, 12 Core Un-Armored and 12 Core 2.5 Sqmm. Armored Cu Control Cable","MD/WZ/06/PUR/NIT 319/TS-1891","downloads\mptenders.gov.in\2025_MPPKV_442426_1\stage_summary_2025_MPPKV_442426_1.pdf"
"https://mptenders.gov.in","CABLE","AOC","69","2025_MPPKV_424170_1","[Providing Internet onnectivity (Unlimited plan) through cable Connection in various offices at O/o MD (WZ), Indore for period of 3 year.][MD/WZ/06/PUR/NIT 315/TS-1855]","Madhya Pradesh Paschim Kshetra Vidyut Vitran Company Ltd||Director/ED/CE/Addl CE (Purchase)-Indore - MPPKVVCL","AOC","Providing Internet onnectivity (Unlimited plan) through cable Connection in various offices at O/o MD (WZ), Indore for period of 3 year.","MD/WZ/06/PUR/NIT 315/TS-1855","downloads\mptenders.gov.in\2025_MPPKV_424170_1\stage_summary_2025_MPPKV_424170_1.pdf"
"https://mptenders.gov.in","CABLE","AOC","70","2025_MPPKV_420130_1","[WORK OF 33 KV UNDERGROUND CABLING (33 KV XLPE CABLE, 3X300 MM) (02 NOS.) FOR RAILWAY CROSSING AT NAD-UJN Sec. Bet Station PSO-ASL Station TRACK LOCATION NO. 31/10-11 AS PER LAYOUT DRAWING Under Sanction Project by OnM Dn Barnagar][2025-26/TS-09/564]","Madhya Pradesh Paschim Kshetra Vidyut Vitran Company Ltd||ED/Chief Engineer (Ujjain Region) - MPPKVVCL||SE, Ujjain O and M Circle, Ujjain - MPPKVVCL","AOC","WORK OF 33 KV UNDERGROUND CABLING (33 KV XLPE CABLE, 3X300 MM) (02 NOS.) FOR RAILWAY CROSSING AT NAD-UJN Sec. Bet Station PSO-ASL Station TRACK LOCATION NO. 31/10-11 AS PER LAYOUT DRAWING Under Sanction Project by OnM Dn Barnagar","2025-26/TS-09/564","downloads\mptenders.gov.in\2025_MPPKV_420130_1\stage_summary_2025_MPPKV_420130_1.pdf"
"https://mptenders.gov.in","CABLE","AOC","71","2025_MPPGC_444690_1","[Procurement of submersible cable for power houses at THC, MPPGCL, Sirmour][444690]","Madhya Pradesh Power Generating Company Limited||Addl Chief Engineer(THC)-Tons Hydel Power Station-Sirmour - MPPGCL","AOC","Procurement of submersible cable for power houses at THC, MPPGCL, Sirmour","444690","downloads\mptenders.gov.in\2025_MPPGC_444690_1\stage_summary_2025_MPPGC_444690_1.pdf"
"https://mptenders.gov.in","CABLE","AOC","72","2025_MPPGC_409550_1","[Procurement of spare parts of power cable reeling drum PCRD for stackerreclaimer installed at 2x660 MW PH ii CHP SSTPP Dongalia Distt Khandwa][PT-3135]","Madhya Pradesh Power Generating Company Limited||Executive Director(Gen.)-Shri Singaji Thermal Power Station-Khandwa - MPPGCL","AOC","Procurement of spare parts of power cable reeling drum PCRD for stackerreclaimer installed at 2x660 MW PH ii CHP SSTPP Dongalia Distt Khandwa","PT-3135","downloads\mptenders.gov.in\2025_MPPGC_409550_1\stage_summary_2025_MPPGC_409550_1.pdf"
"https://mptenders.gov.in","CABLE","AOC","73","2025_MPPGC_403978_1","[Procurement of Fire Alarm System (FDPS) cables and other components for 2x600MW, SSTPP, MPPGCL, Khandwa][PT-3133]","Madhya Pradesh Power Generating Company Limited||Executive Director(Gen.)-Shri Singaji Thermal Power Station-Khandwa - MPPGCL","AOC","Procurement of Fire Alarm System (FDPS) cables and other components for 2x600MW, SSTPP, MPPGCL, Khandwa","PT-3133","downloads\mptenders.gov.in\2025_MPPGC_403978_1\stage_summary_2025_MPPGC_403978_1.pdf"
"https://mptenders.gov.in","CABLE","AOC","74","2025_MPPGC_402739_1","[Laying of copper control cables of different sizes, optical cables and armored telephone cables in STPS, MPPGCL, Sarni][WT-4853]","Madhya Pradesh Power Generating Company Limited||Chief Engineer(Gen.)-Satpura Thermal Power Station-Sarni - MPPGCL","AOC","Laying of copper control cables of different sizes, optical cables and armored telephone cables in STPS, MPPGCL, Sarni","WT-4853","downloads\mptenders.gov.in\2025_MPPGC_402739_1\stage_summary_2025_MPPGC_402739_1.pdf"
"https://mptenders.gov.in","CABLE","AOC","75","2025_MKVVC_468938_1","[Estimate for LT Cable Augmentation at various location at O and M Dn. Rajgarh.][DGM/STC-STM/RGH/25-26/2290 dt 16.12.2025]","Madhya Pradesh Madhya Kshetra Vidyut Vitaran Company Limited||MPMKVVCL - Regional Office Bhopal||MPMKVVCL - Rajgarh||MPMKVVCL - STM Division Rajgarh","AOC","Estimate for LT Cable Augmentation at various location at O and M Dn. Rajgarh.","DGM/STC-STM/RGH/25-26/2290 dt 16.12.2025","downloads\mptenders.gov.in\2025_MKVVC_468938_1\stage_summary_2025_MKVVC_468938_1.pdf"
"https://mptenders.gov.in","CABLE","AOC","76","2025_MKVVC_468262_1","[Estimate for replacement of Burnt/damaged LT Aerial Bunched Cable at belonging to 33/11 KV Mela substation Under ITI Zone Bhind(T) ][No DGM/STC/E-TEN/24-25/45/3078]","Madhya Pradesh Madhya Kshetra Vidyut Vitaran Company Limited||MPMKVVCL - Regional Office Gwalior||MPMKVVCL - Bhind||MPMKVVCL - STC Dn. Bhind","AOC","Estimate for replacement of Burnt/damaged LT Aerial Bunched Cable at belonging to 33/11 KV Mela substation Under ITI Zone Bhind(T)","No DGM/STC/E-TEN/24-25/45/3078","downloads\mptenders.gov.in\2025_MKVVC_468262_1\stage_summary_2025_MKVVC_468262_1.pdf"
"https://mptenders.gov.in","CABLE","AOC","77","2025_MKVVC_465874_1","[Estimate for replacement of Burnt/damaged LT Aerial Bunched Cable at belonging to 33/11 KV ITI substation Under ITI Zone Bhind(T) ][No DGM/STC/E-TEN/24-25/42/2897]","Madhya Pradesh Madhya Kshetra Vidyut Vitaran Company Limited||MPMKVVCL - Regional Office Gwalior||MPMKVVCL - Bhind||MPMKVVCL - STC Dn. Bhind","AOC","Estimate for replacement of Burnt/damaged LT Aerial Bunched Cable at belonging to 33/11 KV ITI substation Under ITI Zone Bhind(T)","No DGM/STC/E-TEN/24-25/42/2897","downloads\mptenders.gov.in\2025_MKVVC_465874_1\stage_summary_2025_MKVVC_465874_1.pdf"
"https://mptenders.gov.in","CABLE","AOC","78","2025_MKVVC_465859_1","[Estimate for replacement of Burnt/damaged LT Aerial Bunched Cable at belonging to 33/11 KV 85 Etawah Road substation Under W/w Zone Bhind(T) ][No DGM/STC/E-TEN/24-25/40/2895]","Madhya Pradesh Madhya Kshetra Vidyut Vitaran Company Limited||MPMKVVCL - Regional Office Gwalior||MPMKVVCL - Bhind||MPMKVVCL - STC Dn. Bhind","AOC","Estimate for replacement of Burnt/damaged LT Aerial Bunched Cable at belonging to 33/11 KV 85 Etawah Road substation Under W/w Zone Bhind(T)","No DGM/STC/E-TEN/24-25/40/2895","downloads\mptenders.gov.in\2025_MKVVC_465859_1\stage_summary_2025_MKVVC_465859_1.pdf"
"https://mptenders.gov.in","CABLE","AOC","79","2025_MKVVC_465831_1","[Estimate for replacement of Burnt/damaged LT Aerial Bunched Cable at belonging to 33/11 KV IPS substation Under ITI Zone Bhind(T) ][No DGM/STC/E-TEN/24-25/38/2893]","Madhya Pradesh Madhya Kshetra Vidyut Vitaran Company Limited||MPMKVVCL - Regional Office Gwalior||MPMKVVCL - Bhind||MPMKVVCL - STC Dn. Bhind","AOC","Estimate for replacement of Burnt/damaged LT Aerial Bunched Cable at belonging to 33/11 KV IPS substation Under ITI Zone Bhind(T)","No DGM/STC/E-TEN/24-25/38/2893","downloads\mptenders.gov.in\2025_MKVVC_465831_1\stage_summary_2025_MKVVC_465831_1.pdf"
"https://mptenders.gov.in","CABLE","AOC","80","2025_MKVVC_465661_1","[Estimate for Augmentation of 900 Meter 120Sqmm LT Line and 850 Meter 150 Sqmm LT Line Cable at Various Location Under Binagunj DC Under ONM Div. Raghogarh. ][DGM/STC-STM/GNA/2025-26/ 93/3101 GUNA dt 02.12.2025]","Madhya Pradesh Madhya Kshetra Vidyut Vitaran Company Limited||MPMKVVCL - Regional Office Gwalior||MPMKVVCL - Guna||MPMKVVCL - STC Dn. Guna","AOC","Estimate for Augmentation of 900 Meter 120Sqmm LT Line and 850 Meter 150 Sqmm LT Line Cable at Various Location Under Binagunj DC Under ONM Div. Raghogarh.","DGM/STC-STM/GNA/2025-26/ 93/3101 GUNA dt 02.12.2025","downloads\mptenders.gov.in\2025_MKVVC_465661_1\stage_summary_2025_MKVVC_465661_1.pdf"
"https://mptenders.gov.in","CABLE","AOC","81","2025_MKVVC_465634_1","[Estimate for Augmentation of 5800 meter 95 Sqmm LT Line Cable at Location Ruthiyai DC Under ONM Div. Guna. ][DGM/STC-STM/GNA/2025-26/ 91/3099 GUNA dt 02.12.2025]","Madhya Pradesh Madhya Kshetra Vidyut Vitaran Company Limited||MPMKVVCL - Regional Office Gwalior||MPMKVVCL - Guna||MPMKVVCL - STC Dn. Guna","AOC","Estimate for Augmentation of 5800 meter 95 Sqmm LT Line Cable at Location Ruthiyai DC Under ONM Div. Guna.","DGM/STC-STM/GNA/2025-26/ 91/3099 GUNA dt 02.12.2025","downloads\mptenders.gov.in\2025_MKVVC_465634_1\stage_summary_2025_MKVVC_465634_1.pdf"
"https://mptenders.gov.in","CABLE","AOC","82","2025_MKVVC_465620_1","[Estimate for Augmetation of 570 meter 150 Sqmm And 120 Sqmm LT Line Cable at Location Binagunj DC. Under ONM Div.Raghogarh. ][DGM/STC-STM/GNA/2025-26/ 83/3098 GUNA dt 02.12.2025]","Madhya Pradesh Madhya Kshetra Vidyut Vitaran Company Limited||MPMKVVCL - Regional Office Gwalior||MPMKVVCL - Guna||MPMKVVCL - STC Dn. Guna","AOC","Estimate for Augmetation of 570 meter 150 Sqmm And 120 Sqmm LT Line Cable at Location Binagunj DC. Under ONM Div.Raghogarh.","DGM/STC-STM/GNA/2025-26/ 83/3098 GUNA dt 02.12.2025","downloads\mptenders.gov.in\2025_MKVVC_465620_1\stage_summary_2025_MKVVC_465620_1.pdf"
"https://mptenders.gov.in","CABLE","AOC","83","2025_MKVVC_465573_1","[Estimate for strengthening of system by LT Cable augmentation work at various location under Maharaj pura zone City Div. East Gwalior][DGM/STC/CITY/25-26/4097 dt. 01.12.25]","Madhya Pradesh Madhya Kshetra Vidyut Vitaran Company Limited||MPMKVVCL - Regional Office Gwalior||MPMKVVCL - Gwalior City Circle","AOC","Estimate for strengthening of system by LT Cable augmentation work at various location under Maharaj pura zone City Div. East Gwalior","DGM/STC/CITY/25-26/4097 dt. 01.12.25","downloads\mptenders.gov.in\2025_MKVVC_465573_1\stage_summary_2025_MKVVC_465573_1.pdf"
"https://mptenders.gov.in","CABLE","AOC","84","2025_MKVVC_465066_1","[Estimate for Augmentation of 4400 Meter 120 Sqmm and 680 Meter 95 Sqmm LT Line Cable at Location Raghogarh DC Under ONM Div. Raghogarh. Guna Circle of MPMKVVCL][ DGM/STCSTM/GNA/2025-26/90/2923 GUNA dt 27.11.2025]","Madhya Pradesh Madhya Kshetra Vidyut Vitaran Company Limited||MPMKVVCL - Regional Office Gwalior||MPMKVVCL - Guna||MPMKVVCL - STC Dn. Guna","AOC","Estimate for Augmentation of 4400 Meter 120 Sqmm and 680 Meter 95 Sqmm LT Line Cable at Location Raghogarh DC Under ONM Div. Raghogarh. Guna Circle of MPMKVVCL","DGM/STCSTM/GNA/2025-26/90/2923 GUNA dt 27.11.2025","downloads\mptenders.gov.in\2025_MKVVC_465066_1\stage_summary_2025_MKVVC_465066_1.pdf"
"https://mptenders.gov.in","CABLE","AOC","85","2025_MKVVC_465035_1","[Supply of Piercing connector Type I for single phase Three phase Suitable for 70 150Sq mm cable][GM/CC/GWL/PUR/25-26/ 9477 Date 27.11.25]","Madhya Pradesh Madhya Kshetra Vidyut Vitaran Company Limited||MPMKVVCL - Regional Office Gwalior||MPMKVVCL - Gwalior City Circle","AOC","Supply of Piercing connector Type I for single phase Three phase Suitable for 70 150Sq mm cable","GM/CC/GWL/PUR/25-26/ 9477 Date 27.11.25","downloads\mptenders.gov.in\2025_MKVVC_465035_1\stage_summary_2025_MKVVC_465035_1.pdf"
"https://mptenders.gov.in","CABLE","AOC","86","2025_MKVVC_464445_1","[Estimate for Augmentation of 2600 Meter LT Line Cable at Location Ruthiyai DC Under ONM Div.Raghogarh, Guna Circle of MPMKVVCL][ DGM/STCSTM/GNA/2025-26/84/2911 GUNA dt 24.11.2025]","Madhya Pradesh Madhya Kshetra Vidyut Vitaran Company Limited||MPMKVVCL - Regional Office Gwalior||MPMKVVCL - Guna||MPMKVVCL - STC Dn. Guna","AOC","Estimate for Augmentation of 2600 Meter LT Line Cable at Location Ruthiyai DC Under ONM Div.Raghogarh, Guna Circle of MPMKVVCL","DGM/STCSTM/GNA/2025-26/84/2911 GUNA dt 24.11.2025","downloads\mptenders.gov.in\2025_MKVVC_464445_1\stage_summary_2025_MKVVC_464445_1.pdf"
"https://mptenders.gov.in","CABLE","AOC","87","2025_MKVVC_464343_1","[Estimate for LT Cable Augmentation of 0.6 KM at location 11 kv Collage DLF feeder 100 KVA DTR Forest ColonyI in Zeerapur Dc under O and M Dn. Zeerapur.][DGM/STC-STM/RGH/25-26/2054 dt 24.11.2025]","Madhya Pradesh Madhya Kshetra Vidyut Vitaran Company Limited||MPMKVVCL - Regional Office Bhopal||MPMKVVCL - Rajgarh||MPMKVVCL - STM Division Rajgarh","AOC","Estimate for LT Cable Augmentation of 0.6 KM at location 11 kv Collage DLF feeder 100 KVA DTR Forest ColonyI in Zeerapur Dc under O and M Dn. Zeerapur.","DGM/STC-STM/RGH/25-26/2054 dt 24.11.2025","downloads\mptenders.gov.in\2025_MKVVC_464343_1\stage_summary_2025_MKVVC_464343_1.pdf"
"https://mptenders.gov.in","CABLE","AOC","88","2025_MKVVC_463843_1","[Estimate for LT Line Cable Augmentation at Different Location Under Guna (T).Guna DC, ONM Div.Guna Circle of MPMKVVCL][ DGM/STCSTM/GNA/2025-26/78/2889 GUNA dt 19.11.2025]","Madhya Pradesh Madhya Kshetra Vidyut Vitaran Company Limited||MPMKVVCL - Regional Office Gwalior||MPMKVVCL - Guna||MPMKVVCL - STC Dn. Guna","AOC","Estimate for LT Line Cable Augmentation at Different Location Under Guna (T).Guna DC, ONM Div.Guna Circle of MPMKVVCL","DGM/STCSTM/GNA/2025-26/78/2889 GUNA dt 19.11.2025","downloads\mptenders.gov.in\2025_MKVVC_463843_1\stage_summary_2025_MKVVC_463843_1.pdf"
"https://mptenders.gov.in","CABLE","AOC","89","2025_MKVVC_463413_1","[Estimate for LT Cable Augmentation of 01 KM at location 11 kv Collage DLF feeder 100 KVA DTR Forest Colony II in Zeerapur Dc ][DGM/STC-STM/RGH/25-26/2023 dt 18.11.2025]","Madhya Pradesh Madhya Kshetra Vidyut Vitaran Company Limited||MPMKVVCL - Regional Office Bhopal||MPMKVVCL - Rajgarh||MPMKVVCL - STM Division Rajgarh","AOC","Estimate for LT Cable Augmentation of 01 KM at location 11 kv Collage DLF feeder 100 KVA DTR Forest Colony II in Zeerapur Dc","DGM/STC-STM/RGH/25-26/2023 dt 18.11.2025","downloads\mptenders.gov.in\2025_MKVVC_463413_1\stage_summary_2025_MKVVC_463413_1.pdf"
"https://mptenders.gov.in","CABLE","AOC","90","2025_MKVVC_459676_2","[Estimate for LT Cable upgradation work, LT Line Maintance work peergate to Imamigate Location Under City Kotwali Zone under City Dn. North Bhopal.][DGM/STC/CITY/25-26/3673/14 Dt. 28-10-2025]","Madhya Pradesh Madhya Kshetra Vidyut Vitaran Company Limited||MPMKVVCL - Regional Office Bhopal||MPMKVVCL - Bhopal City Circle||MPMKVVCL - South City Division","AOC","Estimate for LT Cable upgradation work, LT Line Maintance work peergate to Imamigate Location Under City Kotwali Zone under City Dn. North Bhopal.","DGM/STC/CITY/25-26/3673/14 Dt. 28-10-2025","downloads\mptenders.gov.in\2025_MKVVC_459676_2\stage_summary_2025_MKVVC_459676_2.pdf"
"https://mptenders.gov.in","CABLE","AOC","91","2025_MKVVC_458394_1","[Estimate for replacement of 02 no. 11KV UG Burst Cable at 33/11KV Pride city S/s under Katara Hills Zone of City Dn. west Bhopal][DGM/STC/CITY/25-26/3427/09 Dt. 14-10-2025]","Madhya Pradesh Madhya Kshetra Vidyut Vitaran Company Limited||MPMKVVCL - Regional Office Bhopal||MPMKVVCL - Bhopal City Circle||MPMKVVCL - South City Division","AOC","Estimate for replacement of 02 no. 11KV UG Burst Cable at 33/11KV Pride city S/s under Katara Hills Zone of City Dn. west Bhopal","DGM/STC/CITY/25-26/3427/09 Dt. 14-10-2025","downloads\mptenders.gov.in\2025_MKVVC_458394_1\stage_summary_2025_MKVVC_458394_1.pdf"
"https://mptenders.gov.in","CABLE","AOC","92","2025_MKVVC_458299_2","[Esti.for replacement of damaged 11 KV under Ground cable at Near NH-46 crossing 11 KV Mohrai Pump feeder under Kolaras R D/c under OnM dn.-II (NIT-53)][DGM/SPR-2/Pic./2695 dt.17.10.25 (NIT-53)]","Madhya Pradesh Madhya Kshetra Vidyut Vitaran Company Limited||MPMKVVCL - Regional Office Gwalior||MPMKVVCL - Shivpuri||MPMKVVCL - O and M Circle STC","AOC","Esti.for replacement of damaged 11 KV under Ground cable at Near NH-46 crossing 11 KV Mohrai Pump feeder under Kolaras R D/c under OnM dn.-II (NIT-53)","DGM/SPR-2/Pic./2695 dt.17.10.25 (NIT-53)","downloads\mptenders.gov.in\2025_MKVVC_458299_2\stage_summary_2025_MKVVC_458299_2.pdf"
"https://mptenders.gov.in","CABLE","AOC","93","2025_MKVVC_454297_1","[Estimate for Augmentation of LT AB Cable Shivpuri city under Shivpuri east zone under (OnM) Shivpuri div-1. (NIT-31)][DGM/STC-STM/1/31/2339 (Div-1 NIT-31)]","Madhya Pradesh Madhya Kshetra Vidyut Vitaran Company Limited||MPMKVVCL - Regional Office Gwalior||MPMKVVCL - Shivpuri||MPMKVVCL - O and M Circle STC","AOC","Estimate for Augmentation of LT AB Cable Shivpuri city under Shivpuri east zone under (OnM) Shivpuri div-1. (NIT-31)","DGM/STC-STM/1/31/2339 (Div-1 NIT-31)","downloads\mptenders.gov.in\2025_MKVVC_454297_1\stage_summary_2025_MKVVC_454297_1.pdf"
"https://mptenders.gov.in","CABLE","AOC","94","2025_MKVVC_454160_1","[Estimate for replacement of underground railway cable of 300 sqmm XLPE with 02 no. set jointing kit of 33 KV Ronakhedi feeder at Chandanpura village, cable burst on dt. 17.07.2025 under Shivpuri (R) D/c Under OnM Shivpuri Div-1 ][DGM/STC-STM/1/29/2335 (Div-1 NIT-29)]","Madhya Pradesh Madhya Kshetra Vidyut Vitaran Company Limited||MPMKVVCL - Regional Office Gwalior||MPMKVVCL - Shivpuri||MPMKVVCL - O and M Circle STC","AOC","Estimate for replacement of underground railway cable of 300 sqmm XLPE with 02 no. set jointing kit of 33 KV Ronakhedi feeder at Chandanpura village, cable burst on dt. 17.07.2025 under Shivpuri (R) D/c Under OnM Shivpuri Div-1","DGM/STC-STM/1/29/2335 (Div-1 NIT-29)","downloads\mptenders.gov.in\2025_MKVVC_454160_1\stage_summary_2025_MKVVC_454160_1.pdf"
"https://mptenders.gov.in","CABLE","AOC","95","2025_MKVVC_452716_1","[Supply of Piercing connector type I for single phase/Three phase suitable for 120-300 sq.mm. cable. 550 Nos][NO. GMB/Loc. PUR/E-tender/25-26/22/3965]","Madhya Pradesh Madhya Kshetra Vidyut Vitaran Company Limited||MPMKVVCL - Regional Office Gwalior||MPMKVVCL - Bhind","AOC","Supply of Piercing connector type I for single phase/Three phase suitable for 120-300 sq.mm. cable. 550 Nos","NO. GMB/Loc. PUR/E-tender/25-26/22/3965","downloads\mptenders.gov.in\2025_MKVVC_452716_1\stage_summary_2025_MKVVC_452716_1.pdf"
"https://mptenders.gov.in","CABLE","AOC","96","2025_MKVVC_452210_1","[Piercing connector Type I for single phase/Three Phase suitable for 70-150 sq mm cable][GM/OnM/SPR/PUR/25-26/4268 Dated 15-09-2025]","Madhya Pradesh Madhya Kshetra Vidyut Vitaran Company Limited||MPMKVVCL - Regional Office Gwalior||MPMKVVCL - Shivpuri","AOC","Piercing connector Type I for single phase/Three Phase suitable for 70-150 sq mm cable","GM/OnM/SPR/PUR/25-26/4268 Dated 15-09-2025","downloads\mptenders.gov.in\2025_MKVVC_452210_1\stage_summary_2025_MKVVC_452210_1.pdf"
"https://mptenders.gov.in","CABLE","AOC","97","2025_MKVVC_450058_1","[Estimate for Requirement of Augmentation of LT AB Cable Son Chiraiya Feeder Under Shivpuri East Zone Under (OnM) Div-1 Shivpuri (NIT-16)][DGM/STC-STM/SPR-1/2025/16/2011]","Madhya Pradesh Madhya Kshetra Vidyut Vitaran Company Limited||MPMKVVCL - Regional Office Gwalior||MPMKVVCL - Shivpuri||MPMKVVCL - O and M Circle STC","AOC","Estimate for Requirement of Augmentation of LT AB Cable Son Chiraiya Feeder Under Shivpuri East Zone Under (OnM) Div-1 Shivpuri (NIT-16)","DGM/STC-STM/SPR-1/2025/16/2011","downloads\mptenders.gov.in\2025_MKVVC_450058_1\stage_summary_2025_MKVVC_450058_1.pdf"
"https://mptenders.gov.in","CABLE","AOC","98","2025_MKVVC_446151_1","[Enquiry for supply of Aluminum lugs long barrel type suitable for aluminum cable of sizes][GM/OnM/Pur/3528-29,Dt-20-08-25]","Madhya Pradesh Madhya Kshetra Vidyut Vitaran Company Limited||MPMKVVCL - Regional Office Bhopal||MPMKVVCL - Hoshangabad","AOC","Enquiry for supply of Aluminum lugs long barrel type suitable for aluminum cable of sizes","GM/OnM/Pur/3528-29,Dt-20-08-25","downloads\mptenders.gov.in\2025_MKVVC_446151_1\stage_summary_2025_MKVVC_446151_1.pdf"
"https://mptenders.gov.in","CABLE","AOC","99","2025_MKVVC_441773_1","[Revised estimate for repacement of 11 kv ug cable of road crossing of 11 kv khair DLF feeder at Fasibad under Shahpur dc][DGM/STC/BTL/2311 dt 02.08.2025]","Madhya Pradesh Madhya Kshetra Vidyut Vitaran Company Limited||MPMKVVCL - Regional Office Bhopal||MPMKVVCL - Betul||MPMKVVCL - STC Division","AOC","Revised estimate for repacement of 11 kv ug cable of road crossing of 11 kv khair DLF feeder at Fasibad under Shahpur dc","DGM/STC/BTL/2311 dt 02.08.2025","downloads\mptenders.gov.in\2025_MKVVC_441773_1\stage_summary_2025_MKVVC_441773_1.pdf"
"https://mptenders.gov.in","CABLE","AOC","100","2025_MKVVC_441737_1","[Revised estimate for replacement of 33 KV U/G cable of road crossing of 33 KV Shahpur feeder at Nishana under Shahpur D/c. under O and M Betul (N) Dn. ][DGM/STC/BTL/2303 dt 02.08.2025]","Madhya Pradesh Madhya Kshetra Vidyut Vitaran Company Limited||MPMKVVCL - Regional Office Bhopal||MPMKVVCL - Betul||MPMKVVCL - STC Division","AOC","Revised estimate for replacement of 33 KV U/G cable of road crossing of 33 KV Shahpur feeder at Nishana under Shahpur D/c. under O and M Betul (N) Dn.","DGM/STC/BTL/2303 dt 02.08.2025","downloads\mptenders.gov.in\2025_MKVVC_441737_1\stage_summary_2025_MKVVC_441737_1.pdf"
"https://mptenders.gov.in","CABLE","AOC","101","2025_MKVVC_425941_1","[Construction of Stairs to utilise roof of rooms, construction of toilet block for HOL Chamber 24 Hrs water arrangement for cables and conductor testing and other civil works at Gwalior Testing Lab , Mahalgaon Gwalior][DGM/C/GWL/ET/2025-26/06/08]","Madhya Pradesh Madhya Kshetra Vidyut Vitaran Company Limited||MPMKVVCL - Regional Office Gwalior||MPMKVVCL - Civil Gwalior","AOC","Construction of Stairs to utilise roof of rooms, construction of toilet block for HOL Chamber 24 Hrs water arrangement for cables and conductor testing and other civil works at Gwalior Testing Lab , Mahalgaon Gwalior","DGM/C/GWL/ET/2025-26/06/08","downloads\mptenders.gov.in\2025_MKVVC_425941_1\stage_summary_2025_MKVVC_425941_1.pdf"
"https://mptenders.gov.in","CABLE","AOC","102","2025_MKVVC_423138_1","[1 Piercing connector suitable for size 95-150/16 sq. mm PVC cable 2 Chain Pully Block Capacity 03 TON along with test certificate Make Globe/yellow Tiger/Other Standard Make with ISI Mark][GM/OndM/SHEO/PUR/25-26/10/661]","Madhya Pradesh Madhya Kshetra Vidyut Vitaran Company Limited||MPMKVVCL - Regional Office Gwalior||MPMKVVCL - Sheopur","AOC","1 Piercing connector suitable for size 95-150/16 sq. mm PVC cable 2 Chain Pully Block Capacity 03 TON along with test certificate Make Globe/yellow Tiger/Other Standard Make with ISI Mark","GM/OndM/SHEO/PUR/25-26/10/661","downloads\mptenders.gov.in\2025_MKVVC_423138_1\stage_summary_2025_MKVVC_423138_1.pdf"
"https://mptenders.gov.in","CABLE","AOC","103","2025_MKVVC_420341_1","[Bi-metallic Clamp suitable for 315, 200 KVA X-mer weight flat brass size 60X60X10 mm. in central 20 mm hole having joint aluminium section size 60X70X42 mm suitable for 150 sq.mm. cable 6 Nos. GI Nut an Bolts flat and spring washer weight 0.900 Gram ][NO. GMB/Loc. PUR/E-tender/25-26/04/403]","Madhya Pradesh Madhya Kshetra Vidyut Vitaran Company Limited||MPMKVVCL - Regional Office Gwalior||MPMKVVCL - Bhind","AOC","Bi-metallic Clamp suitable for 315, 200 KVA X-mer weight flat brass size 60X60X10 mm. in central 20 mm hole having joint aluminium section size 60X70X42 mm suitable for 150 sq.mm. cable 6 Nos. GI Nut an Bolts flat and spring washer weight 0.900 Gram","NO. GMB/Loc. PUR/E-tender/25-26/04/403","downloads\mptenders.gov.in\2025_MKVVC_420341_1\stage_summary_2025_MKVVC_420341_1.pdf"
"https://mptenders.gov.in","CABLE","AOC","104","2025_MKVVC_417272_1","[Revised estimate for replacement of 33 KV burnt Heat shrinkable cable jointing kit with lugs of XLPE cable of Chhe Puliya T.P. near kua of 33 KV Line Rampur feeder from 220 KV Sabalgarh. under Sabalgarh Sub Division][No. DGM/STC-STM/MRN/works/ E-Tender/ 23dt-16.04.25]","Madhya Pradesh Madhya Kshetra Vidyut Vitaran Company Limited||MPMKVVCL - Regional Office Gwalior||MPMKVVCL - Morena||MPMKVVCL - STC Division Morena","AOC","Revised estimate for replacement of 33 KV burnt Heat shrinkable cable jointing kit with lugs of XLPE cable of Chhe Puliya T.P. near kua of 33 KV Line Rampur feeder from 220 KV Sabalgarh. under Sabalgarh Sub Division","No. DGM/STC-STM/MRN/works/ E-Tender/ 23dt-16.04.25","downloads\mptenders.gov.in\2025_MKVVC_417272_1\stage_summary_2025_MKVVC_417272_1.pdf"
"https://mptenders.gov.in","CABLE","AOC","105","2025_MKVVC_404364_1","[Enquiry for supply of Aluminum Lugs long Barrel type suitable for aluminum cable of size.][GM/OnM/Pur/ 11572,Dt-21-02-2025]","Madhya Pradesh Madhya Kshetra Vidyut Vitaran Company Limited||MPMKVVCL - Regional Office Bhopal||MPMKVVCL - Hoshangabad","AOC","Enquiry for supply of Aluminum Lugs long Barrel type suitable for aluminum cable of size.","GM/OnM/Pur/ 11572,Dt-21-02-2025","downloads\mptenders.gov.in\2025_MKVVC_404364_1\stage_summary_2025_MKVVC_404364_1.pdf"
"https://mptenders.gov.in","CABLE","AOC","106","2025_MKVVC_403230_1","[Estimate for 11 kv bare line conversion to HT cable at char sehar ka naka to purani police chouki on 11 kv ranipura feeder under HTM division city circle Gwalior ][DGM/STC/CITY/24-25/ 3308 dt. 17.02.2025]","Madhya Pradesh Madhya Kshetra Vidyut Vitaran Company Limited||MPMKVVCL - Regional Office Gwalior||MPMKVVCL - Gwalior O and M Circle||MPMKVVCL - STC Division","AOC","Estimate for 11 kv bare line conversion to HT cable at char sehar ka naka to purani police chouki on 11 kv ranipura feeder under HTM division city circle Gwalior","DGM/STC/CITY/24-25/ 3308 dt. 17.02.2025","downloads\mptenders.gov.in\2025_MKVVC_403230_1\stage_summary_2025_MKVVC_403230_1.pdf"
"https://mptenders.gov.in","CABLE","AOC","107","2025_MKVVC_402158_1","[Estimate for Replacement of Damage / Burst 0.95 Km. LT Cable at Location Dhurgada, Semrikhurd (Gondi Mohalla) under Dolariya D/c under O and M Dn. Division Narmadapuram][DGM/STM-STC/Works/2024-25/120 Date 11/02/2025]","Madhya Pradesh Madhya Kshetra Vidyut Vitaran Company Limited||MPMKVVCL - Regional Office Bhopal||MPMKVVCL - Hoshangabad||MPMKVVCL - (STC) Dn. H bad","AOC","Estimate for Replacement of Damage / Burst 0.95 Km. LT Cable at Location Dhurgada, Semrikhurd (Gondi Mohalla) under Dolariya D/c under O and M Dn. Division Narmadapuram","DGM/STM-STC/Works/2024-25/120 Date 11/02/2025","downloads\mptenders.gov.in\2025_MKVVC_402158_1\stage_summary_2025_MKVVC_402158_1.pdf"
"https://mptenders.gov.in","CABLE","AOC","108","2025_MKVVC_401459_1","[Estimate for Replacement of LT cable 950 meter 35 SQMM of 100 KVA DTR at Village Maroda under Gurra D/c O and M Dn Itarsi][DGM/STM-STC/Works/2024-25/118 Date 07/02/2025]","Madhya Pradesh Madhya Kshetra Vidyut Vitaran Company Limited||MPMKVVCL - Regional Office Bhopal||MPMKVVCL - Hoshangabad||MPMKVVCL - (STC) Dn. H bad","AOC","Estimate for Replacement of LT cable 950 meter 35 SQMM of 100 KVA DTR at Village Maroda under Gurra D/c O and M Dn Itarsi","DGM/STM-STC/Works/2024-25/118 Date 07/02/2025","downloads\mptenders.gov.in\2025_MKVVC_401459_1\stage_summary_2025_MKVVC_401459_1.pdf"
"https://mptenders.gov.in","CABLE","AOC","109","2025_MKVVC_401380_1","[Replacement of LT cable Near Govt School at Village Pathrota and Replacement of LT cable 0.3 Km. 100 KVA DTR at Village Mehragaon (Khedapati Mandir Wala) and LT cable Replacement 200 KVA DTR (School Wala) Pathrota D/c O and M Dn Itarsi][DGM/STM-STC/Works/2024-25/117 Date 07/02/2025]","Madhya Pradesh Madhya Kshetra Vidyut Vitaran Company Limited||MPMKVVCL - Regional Office Bhopal||MPMKVVCL - Hoshangabad||MPMKVVCL - (STC) Dn. H bad","AOC","Replacement of LT cable Near Govt School at Village Pathrota and Replacement of LT cable 0.3 Km. 100 KVA DTR at Village Mehragaon (Khedapati Mandir Wala) and LT cable Replacement 200 KVA DTR (School Wala) Pathrota D/c O and M Dn Itarsi","DGM/STM-STC/Works/2024-25/117 Date 07/02/2025","downloads\mptenders.gov.in\2025_MKVVC_401380_1\stage_summary_2025_MKVVC_401380_1.pdf"
"https://mptenders.gov.in","CABLE","AOC","110","2025_MKVVC_401369_1","[Replacement of LTcable at village Taku under Kesla D/c O and M Dn Itarsi][DGM/STM-STC/Works/2024-25/116 Date 07/02/2025]","Madhya Pradesh Madhya Kshetra Vidyut Vitaran Company Limited||MPMKVVCL - Regional Office Bhopal||MPMKVVCL - Hoshangabad||MPMKVVCL - (STC) Dn. H bad","AOC","Replacement of LTcable at village Taku under Kesla D/c O and M Dn Itarsi","DGM/STM-STC/Works/2024-25/116 Date 07/02/2025","downloads\mptenders.gov.in\2025_MKVVC_401369_1\stage_summary_2025_MKVVC_401369_1.pdf"
"https://mptenders.gov.in","CABLE","AOC","111","2025_MKVVC_399432_1","[ESTIMATE for providing 17 no. Pole with LT line cable for street light purpose at third Lncer Road (M.H. Chauraha to cantonment Board and Gambhir Nursery ke Samne to singh ki Taal Baradari zone under city div. east gwl.)][DGM/STC/CITY/24-25/ 3047 dt. 29.01.2025]","Madhya Pradesh Madhya Kshetra Vidyut Vitaran Company Limited||MPMKVVCL - Regional Office Gwalior||MPMKVVCL - Gwalior O and M Circle||MPMKVVCL - STC Division","AOC","ESTIMATE for providing 17 no. Pole with LT line cable for street light purpose at third Lncer Road (M.H. Chauraha to cantonment Board and Gambhir Nursery ke Samne to singh ki Taal Baradari zone under city div. east gwl.)","DGM/STC/CITY/24-25/ 3047 dt. 29.01.2025","downloads\mptenders.gov.in\2025_MKVVC_399432_1\stage_summary_2025_MKVVC_399432_1.pdf"
"https://mptenders.gov.in","CABLE","AOC","112","2025_MKVVC_397512_1","[Estimate for Replacement of Damage / Burst 0.88 LT XLPE 95 Sqmm Cable at Various Location under Narmadapuram Zone- 2 D/c O and M Division Narmadapuram][DGM/STM-STC/Works/2024-25/106 Date 21/01/25]","Madhya Pradesh Madhya Kshetra Vidyut Vitaran Company Limited||MPMKVVCL - Regional Office Bhopal||MPMKVVCL - Hoshangabad||MPMKVVCL - (STC) Dn. H bad","AOC","Estimate for Replacement of Damage / Burst 0.88 LT XLPE 95 Sqmm Cable at Various Location under Narmadapuram Zone- 2 D/c O and M Division Narmadapuram","DGM/STM-STC/Works/2024-25/106 Date 21/01/25","downloads\mptenders.gov.in\2025_MKVVC_397512_1\stage_summary_2025_MKVVC_397512_1.pdf"
"https://mptenders.gov.in","CABLE","AOC","113","2025_MKVVC_397493_1","[Estimate for Replacement of LT cable at Village Mehragaon under Pathrota D/c O and M Divison Itarsi][DGM/STM-STC/Works/2024-25/104 Date 21/01/25]","Madhya Pradesh Madhya Kshetra Vidyut Vitaran Company Limited||MPMKVVCL - Regional Office Bhopal||MPMKVVCL - Hoshangabad||MPMKVVCL - (STC) Dn. H bad","AOC","Estimate for Replacement of LT cable at Village Mehragaon under Pathrota D/c O and M Divison Itarsi","DGM/STM-STC/Works/2024-25/104 Date 21/01/25","downloads\mptenders.gov.in\2025_MKVVC_397493_1\stage_summary_2025_MKVVC_397493_1.pdf"
"https://mptenders.gov.in","CABLE","AOC","114","2025_MKVVC_396036_1","[Estimate for Replacement of LT Cable 500 Meter 35 sqmm of 100 KVA DTR at Village Rampur under Gurra D/c Division Itarsi][DGM/STM-STC/Works/2024-25/103 Date 14/01/25]","Madhya Pradesh Madhya Kshetra Vidyut Vitaran Company Limited||MPMKVVCL - Regional Office Bhopal||MPMKVVCL - Hoshangabad||MPMKVVCL - (STC) Dn. H bad","AOC","Estimate for Replacement of LT Cable 500 Meter 35 sqmm of 100 KVA DTR at Village Rampur under Gurra D/c Division Itarsi","DGM/STM-STC/Works/2024-25/103 Date 14/01/25","downloads\mptenders.gov.in\2025_MKVVC_396036_1\stage_summary_2025_MKVVC_396036_1.pdf"
"https://mptenders.gov.in","CABLE","AOC","115","2025_MKVVC_396026_1","[Estimate for Conversion of LT Line from Bare conductor to Cable at Village - Kesla under Kesla DC of O and M Dn Itarsi.][DGM/STM-STC/Works/2024-25/102 Date 14/01/25]","Madhya Pradesh Madhya Kshetra Vidyut Vitaran Company Limited||MPMKVVCL - Regional Office Bhopal||MPMKVVCL - Hoshangabad||MPMKVVCL - (STC) Dn. H bad","AOC","Estimate for Conversion of LT Line from Bare conductor to Cable at Village - Kesla under Kesla DC of O and M Dn Itarsi.","DGM/STM-STC/Works/2024-25/102 Date 14/01/25","downloads\mptenders.gov.in\2025_MKVVC_396026_1\stage_summary_2025_MKVVC_396026_1.pdf"
"https://mptenders.gov.in","CABLE","AOC","116","2025_MKVVC_393936_1","[Estt. for replacement of dagmage Lt conductor at Village Bhadarbada, theft conductor Village- Sojna, Kuakhedi, and LT cable Hasua under Mirjapur DC (04 No Work)][ DY/GM/STC/Work2024-25/5377/01 dt 08.01.2025]","Madhya Pradesh Madhya Kshetra Vidyut Vitaran Company Limited||MPMKVVCL - Regional Office Bhopal||MPMKVVCL - Vidisha||MPMKVVCL - STC Division","AOC","Estt. for replacement of dagmage Lt conductor at Village Bhadarbada, theft conductor Village- Sojna, Kuakhedi, and LT cable Hasua under Mirjapur DC (04 No Work)","DY/GM/STC/Work2024-25/5377/01 dt 08.01.2025","downloads\mptenders.gov.in\2025_MKVVC_393936_1\stage_summary_2025_MKVVC_393936_1.pdf"
"https://mptenders.gov.in","CABLE","AOC","117","2025_MKVVC_392866_1","[Estimate for providing 3x300 sq.mm. XLPE cable for connected new 11 KV feeder at Rampur S/s under Shahpur D/c. under Betul North Dn in O and M Betul Circle][DGM/STC/BTL/5538 dt 03.01.2025]","Madhya Pradesh Madhya Kshetra Vidyut Vitaran Company Limited||MPMKVVCL - Regional Office Bhopal||MPMKVVCL - Betul||MPMKVVCL - STC Division","AOC","Estimate for providing 3x300 sq.mm. XLPE cable for connected new 11 KV feeder at Rampur S/s under Shahpur D/c. under Betul North Dn in O and M Betul Circle","DGM/STC/BTL/5538 dt 03.01.2025","downloads\mptenders.gov.in\2025_MKVVC_392866_1\stage_summary_2025_MKVVC_392866_1.pdf"
"https://mptenders.gov.in","CABLE","AOC","118","2025_MGCGV_460135_1","[e-tender for supply of Different types of Cables, Online UPS 30 KVA and High mast light ][140/Pur/etend/2nd call]","Mahatma Gandhi Chitrakoot Gramodaya Vishwavidyalaya","AOC","e-tender for supply of Different types of Cables, Online UPS 30 KVA and High mast light","140/Pur/etend/2nd call","downloads\mptenders.gov.in\2025_MGCGV_460135_1\stage_summary_2025_MGCGV_460135_1.pdf"
"https://mptenders.gov.in","CABLE","AOC","119","2025_DTCP_431021_1","[REMAINING WORK OF HT/LT LINE SHIFTING AND UNDERGROUND CABLE CROSSING WORK AT 60 M WIDE MR-11 ROAD OF IDA INDORE][IDA/ETENDER/2025/26/39]","Directorate of Town And Country Planning||Indore Development Authority - Indore","AOC","REMAINING WORK OF HT/LT LINE SHIFTING AND UNDERGROUND CABLE CROSSING WORK AT 60 M WIDE MR-11 ROAD OF IDA INDORE","IDA/ETENDER/2025/26/39","downloads\mptenders.gov.in\2025_DTCP_431021_1\stage_summary_2025_DTCP_431021_1.pdf"
"https://mptenders.gov.in","CABLE","AOC","120","2025_DHS_432761_1","[MCH Hospital 63 KVA DG Set Cable Connection to Labour Room n SNCU Ward Connectivity Work With Materi][MCH Hospital 63 KVA DG Set Cable Connection to Labour Room n SNCU Ward Connectivity Work With Materi]","Directorate of Health Services||CS District Ratlam","AOC","MCH Hospital 63 KVA DG Set Cable Connection to Labour Room n SNCU Ward Connectivity Work With Materi","MCH Hospital 63 KVA DG Set Cable Connection to Labour Room n SNCU Ward Connectivity Work With Materi",""
"https://etenders.hry.nic.in","CABLE","AOC","1","2026_HRY_517923_1","[PHESD No 3 Bhiwani Maintenance of Horizontal submersible pumping machinery for water works Booster T wells consisting mainly of motor pump control panel and cable at Pehladgarh Govindpura ][2026C7794C00 FC24 4B19 8210 9CA2F2309290553PUH]","Haryana Government||Engineer- in- Chief PHED Panchkula||Bhiwani Circle||Bhiwani PHED No. 1","AOC","PHESD No 3 Bhiwani Maintenance of Horizontal submersible pumping machinery for water works Booster T wells consisting mainly of motor pump control panel and cable at Pehladgarh Govindpura","2026C7794C00 FC24 4B19 8210 9CA2F2309290553PUH","downloads\etenders.hry.nic.in\2026_HRY_517923_1\stage_summary_2026_HRY_517923_1.pdf"
"https://etenders.hry.nic.in","CABLE","AOC","2","2026_HRY_517019_1","[Providing and Laying Cables and Brackets etc. for Maintenance of Lighting System in MC Palwal][2026D54570D0 34D0 492D A956 6E4924D1F352294ULB]","Haryana Government||Urban Local Bodies||MC Palwal","AOC","Providing and Laying Cables and Brackets etc. for Maintenance of Lighting System in MC Palwal","2026D54570D0 34D0 492D A956 6E4924D1F352294ULB","downloads\etenders.hry.nic.in\2026_HRY_517019_1\stage_summary_2026_HRY_517019_1.pdf"
"https://etenders.hry.nic.in","CABLE","AOC","3","2026_HRY_515478_1","[Replacement of U/G (underground) cables and switchgears of main panel at Ch. Ranbir Singh Hooda, Government Polytechnic, Hathnikund, at Distt Yamuna Nagar (recall)][2026A7D8E442 D9C1 4B34 A713 178D92BCE516663BAR]","Haryana Government||Engineer-in-Chief PW(B and R) Department||SE (Elect.) Karnal||EE Elect. Ambala","AOC","Replacement of U/G (underground) cables and switchgears of main panel at Ch. Ranbir Singh Hooda, Government Polytechnic, Hathnikund, at Distt Yamuna Nagar (recall)","2026A7D8E442 D9C1 4B34 A713 178D92BCE516663BAR","downloads\etenders.hry.nic.in\2026_HRY_515478_1\stage_summary_2026_HRY_515478_1.pdf"
"https://etenders.hry.nic.in","CABLE","AOC","4","2026_HRY_511416_1","[Providing Main LT Cable from Substation to Panel room in Judicial Complex at Samalkha, Distt. Panipat][20262469A748 C99A 4FAC B1B6 E503A0699702665BAR]","Haryana Government||Engineer-in-Chief PW(B and R) Department||SE (Elect.) Karnal||EE Elect. Karnal","AOC","Providing Main LT Cable from Substation to Panel room in Judicial Complex at Samalkha, Distt. Panipat","20262469A748 C99A 4FAC B1B6 E503A0699702665BAR","downloads\etenders.hry.nic.in\2026_HRY_511416_1\stage_summary_2026_HRY_511416_1.pdf"
"https://etenders.hry.nic.in","CABLE","AOC","5","2026_HRY_506927_1","[Replacement of main cable installed at judicial court Hathin in distt Palwal ( Pdg cable, Led Light fittings and Ceiling Fans)][2026EF4A200D BF0F 4EAF 89BE 00D3147D712E664BAR]","Haryana Government||Engineer-in-Chief PW(B and R) Department||SE (Elect.) Karnal||EE Elect. Gurgaon","AOC","Replacement of main cable installed at judicial court Hathin in distt Palwal ( Pdg cable, Led Light fittings and Ceiling Fans)","2026EF4A200D BF0F 4EAF 89BE 00D3147D712E664BAR","downloads\etenders.hry.nic.in\2026_HRY_506927_1\stage_summary_2026_HRY_506927_1.pdf"
"https://etenders.hry.nic.in","CABLE","AOC","6","2026_HRY_506710_1","[Const. of the proposed stadium at village Thol in Distt. Kurukshetra (Pdg. Lights for Basket Ball Ground and Cable for Submersible Pump) Recall][2026D49B5301 26E7 47FF AE3C DC64F0672C4A663BAR]","Haryana Government||Engineer-in-Chief PW(B and R) Department||SE (Elect.) Karnal||EE Elect. Ambala","AOC","Const. of the proposed stadium at village Thol in Distt. Kurukshetra (Pdg. Lights for Basket Ball Ground and Cable for Submersible Pump) Recall","2026D49B5301 26E7 47FF AE3C DC64F0672C4A663BAR","downloads\etenders.hry.nic.in\2026_HRY_506710_1\stage_summary_2026_HRY_506710_1.pdf"
"https://etenders.hry.nic.in","CABLE","AOC","7","2026_HRY_503392_1","[Replacement of street lights in campus of Judicial Court Complex at Hisar.( Pdg. MCCB, cable ,LED Batten balance work)][20266EA14114 05BC 4928 8B5B E8138E0831A7666BAR]","Haryana Government||Engineer-in-Chief PW(B and R) Department||SE (Elect.) Karnal||EE Elect. Hisar","AOC","Replacement of street lights in campus of Judicial Court Complex at Hisar.( Pdg. MCCB, cable ,LED Batten balance work)","20266EA14114 05BC 4928 8B5B E8138E0831A7666BAR","downloads\etenders.hry.nic.in\2026_HRY_503392_1\stage_summary_2026_HRY_503392_1.pdf"
"https://etenders.hry.nic.in","CABLE","AOC","8","2026_HRY_502743_1","[Construction of EVM and VVPATs Warehouse (4000 Unit) in the Campus of Mini Secretairt Complex at Hisar (Pdg. Spare Cable for 11 KV Substation )(Balance work) RECALL.][2026D7891CE0 FF34 44EE AC62 91A06FF31CA5666BAR]","Haryana Government||Engineer-in-Chief PW(B and R) Department||SE (Elect.) Karnal||EE Elect. Hisar","AOC","Construction of EVM and VVPATs Warehouse (4000 Unit) in the Campus of Mini Secretairt Complex at Hisar (Pdg. Spare Cable for 11 KV Substation )(Balance work) RECALL.","2026D7891CE0 FF34 44EE AC62 91A06FF31CA5666BAR","downloads\etenders.hry.nic.in\2026_HRY_502743_1\stage_summary_2026_HRY_502743_1.pdf"
"https://etenders.hry.nic.in","CABLE","AOC","9","2026_HRY_500540_1","[PURCHASE OF SMART CLASSROOM COMPONENTS (INTERACTIVE FLAT PANEL, OPS, STREAMING AND RECORDING DEVICE, DSP-CUM-AMPLIFIER (MAIN UNIT) WITH WIRELESS MICROPHONE SET, 12X PTZ CAMERA AND POE NETWORK SWITCH, RACKS CABLE AND MOUNTING) SUPPLY, INSTALLATION ETC][SPO951]","Haryana Government||Chaudhary Charan Singh Haryana Agricultural University||Store Purchase Organization","AOC","PURCHASE OF SMART CLASSROOM COMPONENTS (INTERACTIVE FLAT PANEL, OPS, STREAMING AND RECORDING DEVICE, DSP-CUM-AMPLIFIER (MAIN UNIT) WITH WIRELESS MICROPHONE SET, 12X PTZ CAMERA AND POE NETWORK SWITCH, RACKS CABLE AND MOUNTING) SUPPLY, INSTALLATION ETC","SPO951","downloads\etenders.hry.nic.in\2026_HRY_500540_1\stage_summary_2026_HRY_500540_1.pdf"
"https://etenders.hry.nic.in","CABLE","AOC","10","2026_HRY_499768_1","[Providing HT Cable from H Pole to Transformer in Judicial Court Sohna in Gurugram Distt.(RECALL)][202633310B5D 4BC5 4465 A057 501A414AAF0E664BAR]","Haryana Government||Engineer-in-Chief PW(B and R) Department||SE (Elect.) Karnal||EE Elect. Gurgaon","AOC","Providing HT Cable from H Pole to Transformer in Judicial Court Sohna in Gurugram Distt.(RECALL)","202633310B5D 4BC5 4465 A057 501A414AAF0E664BAR","downloads\etenders.hry.nic.in\2026_HRY_499768_1\stage_summary_2026_HRY_499768_1.pdf"
"https://etenders.hry.nic.in","CABLE","AOC","11","2026_HRY_498660_1","[Pdg. Underground cable in new Airside at Hisar Airport (Pdg. erection of flood Lights in 3 nos. Hanger) (balance work)][20263513BA85 CF6D 48C7 A456 8F47C8464FB2666BAR]","Haryana Government||Engineer-in-Chief PW(B and R) Department||SE (Elect.) Karnal||EE Elect. Hisar","AOC","Pdg. Underground cable in new Airside at Hisar Airport (Pdg. erection of flood Lights in 3 nos. Hanger) (balance work)","20263513BA85 CF6D 48C7 A456 8F47C8464FB2666BAR","downloads\etenders.hry.nic.in\2026_HRY_498660_1\stage_summary_2026_HRY_498660_1.pdf"
"https://etenders.hry.nic.in","CABLE","AOC","12","2026_HRY_497719_1","[Replacement of Main LT Cables of Record Room and Mini Sectt Fatehabad in Distt Fatehabad.( Pdg LT Panel and allied work.) RECALL][2026E41F8273 4E07 483B 9FD6 21D1C7366F97666BAR]","Haryana Government||Engineer-in-Chief PW(B and R) Department||SE (Elect.) Karnal||EE Elect. Hisar","AOC","Replacement of Main LT Cables of Record Room and Mini Sectt Fatehabad in Distt Fatehabad.( Pdg LT Panel and allied work.) RECALL","2026E41F8273 4E07 483B 9FD6 21D1C7366F97666BAR","downloads\etenders.hry.nic.in\2026_HRY_497719_1\stage_summary_2026_HRY_497719_1.pdf"
"https://etenders.hry.nic.in","CABLE","AOC","13","2026_HRY_496215_1","[Supply Erection and Commissioning of 02 No 20 Cs VT Pump along with all allied accessories ie Motor Panel Cables etc at Karela Pump House in WS Mech Sub Divn Jind][101/26A 09.01.2026]","Haryana Government||Irrigation Workshop Circle Karnal||WS Mech Divn Karnal","AOC","Supply Erection and Commissioning of 02 No 20 Cs VT Pump along with all allied accessories ie Motor Panel Cables etc at Karela Pump House in WS Mech Sub Divn Jind","101/26A 09.01.2026","downloads\etenders.hry.nic.in\2026_HRY_496215_1\stage_summary_2026_HRY_496215_1.pdf"
"https://etenders.hry.nic.in","CABLE","AOC","14","2026_HRY_495324_6","[SEC of 2no. 10Cs, 1no. 5Cs Axialmixed flow VT pumpwith 2No. 50HP E motor, 1no. 30HP E motor, 2No. 50HP, 1 no. 30HP ATS starter with cable at flood site RD9000 LC BBMB side, Bhiwani side and at flood site RD6000LC left sidenearKitlana Head at Charkhi][DNIT No. 134-153/37-A dated 07.01.2026]","Haryana Government||Irrigation LWS Circle Bhiwani||Loharu WS Mech Divn Charkhi Dadri","AOC","SEC of 2no. 10Cs, 1no. 5Cs Axialmixed flow VT pumpwith 2No. 50HP E motor, 1no. 30HP E motor, 2No. 50HP, 1 no. 30HP ATS starter with cable at flood site RD9000 LC BBMB side, Bhiwani side and at flood site RD6000LC left sidenearKitlana Head at Charkhi","DNIT No. 134-153/37-A dated 07.01.2026","downloads\etenders.hry.nic.in\2026_HRY_495324_6\stage_summary_2026_HRY_495324_6.pdf"
"https://etenders.hry.nic.in","CABLE","AOC","15","2026_HRY_495324_5","[S,E,C of 4 no. 5 Cs Axial mixed flow VT pump with 4 No. 30 HP E motor and 4 No. 30 HP ATS starter with cable for capacity enhancement at flood site RD21000 LC left side, RD17000 LC right side, RD13000 LC left and Right side in LWS M Sub dvn no 1 ][DNIT No. 134-153/37-A dated 07.01.2026]","Haryana Government||Irrigation LWS Circle Bhiwani||Loharu WS Mech Divn Charkhi Dadri","AOC","S,E,C of 4 no. 5 Cs Axial mixed flow VT pump with 4 No. 30 HP E motor and 4 No. 30 HP ATS starter with cable for capacity enhancement at flood site RD21000 LC left side, RD17000 LC right side, RD13000 LC left and Right side in LWS M Sub dvn no 1","DNIT No. 134-153/37-A dated 07.01.2026","downloads\etenders.hry.nic.in\2026_HRY_495324_5\stage_summary_2026_HRY_495324_5.pdf"
"https://etenders.hry.nic.in","CABLE","AOC","16","2026_HRY_495324_3","[Supply erection and commissioning of 03 no. 05 Cs Axial mixed flow VT pump with 03 No. 30 HP E motor and 03 No. 30 HP ATS starter with cable at flood site RD 1400 Misri Minor and RD 4500 Misri Minor at village Ghikara in LWS M Sub Divn No.1 Ch. Dadri][DNIT No. 134-153/37-A dated 07.01.2026]","Haryana Government||Irrigation LWS Circle Bhiwani||Loharu WS Mech Divn Charkhi Dadri","AOC","Supply erection and commissioning of 03 no. 05 Cs Axial mixed flow VT pump with 03 No. 30 HP E motor and 03 No. 30 HP ATS starter with cable at flood site RD 1400 Misri Minor and RD 4500 Misri Minor at village Ghikara in LWS M Sub Divn No.1 Ch. Dadri","DNIT No. 134-153/37-A dated 07.01.2026","downloads\etenders.hry.nic.in\2026_HRY_495324_3\stage_summary_2026_HRY_495324_3.pdf"
"https://etenders.hry.nic.in","CABLE","AOC","17","2026_HRY_495324_2","[Supply erection and commissioning of 02 No. 10 Cs Axial mixed flow VT pump with 02 No. 50 HP E motor and 02 No 50 HP ATS Starter with cable at flood site for capacity enhancement at RD 36000 LC at village Birhi Kalan in LWS M Sub Division No.1 Ch. Da][DNIT No. 134-153/37-A dated 07.01.2026]","Haryana Government||Irrigation LWS Circle Bhiwani||Loharu WS Mech Divn Charkhi Dadri","AOC","Supply erection and commissioning of 02 No. 10 Cs Axial mixed flow VT pump with 02 No. 50 HP E motor and 02 No 50 HP ATS Starter with cable at flood site for capacity enhancement at RD 36000 LC at village Birhi Kalan in LWS M Sub Division No.1 Ch. Da","DNIT No. 134-153/37-A dated 07.01.2026","downloads\etenders.hry.nic.in\2026_HRY_495324_2\stage_summary_2026_HRY_495324_2.pdf"
"https://etenders.hry.nic.in","CABLE","AOC","18","2026_HRY_495324_18","[Supply erection and commissioning of 02 No. 05 Cs Axial mixed flow VT pump with 02 Nos. 30 H.P. E motor and 02 no. 30 HP ATS starter with cable at flood site RD- 67500 Badhwana Disty at Village Ghasola in LWS Mech. Sub Division No. 1, Charkhi Dadri][DNIT No. 134-153/37-A dated 07.01.2026]","Haryana Government||Irrigation LWS Circle Bhiwani||Loharu WS Mech Divn Charkhi Dadri","AOC","Supply erection and commissioning of 02 No. 05 Cs Axial mixed flow VT pump with 02 Nos. 30 H.P. E motor and 02 no. 30 HP ATS starter with cable at flood site RD- 67500 Badhwana Disty at Village Ghasola in LWS Mech. Sub Division No. 1, Charkhi Dadri","DNIT No. 134-153/37-A dated 07.01.2026","downloads\etenders.hry.nic.in\2026_HRY_495324_18\stage_summary_2026_HRY_495324_18.pdf"
"https://etenders.hry.nic.in","CABLE","AOC","19","2026_HRY_495324_1","[Supply erection and commissioning of 03 No. 05 Cs Axial mixed flow VT pump with 03 Nos. 30 H.P. E motor and 03 no. 30 HP ATS starter with cable at RD 3000 Kitlana Disty. left side and RD 36000 Kitlana Disty. in LWS M Sub Division No.1 Ch. Dadri.][DNIT No. 134-153/37-A dated 07.01.2026]","Haryana Government||Irrigation LWS Circle Bhiwani||Loharu WS Mech Divn Charkhi Dadri","AOC","Supply erection and commissioning of 03 No. 05 Cs Axial mixed flow VT pump with 03 Nos. 30 H.P. E motor and 03 no. 30 HP ATS starter with cable at RD 3000 Kitlana Disty. left side and RD 36000 Kitlana Disty. in LWS M Sub Division No.1 Ch. Dadri.","DNIT No. 134-153/37-A dated 07.01.2026","downloads\etenders.hry.nic.in\2026_HRY_495324_1\stage_summary_2026_HRY_495324_1.pdf"
"https://etenders.hry.nic.in","CABLE","AOC","20","2026_HRY_494886_1","[Repair/ Replacement of Ceiling Fans, Exhaust Fans, Cable Fan in first and Second Floor and Street light existing in Judicial Complex Distt. Kaithal (Pdg. S/R to E.I. and Street Light).][202644FA9632 240E 413E 8A21 42744B965BE2665BAR]","Haryana Government||Engineer-in-Chief PW(B and R) Department||SE (Elect.) Karnal||EE Elect. Karnal","AOC","Repair/ Replacement of Ceiling Fans, Exhaust Fans, Cable Fan in first and Second Floor and Street light existing in Judicial Complex Distt. Kaithal (Pdg. S/R to E.I. and Street Light).","202644FA9632 240E 413E 8A21 42744B965BE2665BAR","downloads\etenders.hry.nic.in\2026_HRY_494886_1\stage_summary_2026_HRY_494886_1.pdf"
"https://etenders.hry.nic.in","CABLE","AOC","21","2026_HRY_494337_1","[Replacement of LT Power Cable in Govt. Industrial Training Institute, Nalwa Distt. Hisar][202672128772 8C6E 4B2F B0B0 C3227442711E666BAR]","Haryana Government||Engineer-in-Chief PW(B and R) Department||SE (Elect.) Karnal||EE Elect. Hisar","AOC","Replacement of LT Power Cable in Govt. Industrial Training Institute, Nalwa Distt. Hisar","202672128772 8C6E 4B2F B0B0 C3227442711E666BAR","downloads\etenders.hry.nic.in\2026_HRY_494337_1\stage_summary_2026_HRY_494337_1.pdf"
"https://etenders.hry.nic.in","CABLE","AOC","22","2026_HBC_512632_1","[REPLACEMENT OF PVC CABLE, PEDESTAL AND AUTOMATIC TIMER FOR STREET LIGHT IN VARIOUS SECTORS AT U/E KAITHAL STP SECTOR-21 AND SHOPPING CENTRE MANDI TOWNSHIP OPPOSITE BUS STAND PUNDRI. (INCLUDING THREE YEARS FREE MTC./ DEFECT LIABILITY PERIOD FREE OF CO][202661686193 1B3F 49E1 A0AD A32A9A4383F3245HSV]","Haryana Board Corporation||HUDA||Division Elect Panchkula","AOC","REPLACEMENT OF PVC CABLE, PEDESTAL AND AUTOMATIC TIMER FOR STREET LIGHT IN VARIOUS SECTORS AT U/E KAITHAL STP SECTOR-21 AND SHOPPING CENTRE MANDI TOWNSHIP OPPOSITE BUS STAND PUNDRI. (INCLUDING THREE YEARS FREE MTC./ DEFECT LIABILITY PERIOD FREE OF CO","202661686193 1B3F 49E1 A0AD A32A9A4383F3245HSV","downloads\etenders.hry.nic.in\2026_HBC_512632_1\stage_summary_2026_HBC_512632_1.pdf"
"https://etenders.hry.nic.in","CABLE","AOC","23","2026_HBC_511889_1","[Extending of Lowering of MS Pipe 80mm and 100mm and Submersible Cable NRV at various Pumping Installation in Sector 20 Panchkula][202688C70BCA 0647 4039 A137 2A7A8E2242ED269HSV]","Haryana Board Corporation||HUDA||PKL Division I","AOC","Extending of Lowering of MS Pipe 80mm and 100mm and Submersible Cable NRV at various Pumping Installation in Sector 20 Panchkula","202688C70BCA 0647 4039 A137 2A7A8E2242ED269HSV","downloads\etenders.hry.nic.in\2026_HBC_511889_1\stage_summary_2026_HBC_511889_1.pdf"
"https://etenders.hry.nic.in","CABLE","AOC","24","2026_HBC_511467_1","[Rewinding of Exciter Rotor Exciter Field AVR PF of 16 Sqmm Submersible Cable NRV Sluice Valve etc. complete at Plot No.73 in IA Ph I Panchkula][20264A52914C 8147 45D5 BDB4 91D98F8AA9C4269HSV]","Haryana Board Corporation||HUDA||PKL Division I","AOC","Rewinding of Exciter Rotor Exciter Field AVR PF of 16 Sqmm Submersible Cable NRV Sluice Valve etc. complete at Plot No.73 in IA Ph I Panchkula","20264A52914C 8147 45D5 BDB4 91D98F8AA9C4269HSV","downloads\etenders.hry.nic.in\2026_HBC_511467_1\stage_summary_2026_HBC_511467_1.pdf"
"https://etenders.hry.nic.in","CABLE","AOC","25","2026_HBC_511453_1","[Replacement of Burned Wornout Aluminium Cable MCCB NRV etc complete at T Well No. KV 10 in Ashiana in Sector 20 Panchkula][20263F76F315 FB56 4419 8AEC B22B70EA0A0F269HSV]","Haryana Board Corporation||HUDA||PKL Division I","AOC","Replacement of Burned Wornout Aluminium Cable MCCB NRV etc complete at T Well No. KV 10 in Ashiana in Sector 20 Panchkula","20263F76F315 FB56 4419 8AEC B22B70EA0A0F269HSV","downloads\etenders.hry.nic.in\2026_HBC_511453_1\stage_summary_2026_HBC_511453_1.pdf"
"https://etenders.hry.nic.in","CABLE","AOC","26","2026_HBC_508223_1","[PF of 120 Sqmm Single Core Copper Cable 150 mm MS Pipe etc. at Water Works in IA Ph I Panchkula][2026A4FA65F3 A2CC 4C04 8EF1 53605CB1CDF9269HSV]","Haryana Board Corporation||HUDA||PKL Division I","AOC","PF of 120 Sqmm Single Core Copper Cable 150 mm MS Pipe etc. at Water Works in IA Ph I Panchkula","2026A4FA65F3 A2CC 4C04 8EF1 53605CB1CDF9269HSV","downloads\etenders.hry.nic.in\2026_HBC_508223_1\stage_summary_2026_HBC_508223_1.pdf"
"https://etenders.hry.nic.in","CABLE","AOC","27","2026_HBC_508205_1","[Rew of Exiter Rotor Exiter Field AVR Prov and Fix of 16 Sqmm Submersible Cable NRV Sluice Valve etc. complete at Disposal in TWell No. G 10 in Sec 19 Panchkula][2026CA0F9E2B D2E6 4587 A2B0 9B6E4E3EF92A269HSV]","Haryana Board Corporation||HUDA||PKL Division I","AOC","Rew of Exiter Rotor Exiter Field AVR Prov and Fix of 16 Sqmm Submersible Cable NRV Sluice Valve etc. complete at Disposal in TWell No. G 10 in Sec 19 Panchkula","2026CA0F9E2B D2E6 4587 A2B0 9B6E4E3EF92A269HSV","downloads\etenders.hry.nic.in\2026_HBC_508205_1\stage_summary_2026_HBC_508205_1.pdf"
"https://etenders.hry.nic.in","CABLE","AOC","28","2026_HBC_508191_1","[PF of 95 Sqmm Single Core Copper Cable Changeover Switch MCCB etc. at Water Works in IA Ph I Panchkula][2026EA5671D4 638B 440D 9AF9 0D461382094B269HSV]","Haryana Board Corporation||HUDA||PKL Division I","AOC","PF of 95 Sqmm Single Core Copper Cable Changeover Switch MCCB etc. at Water Works in IA Ph I Panchkula","2026EA5671D4 638B 440D 9AF9 0D461382094B269HSV","downloads\etenders.hry.nic.in\2026_HBC_508191_1\stage_summary_2026_HBC_508191_1.pdf"
"https://etenders.hry.nic.in","CABLE","AOC","29","2026_HBC_507804_1","[Supply and Erection of 50 BHP Sub Pumping Set Cable NRV etc. and other Pumping Machinery Installation at New TWell at Rajiv Colony Sector 17 and New T Well in Sec 18 Panchkula][2026FD8A78FC 4CB5 437C BB61 A713FCA7EF4E269HSV]","Haryana Board Corporation||HUDA||PKL Division I","AOC","Supply and Erection of 50 BHP Sub Pumping Set Cable NRV etc. and other Pumping Machinery Installation at New TWell at Rajiv Colony Sector 17 and New T Well in Sec 18 Panchkula","2026FD8A78FC 4CB5 437C BB61 A713FCA7EF4E269HSV","downloads\etenders.hry.nic.in\2026_HBC_507804_1\stage_summary_2026_HBC_507804_1.pdf"
"https://etenders.hry.nic.in","CABLE","AOC","30","2026_HBC_507758_1","[Supplying and Jointing of 16 Sqmm Submersible Cable at various T Wells and Water Works in Sector 8 Panchkula][2026839E80AB 49BC 4842 AD6C DEBEC8A6A7C2269HSV]","Haryana Board Corporation||HUDA||PKL Division I","AOC","Supplying and Jointing of 16 Sqmm Submersible Cable at various T Wells and Water Works in Sector 8 Panchkula","2026839E80AB 49BC 4842 AD6C DEBEC8A6A7C2269HSV","downloads\etenders.hry.nic.in\2026_HBC_507758_1\stage_summary_2026_HBC_507758_1.pdf"
"https://etenders.hry.nic.in","CABLE","AOC","31","2026_HBC_507748_1","[Supplying and Jointing of 16 Sqmm Submersible Cable at various TWells in Sector 7 Panchkula.][2026878A71F3 DF05 4CB4 9CD8 165677A6EFD6269HSV]","Haryana Board Corporation||HUDA||PKL Division I","AOC","Supplying and Jointing of 16 Sqmm Submersible Cable at various TWells in Sector 7 Panchkula.","2026878A71F3 DF05 4CB4 9CD8 165677A6EFD6269HSV","downloads\etenders.hry.nic.in\2026_HBC_507748_1\stage_summary_2026_HBC_507748_1.pdf"
"https://etenders.hry.nic.in","CABLE","AOC","32","2026_HBC_506675_1","[Supplying and Jointing of 16 Sqmm Submersible Cable DWC Pipe and LT Cable at various TWells in Sector 7 Panchkula][2026468D86B0 D1F5 44F1 8D67 16EB467B2532269HSV]","Haryana Board Corporation||HUDA||PKL Division I","AOC","Supplying and Jointing of 16 Sqmm Submersible Cable DWC Pipe and LT Cable at various TWells in Sector 7 Panchkula","2026468D86B0 D1F5 44F1 8D67 16EB467B2532269HSV","downloads\etenders.hry.nic.in\2026_HBC_506675_1\stage_summary_2026_HBC_506675_1.pdf"
"https://etenders.hry.nic.in","CABLE","AOC","33","2026_HBC_506295_1","[Extending of Lowering Pipe and Submersible Cable Gravel Measuring Discharge for various Pumping Assets in Sector 7 Panchkula][2026C9061A1B 418E 4093 9752 1FF236609D5B269HSV]","Haryana Board Corporation||HUDA||PKL Division I","AOC","Extending of Lowering Pipe and Submersible Cable Gravel Measuring Discharge for various Pumping Assets in Sector 7 Panchkula","2026C9061A1B 418E 4093 9752 1FF236609D5B269HSV","downloads\etenders.hry.nic.in\2026_HBC_506295_1\stage_summary_2026_HBC_506295_1.pdf"
"https://etenders.hry.nic.in","CABLE","AOC","34","2026_HBC_505682_1","[Providing New Cables for Existing High Masts and New ACSR Conductor for Connections of New Booths in NGM at Israna.][2026DB138E94 0074 465B 8716 4ECE552219FD869HSA]","Haryana Board Corporation||Haryana State Agricultural State Marketing Board||Panchkula Elect Circle||Panchkula Elect","AOC","Providing New Cables for Existing High Masts and New ACSR Conductor for Connections of New Booths in NGM at Israna.","2026DB138E94 0074 465B 8716 4ECE552219FD869HSA","downloads\etenders.hry.nic.in\2026_HBC_505682_1\stage_summary_2026_HBC_505682_1.pdf"
"https://etenders.hry.nic.in","CABLE","AOC","35","2026_HBC_505118_1","[PF of MS Column Pipe and Submersible Cable for extending of lowering NRV Sluice Valve for Water Supply Assets at various TWells in Sector 1 Panchkula][2026FA8CF4DB BD01 407B ACAB 1232B5CC07D8269HSV]","Haryana Board Corporation||HUDA||PKL Division I","AOC","PF of MS Column Pipe and Submersible Cable for extending of lowering NRV Sluice Valve for Water Supply Assets at various TWells in Sector 1 Panchkula","2026FA8CF4DB BD01 407B ACAB 1232B5CC07D8269HSV","downloads\etenders.hry.nic.in\2026_HBC_505118_1\stage_summary_2026_HBC_505118_1.pdf"
"https://etenders.hry.nic.in","CABLE","AOC","36","2026_HBC_504804_1","[Repair to APFC Control Panel Replacement of Old Power Capacitors and Damaged APFC Relays LT Cable Earthing and Lighting arrestor at Water Works in Sector 3 Panchkula][2026AA5C5409 224B 49B0 8159 A9F1F6805474269HSV]","Haryana Board Corporation||HUDA||PKL Division I","AOC","Repair to APFC Control Panel Replacement of Old Power Capacitors and Damaged APFC Relays LT Cable Earthing and Lighting arrestor at Water Works in Sector 3 Panchkula","2026AA5C5409 224B 49B0 8159 A9F1F6805474269HSV","downloads\etenders.hry.nic.in\2026_HBC_504804_1\stage_summary_2026_HBC_504804_1.pdf"
"https://etenders.hry.nic.in","CABLE","AOC","37","2026_HBC_504211_1","[HEW-567 cable Sec-12][20263FF80A35 760C 4D58 9001 B959CC8CA3E7364HSV]","Haryana Board Corporation||HUDA||Electrical Division Faridabad","AOC","HEW-567 cable Sec-12","20263FF80A35 760C 4D58 9001 B959CC8CA3E7364HSV","downloads\etenders.hry.nic.in\2026_HBC_504211_1\stage_summary_2026_HBC_504211_1.pdf"
"https://etenders.hry.nic.in","CABLE","AOC","38","2026_HBC_503580_1","[REPLACEMENT OF BURNT CABLE, LED STREET LIGHTS, MCCB AND OTHER ALLIED WORK ON DIVIDING ROAD OF SEC-24 AND 25 TOWARDS HANUMAN MANDIR U/E PANCHKULA. (RATES TAKEN IN DNIT EXCLUSIVE GST) (INCLUDING THREE YEARS FREE MTC. AND DEFECT LIABILITY PERIOD FREE OF][2026ACA93F6D 37E3 4CED B575 DA54B4E7FCB1245HSV]","Haryana Board Corporation||HUDA||Division Elect Panchkula","AOC","REPLACEMENT OF BURNT CABLE, LED STREET LIGHTS, MCCB AND OTHER ALLIED WORK ON DIVIDING ROAD OF SEC-24 AND 25 TOWARDS HANUMAN MANDIR U/E PANCHKULA. (RATES TAKEN IN DNIT EXCLUSIVE GST) (INCLUDING THREE YEARS FREE MTC. AND DEFECT LIABILITY PERIOD FREE OF","2026ACA93F6D 37E3 4CED B575 DA54B4E7FCB1245HSV","downloads\etenders.hry.nic.in\2026_HBC_503580_1\stage_summary_2026_HBC_503580_1.pdf"
"https://etenders.hry.nic.in","CABLE","AOC","39","2026_HBC_503231_1","[Supplying Erection Testing and Commissioning of Submersible Pumping Machinery along with Control Panel Delivery Pipe Submersible Cable CI Specials etc. at New Pumping installation at Sector 8 Panchkula][2026B7355BB7 24C1 414A 9331 A2325BB6FF73269HSV]","Haryana Board Corporation||HUDA||PKL Division I","AOC","Supplying Erection Testing and Commissioning of Submersible Pumping Machinery along with Control Panel Delivery Pipe Submersible Cable CI Specials etc. at New Pumping installation at Sector 8 Panchkula","2026B7355BB7 24C1 414A 9331 A2325BB6FF73269HSV","downloads\etenders.hry.nic.in\2026_HBC_503231_1\stage_summary_2026_HBC_503231_1.pdf"
"https://etenders.hry.nic.in","CABLE","AOC","40","2026_HBC_503203_1","[Supplying Erection Testing and Commissioning of Submersible Pumping Machinery along with Control Panel Delivery Pipe Submersible Cable CI Specials etc. at New Pumping installation at T Well No. M 27 in Sector 9 Panchkula][202682E7C43C F5ED 4B8D BFBD 7B5C12EC0434269HSV]","Haryana Board Corporation||HUDA||PKL Division I","AOC","Supplying Erection Testing and Commissioning of Submersible Pumping Machinery along with Control Panel Delivery Pipe Submersible Cable CI Specials etc. at New Pumping installation at T Well No. M 27 in Sector 9 Panchkula","202682E7C43C F5ED 4B8D BFBD 7B5C12EC0434269HSV","downloads\etenders.hry.nic.in\2026_HBC_503203_1\stage_summary_2026_HBC_503203_1.pdf"
"https://etenders.hry.nic.in","CABLE","AOC","41","2026_HBC_503163_1","[Providing and Fixing of Chlorine Mixture and Supplying and Jointing of 10 Sqmm Submersible Cable MCCB etc. complete at Water Works in Sector 20 Panchkula][202669AC11EB 36E6 45D5 AEBA 315D6B52C4DA269HSV]","Haryana Board Corporation||HUDA||PKL Division I","AOC","Providing and Fixing of Chlorine Mixture and Supplying and Jointing of 10 Sqmm Submersible Cable MCCB etc. complete at Water Works in Sector 20 Panchkula","202669AC11EB 36E6 45D5 AEBA 315D6B52C4DA269HSV","downloads\etenders.hry.nic.in\2026_HBC_503163_1\stage_summary_2026_HBC_503163_1.pdf"
"https://etenders.hry.nic.in","CABLE","AOC","42","2026_HBC_502646_1","[HEW 158 supply of 10 mm cable for submersible in green belt for watering of Supply and shrub plants for sec - 59 Faridabad][2026E2900D0D 5F00 47A6 AFCE 53891C936B9B264HSV]","Haryana Board Corporation||HUDA||Division Hort Faridabad","AOC","HEW 158 supply of 10 mm cable for submersible in green belt for watering of Supply and shrub plants for sec - 59 Faridabad","2026E2900D0D 5F00 47A6 AFCE 53891C936B9B264HSV","downloads\etenders.hry.nic.in\2026_HBC_502646_1\stage_summary_2026_HBC_502646_1.pdf"
"https://etenders.hry.nic.in","CABLE","AOC","43","2026_HBC_502031_1","[Replacement of Submersible Cable 10 Sqmm and 80mm dia GI Lowering Pipe due to cable cutting at the time of lowering of Motor at T Well No.5 in Sector 10 Panchkula][2025B7E70BA3 493F 4C6F A837 83CA6FB8E92A269HSV]","Haryana Board Corporation||HUDA||PKL Division I","AOC","Replacement of Submersible Cable 10 Sqmm and 80mm dia GI Lowering Pipe due to cable cutting at the time of lowering of Motor at T Well No.5 in Sector 10 Panchkula","2025B7E70BA3 493F 4C6F A837 83CA6FB8E92A269HSV","downloads\etenders.hry.nic.in\2026_HBC_502031_1\stage_summary_2026_HBC_502031_1.pdf"
"https://etenders.hry.nic.in","CABLE","AOC","44","2026_HBC_502025_1","[Extending of Lowering Pipe and Submersible Cable Gravel for various Pumping Assets in Sector 16 and 17 Panchkula][2025665A57AF 37BE 4D89 AFCB C844957E8328269HSV]","Haryana Board Corporation||HUDA||PKL Division I","AOC","Extending of Lowering Pipe and Submersible Cable Gravel for various Pumping Assets in Sector 16 and 17 Panchkula","2025665A57AF 37BE 4D89 AFCB C844957E8328269HSV","downloads\etenders.hry.nic.in\2026_HBC_502025_1\stage_summary_2026_HBC_502025_1.pdf"
"https://etenders.hry.nic.in","CABLE","AOC","45","2026_HBC_500738_1","[Extension of Lowering MS Pipe and Submersible Cable of various sizes at various Pumping Installation due to low level of portable water in various T Wells in Sector 4 Panchkula][2025FD5B61F6 AE17 4BC4 B8BC A78D4B026869269HSV]","Haryana Board Corporation||HUDA||PKL Division I","AOC","Extension of Lowering MS Pipe and Submersible Cable of various sizes at various Pumping Installation due to low level of portable water in various T Wells in Sector 4 Panchkula","2025FD5B61F6 AE17 4BC4 B8BC A78D4B026869269HSV","downloads\etenders.hry.nic.in\2026_HBC_500738_1\stage_summary_2026_HBC_500738_1.pdf"
"https://etenders.hry.nic.in","CABLE","AOC","46","2026_HBC_500719_1","[Extending of Lowering Pipe and Submersible Cable Gravel Measuring Discharge for Extending of Lowering Pipe and Submersible Cable Gravel Measuring Discharge for various Pumping Assets in Sector 3 Panchkula.][2025A6EEDB55 4B8A 42EF 8927 8608C4EF94A3269HSV]","Haryana Board Corporation||HUDA||PKL Division I","AOC","Extending of Lowering Pipe and Submersible Cable Gravel Measuring Discharge for Extending of Lowering Pipe and Submersible Cable Gravel Measuring Discharge for various Pumping Assets in Sector 3 Panchkula.","2025A6EEDB55 4B8A 42EF 8927 8608C4EF94A3269HSV","downloads\etenders.hry.nic.in\2026_HBC_500719_1\stage_summary_2026_HBC_500719_1.pdf"
"https://etenders.hry.nic.in","CABLE","AOC","47","2026_HBC_499845_1","[Providing and Fixing of Changeover Switch 16 Sqmm Submersible Cable and C.I Specials etc. at T Well No. M 8 Peer Baba Amartax and T Well near HSEB in I A Ph I Panchkula][202516292A68 7D86 4C71 8AB8 347D926A1DDF269HSV]","Haryana Board Corporation||HUDA||PKL Division I","AOC","Providing and Fixing of Changeover Switch 16 Sqmm Submersible Cable and C.I Specials etc. at T Well No. M 8 Peer Baba Amartax and T Well near HSEB in I A Ph I Panchkula","202516292A68 7D86 4C71 8AB8 347D926A1DDF269HSV","downloads\etenders.hry.nic.in\2026_HBC_499845_1\stage_summary_2026_HBC_499845_1.pdf"
"https://etenders.hry.nic.in","CABLE","AOC","48","2026_HBC_499793_1","[Providing and Fixing of Power Capacitor 10 KVAR 16 Sqmm Submersible Cable and C.I Specials etc. at T Well No. KV 1 KV 2 KV 3 and KV 5 in Sector 20 Panchkula][20258F9856FC 1941 4C0B 8C51 C7BBE9DC0EC8269HSV]","Haryana Board Corporation||HUDA||PKL Division I","AOC","Providing and Fixing of Power Capacitor 10 KVAR 16 Sqmm Submersible Cable and C.I Specials etc. at T Well No. KV 1 KV 2 KV 3 and KV 5 in Sector 20 Panchkula","20258F9856FC 1941 4C0B 8C51 C7BBE9DC0EC8269HSV","downloads\etenders.hry.nic.in\2026_HBC_499793_1\stage_summary_2026_HBC_499793_1.pdf"
"https://etenders.hry.nic.in","CABLE","AOC","49","2026_HBC_499770_1","[Supplying Erection Testing and Commissioning of Submersible Pumping Set 35 BHP Control Panel and Submersible Cable 16 Sqmm three core at Boosting Station in Sector 10 Panchkula][202533E7CD3F E17B 4E84 8324 E9A626776947269HSV]","Haryana Board Corporation||HUDA||PKL Division I","AOC","Supplying Erection Testing and Commissioning of Submersible Pumping Set 35 BHP Control Panel and Submersible Cable 16 Sqmm three core at Boosting Station in Sector 10 Panchkula","202533E7CD3F E17B 4E84 8324 E9A626776947269HSV","downloads\etenders.hry.nic.in\2026_HBC_499770_1\stage_summary_2026_HBC_499770_1.pdf"
"https://etenders.hry.nic.in","CABLE","AOC","50","2026_HBC_499619_1","[Supplying and Jointing of Submersible Cable 16 Sqmm Finolex make at various T Wells in Golf Course in Sector 3 Panchkula][202677212A37 F1E9 44DF 95E7 6CDA45F7BD15269HSV]","Haryana Board Corporation||HUDA||PKL Division I","AOC","Supplying and Jointing of Submersible Cable 16 Sqmm Finolex make at various T Wells in Golf Course in Sector 3 Panchkula","202677212A37 F1E9 44DF 95E7 6CDA45F7BD15269HSV","downloads\etenders.hry.nic.in\2026_HBC_499619_1\stage_summary_2026_HBC_499619_1.pdf"
"https://etenders.hry.nic.in","CABLE","AOC","51","2026_HBC_498391_1","[REPLACEMENT OF LED STREET LIGHT CABLES AND OTHER ALLIED WORKS IN SHOPPING CENTRE OPPOSITE BUS STAND MANDI TOWNSHIP PUNDRI. (INCLUDING THREE YEARS FREE MTC. AND DEFECT LIABILITY PERIOD FREE OF COST) ( RATES TAKEN IN DNIT EXCLUSIVE GST)][20267038AE04 57D6 48AF 8E2D D914979D5F03245HSV]","Haryana Board Corporation||HUDA||Division Elect Panchkula","AOC","REPLACEMENT OF LED STREET LIGHT CABLES AND OTHER ALLIED WORKS IN SHOPPING CENTRE OPPOSITE BUS STAND MANDI TOWNSHIP PUNDRI. (INCLUDING THREE YEARS FREE MTC. AND DEFECT LIABILITY PERIOD FREE OF COST) ( RATES TAKEN IN DNIT EXCLUSIVE GST)","20267038AE04 57D6 48AF 8E2D D914979D5F03245HSV","downloads\etenders.hry.nic.in\2026_HBC_498391_1\stage_summary_2026_HBC_498391_1.pdf"
"https://etenders.hry.nic.in","CABLE","AOC","52","2026_HBC_496230_1","[LT CABLES][ROHTAKSUGAR PUR/10.01.2026/04]","Haryana Board Corporation||Haryana SugarFed||Rohtak Coop. Sugar Mill","AOC","LT CABLES","ROHTAKSUGAR PUR/10.01.2026/04","downloads\etenders.hry.nic.in\2026_HBC_496230_1\stage_summary_2026_HBC_496230_1.pdf"
"https://etenders.hry.nic.in","CABLE","AOC","53","2026_HBC_494821_1","[Extending of Lowering due to low water level, PF of MS Pipe and Submersible Cable at T/Well No.3 and 4 and Setting up uninterrupted Power Supply at various T/Wells in Sector- 10, Panchkula.][20253B061681 8AA1 41B0 B721 168F7FDAC093269HSV]","Haryana Board Corporation||HUDA||PKL Division I","AOC","Extending of Lowering due to low water level, PF of MS Pipe and Submersible Cable at T/Well No.3 and 4 and Setting up uninterrupted Power Supply at various T/Wells in Sector- 10, Panchkula.","20253B061681 8AA1 41B0 B721 168F7FDAC093269HSV","downloads\etenders.hry.nic.in\2026_HBC_494821_1\stage_summary_2026_HBC_494821_1.pdf"
"https://etenders.hry.nic.in","CABLE","AOC","54","2026_HBC_494818_1","[Extraction of Felt Submersible Cable, Delivery Pipe and Submersible Motor Pump Set in Borewell, Breaking of Ring and Hiring of Borewell Camera and Clearance of Borewell at T/Well No.3 in Sector-10, Panchkula.][2025CA7D457E C513 4A7A B569 AE6118CCF336269HSV]","Haryana Board Corporation||HUDA||PKL Division I","AOC","Extraction of Felt Submersible Cable, Delivery Pipe and Submersible Motor Pump Set in Borewell, Breaking of Ring and Hiring of Borewell Camera and Clearance of Borewell at T/Well No.3 in Sector-10, Panchkula.","2025CA7D457E C513 4A7A B569 AE6118CCF336269HSV","downloads\etenders.hry.nic.in\2026_HBC_494818_1\stage_summary_2026_HBC_494818_1.pdf"
"https://etenders.hry.nic.in","CABLE","AOC","55","2025_HRY_493326_1","[Estimate for Providing and laying RMCM-40 Grade with provision of P-Traps at VM School road and Khalsa Cable road in Parvatiya Colony in ward no.05 NIT Faridabad.][202555F65595 89FC 47D6 9469 EC3596610EC5284ULB]","Haryana Government||Urban Local Bodies||Faridabad","AOC","Estimate for Providing and laying RMCM-40 Grade with provision of P-Traps at VM School road and Khalsa Cable road in Parvatiya Colony in ward no.05 NIT Faridabad.","202555F65595 89FC 47D6 9469 EC3596610EC5284ULB","downloads\etenders.hry.nic.in\2025_HRY_493326_1\stage_summary_2025_HRY_493326_1.pdf"
"https://etenders.hry.nic.in","CABLE","AOC","56","2025_HRY_484223_1","[Construction of Additional Storey (2nd Floor) in the Building of Mini Sectt. SDO (Civil)/Tehsil Complex Hansi in Distt. Hisar (Pdg. Main Cable and Nitch Work in SDO Civil Complex at Hansi in Distt. Hisar) RECALL][202586B09563 42B3 44B6 8592 EF1218BEDA57666BAR]","Haryana Government||Engineer-in-Chief PW(B and R) Department||SE (Elect.) Karnal||EE Elect. Hisar","AOC","Construction of Additional Storey (2nd Floor) in the Building of Mini Sectt. SDO (Civil)/Tehsil Complex Hansi in Distt. Hisar (Pdg. Main Cable and Nitch Work in SDO Civil Complex at Hansi in Distt. Hisar) RECALL","202586B09563 42B3 44B6 8592 EF1218BEDA57666BAR","downloads\etenders.hry.nic.in\2025_HRY_484223_1\stage_summary_2025_HRY_484223_1.pdf"
"https://etenders.hry.nic.in","CABLE","AOC","57","2025_HRY_483673_2","[Re-E-Tender Supply and Laying of XLPE LT aluminium conductor armoured cable of different sizes at Pump Houses MD-1 to 6 of M.Garh Disty in M.Garh W.S Mech. Division, Narnaul][No. 6171-84/9-A Dated 13/11/2025]","Haryana Government||Irrigation JLN WS Circle Narnaul||Mohindergarh WS Mech Divn Narnaul","AOC","Re-E-Tender Supply and Laying of XLPE LT aluminium conductor armoured cable of different sizes at Pump Houses MD-1 to 6 of M.Garh Disty in M.Garh W.S Mech. Division, Narnaul","No. 6171-84/9-A Dated 13/11/2025","downloads\etenders.hry.nic.in\2025_HRY_483673_2\stage_summary_2025_HRY_483673_2.pdf"
"https://etenders.hry.nic.in","CABLE","AOC","58","2025_HRY_482712_1","[Providing and fixing and commissioning of Additional 1000 KVA Packaged Substation, PSS, HT LT Cables, LT Main Panel,Power Factor panel etc, for Sinchai Bhawan in Building of Irrigation at Sec-5,Panchkula.][202558C557CB E672 4692 A110 A029FA3F5C7A508IRR]","Haryana Government||Irrigation SYL WS Circle Ambala||WS Divn Panchkula","AOC","Providing and fixing and commissioning of Additional 1000 KVA Packaged Substation, PSS, HT LT Cables, LT Main Panel,Power Factor panel etc, for Sinchai Bhawan in Building of Irrigation at Sec-5,Panchkula.","202558C557CB E672 4692 A110 A029FA3F5C7A508IRR","downloads\etenders.hry.nic.in\2025_HRY_482712_1\stage_summary_2025_HRY_482712_1.pdf"
"https://etenders.hry.nic.in","CABLE","AOC","59","2025_HRY_482571_1","[Construction of Community Health Centre with Residential Accommodation at Baragudha in Distt. Sirsa (PDG. Fire Alarm System, Cable for Pump Room, Wiring for Check Post and Allied Material Only).(Balance Work). RECALL][20258F29ECAF 8EBF 48F8 B34E 4BD3A9DE18AC666BAR]","Haryana Government||Engineer-in-Chief PW(B and R) Department||SE (Elect.) Karnal||EE Elect. Hisar","AOC","Construction of Community Health Centre with Residential Accommodation at Baragudha in Distt. Sirsa (PDG. Fire Alarm System, Cable for Pump Room, Wiring for Check Post and Allied Material Only).(Balance Work). RECALL","20258F29ECAF 8EBF 48F8 B34E 4BD3A9DE18AC666BAR","downloads\etenders.hry.nic.in\2025_HRY_482571_1\stage_summary_2025_HRY_482571_1.pdf"
"https://etenders.hry.nic.in","CABLE","AOC","60","2025_HRY_481321_1","[Pdg. DG set in Sub Divisional Civil Hospital at Mandi Adampur in Distt. Hisar (Pdg. cable to various nitches).][20250E5AEE21 0A75 439D 96BF 05DF386793D1666BAR]","Haryana Government||Engineer-in-Chief PW(B and R) Department||SE (Elect.) Karnal||EE Elect. Hisar","AOC","Pdg. DG set in Sub Divisional Civil Hospital at Mandi Adampur in Distt. Hisar (Pdg. cable to various nitches).","20250E5AEE21 0A75 439D 96BF 05DF386793D1666BAR","downloads\etenders.hry.nic.in\2025_HRY_481321_1\stage_summary_2025_HRY_481321_1.pdf"
"https://etenders.hry.nic.in","CABLE","AOC","61","2025_HRY_480791_1","[Estimate for changing 95 mm electric armoured cable in Fish Market Water Boosting Station In Ward No. 04, Ballabgarh.][202545586911 184A 457D BDC4 6904A1667076284ULB]","Haryana Government||Urban Local Bodies||Faridabad","AOC","Estimate for changing 95 mm electric armoured cable in Fish Market Water Boosting Station In Ward No. 04, Ballabgarh.","202545586911 184A 457D BDC4 6904A1667076284ULB","downloads\etenders.hry.nic.in\2025_HRY_480791_1\stage_summary_2025_HRY_480791_1.pdf"
"https://etenders.hry.nic.in","CABLE","AOC","62","2025_HRY_479230_1","[Construction of Community Health Centre with Residential accommodation at Baragudha in Distt. Sirsa (PDG.Cable for Pump Room, Wiring for Check Post and Allied Material Only ).][20255F16BB53 F387 44AC A319 E5F8ABCF4F82666BAR]","Haryana Government||Engineer-in-Chief PW(B and R) Department||SE (Elect.) Karnal||EE Elect. Hisar","AOC","Construction of Community Health Centre with Residential accommodation at Baragudha in Distt. Sirsa (PDG.Cable for Pump Room, Wiring for Check Post and Allied Material Only ).","20255F16BB53 F387 44AC A319 E5F8ABCF4F82666BAR","downloads\etenders.hry.nic.in\2025_HRY_479230_1\stage_summary_2025_HRY_479230_1.pdf"
"https://etenders.hry.nic.in","CABLE","AOC","63","2025_HRY_477325_1","[Supply, Errection and Commissioning of PVC XLPE armoured of LT power cable for the pump house NLD-4 of Nolpur Disty. Under W.S Mech. Sub Division No. 2, Narnaul][5630-47/9-A Dated 09/10/2025]","Haryana Government||Irrigation JLN WS Circle Narnaul||Mohindergarh WS Mech Divn Narnaul","AOC","Supply, Errection and Commissioning of PVC XLPE armoured of LT power cable for the pump house NLD-4 of Nolpur Disty. Under W.S Mech. Sub Division No. 2, Narnaul","5630-47/9-A Dated 09/10/2025","downloads\etenders.hry.nic.in\2025_HRY_477325_1\stage_summary_2025_HRY_477325_1.pdf"
"https://etenders.hry.nic.in","CABLE","AOC","64","2025_HRY_475850_1","[Replacement of Air Conditioning System (173 Nos.) in Judicial Courts Complex, Ambala (Pdg. Main Cable and Load Bank for AC ODUs) (Recall)][2025E3A9B3DA DC61 4EF0 85AA D66D9341FEA6663BAR]","Haryana Government||Engineer-in-Chief PW(B and R) Department||SE (Elect.) Karnal||EE Elect. Ambala","AOC","Replacement of Air Conditioning System (173 Nos.) in Judicial Courts Complex, Ambala (Pdg. Main Cable and Load Bank for AC ODUs) (Recall)","2025E3A9B3DA DC61 4EF0 85AA D66D9341FEA6663BAR","downloads\etenders.hry.nic.in\2025_HRY_475850_1\stage_summary_2025_HRY_475850_1.pdf"
"https://etenders.hry.nic.in","CABLE","AOC","65","2025_HRY_475646_1","[Replacement of Main LT Cables of Record Room and Mini Sectt Fatehabad in Distt Fatehabad][2025DAA0C998 3E1C 4DFB AD84 D10191190188666BAR]","Haryana Government||Engineer-in-Chief PW(B and R) Department||SE (Elect.) Karnal||EE Elect. Hisar","AOC","Replacement of Main LT Cables of Record Room and Mini Sectt Fatehabad in Distt Fatehabad","2025DAA0C998 3E1C 4DFB AD84 D10191190188666BAR","downloads\etenders.hry.nic.in\2025_HRY_475646_1\stage_summary_2025_HRY_475646_1.pdf"
"https://etenders.hry.nic.in","CABLE","AOC","66","2025_HRY_474142_1","[Providing and laying XLP AB Cable for CCMS panel on revenue road and streets and installation of new PCC poles ward 1 to ward 15 in MC Kundli.][2025546EF149 7EC2 4A60 B7EA 5A32DEE302A21676ULB]","Haryana Government||Urban Local Bodies||MC Kundli","AOC","Providing and laying XLP AB Cable for CCMS panel on revenue road and streets and installation of new PCC poles ward 1 to ward 15 in MC Kundli.","2025546EF149 7EC2 4A60 B7EA 5A32DEE302A21676ULB","downloads\etenders.hry.nic.in\2025_HRY_474142_1\stage_summary_2025_HRY_474142_1.pdf"
"https://etenders.hry.nic.in","CABLE","AOC","67","2025_HRY_468862_1","[Estimate for Providing Submersible Pumps, Control Panels, Electrical Cables and Allied Materials for Ghata, New/Old Gwal Pahari, Baliyawas, Bandhwari, Kadarpur, Behrampur, Ullawas, and Sector 55 (Blocks A, A1, B, C, D, G) Sushant Lok-II and Sector 55][2025A1E94BE6 FF5A 4D26 935F B5FD126A1E7A285ULB]","Haryana Government||Urban Local Bodies||MC Gurgaon","AOC","Estimate for Providing Submersible Pumps, Control Panels, Electrical Cables and Allied Materials for Ghata, New/Old Gwal Pahari, Baliyawas, Bandhwari, Kadarpur, Behrampur, Ullawas, and Sector 55 (Blocks A, A1, B, C, D, G) Sushant Lok-II and Sector 55","2025A1E94BE6 FF5A 4D26 935F B5FD126A1E7A285ULB","downloads\etenders.hry.nic.in\2025_HRY_468862_1\stage_summary_2025_HRY_468862_1.pdf"
"https://etenders.hry.nic.in","CABLE","AOC","68","2025_HRY_468661_1","[Reinvited for Construction of A.C. Plant Room and electrical cable trench near New State of Art Modern Mortuary Complex in PGIMS, Rohtak.][2025ED8AD97A 324B 4330 8FAD DF68E157126A654BAR]","Haryana Government||Engineer-in-Chief PW(B and R) Department||SE Rohtak||EE PD-4 Rohtak","AOC","Reinvited for Construction of A.C. Plant Room and electrical cable trench near New State of Art Modern Mortuary Complex in PGIMS, Rohtak.","2025ED8AD97A 324B 4330 8FAD DF68E157126A654BAR",""
"https://etenders.hry.nic.in","CABLE","AOC","69","2025_HRY_466925_1","[Special Repair Including Toilets in the Campus of DCH Rohtak (Providing Underground Cable only)][202505EA0143 A7B4 4585 B94B 57543E311CC4667BAR]","Haryana Government||Engineer-in-Chief PW(B and R) Department||SE (Elect.) Karnal||EE Elect. Rohtak","AOC","Special Repair Including Toilets in the Campus of DCH Rohtak (Providing Underground Cable only)","202505EA0143 A7B4 4585 B94B 57543E311CC4667BAR",""
"https://etenders.hry.nic.in","CABLE","AOC","70","2025_HRY_466664_6","[S,E,C of 1No.5Cs VTpump with 1No. 30HPEmotor and1no. 30HPATSstarter with cablesandaccessories and selfprimpingelectricdriven endsuction HZ Centrifugalpumping set 150mmx200mm with primemover 40HP,1440 RPMand2no.deliverypipe 8inch dia 20ft at Sarupgarh][DNIT No. 6564-83/37-A dated 21.08.2025]","Haryana Government||Irrigation LWS Circle Bhiwani||Loharu WS Mech Divn Charkhi Dadri","AOC","S,E,C of 1No.5Cs VTpump with 1No. 30HPEmotor and1no. 30HPATSstarter with cablesandaccessories and selfprimpingelectricdriven endsuction HZ Centrifugalpumping set 150mmx200mm with primemover 40HP,1440 RPMand2no.deliverypipe 8inch dia 20ft at Sarupgarh","DNIT No. 6564-83/37-A dated 21.08.2025",""
"https://uktenders.gov.in","CABLES","AOC","1","2026_pwd_90764_1","[Supply and laying of Electric Cables and DWC Pipe in Reconstruction and Restoration of Shri Kedarnath Town and Surrounding Areas under CSR for Overall Infrastructure Development Electrical Work.][28/7CB(I)-11/2025-26 Dated 05.01.2026]","PWD||11th Circle Dehradun","AOC","Supply and laying of Electric Cables and DWC Pipe in Reconstruction and Restoration of Shri Kedarnath Town and Surrounding Areas under CSR for Overall Infrastructure Development Electrical Work.","28/7CB(I)-11/2025-26 Dated 05.01.2026","downloads\uktenders.gov.in\2026_pwd_90764_1\stage_summary_2026_pwd_90764_1.pdf"
"https://uktenders.gov.in","CABLES","AOC","2","2025_PTC21_81312_1","[Replacement of old and damaged un-armoured control cables in 220KV and 132KV switchyards at 220KV S/s, Haldwani under 220KV OandM Division, PTCUL, Haldwani][CE/OandM/PTCUL/HLD/131/2024-25 ]","MD (Power Transmisison Corporation of Uttarakhand Limited)||CE (T and C)","AOC","Replacement of old and damaged un-armoured control cables in 220KV and 132KV switchyards at 220KV S/s, Haldwani under 220KV OandM Division, PTCUL, Haldwani","CE/OandM/PTCUL/HLD/131/2024-25","downloads\uktenders.gov.in\2025_PTC21_81312_1\stage_summary_2025_PTC21_81312_1.pdf"
"https://uktenders.gov.in","CABLES","AOC","3","2025_PTC21_79575_1","[Supply and installation of additional 110 Volt battery bank alongwith cables at 132KV S/s, Ramnagar under OandM Division, PTCUL, Kashipur][CE(OandM)/PTCUL/HLD/87/2024-25]","MD (Power Transmisison Corporation of Uttarakhand Limited)||CE (T and C)","AOC","Supply and installation of additional 110 Volt battery bank alongwith cables at 132KV S/s, Ramnagar under OandM Division, PTCUL, Kashipur","CE(OandM)/PTCUL/HLD/87/2024-25","downloads\uktenders.gov.in\2025_PTC21_79575_1\stage_summary_2025_PTC21_79575_1.pdf"
"https://uktenders.gov.in","CABLES","AOC","4","2025_DSC_84345_1","[Electric Wire and Cables][167]","Executive Director (Doiwala Sugar Company Ltd. Doiwala Dehradun)","AOC","Electric Wire and Cables","167","downloads\uktenders.gov.in\2025_DSC_84345_1\stage_summary_2025_DSC_84345_1.pdf"
"https://uktenders.gov.in","CABLES","AOC","5","2024_UJVN_67133_1","[Supply of various copper cables and aluminium cables required for electrical maintenance work at Sharda Power House Lohiahead][24/SPH/2023-24]","MD- UJVN||Director (Operation)||GM (GV)||EE (M), Lohiyahead","AOC","Supply of various copper cables and aluminium cables required for electrical maintenance work at Sharda Power House Lohiahead","24/SPH/2023-24","downloads\uktenders.gov.in\2024_UJVN_67133_1\stage_summary_2024_UJVN_67133_1.pdf"
"https://uktenders.gov.in","CABLES","AOC","6","2024_DSC_73541_1","[Electric Wire and Cables][374]","Executive Director (Doiwala Sugar Company Ltd. Doiwala Dehradun)","AOC","Electric Wire and Cables","374","downloads\uktenders.gov.in\2024_DSC_73541_1\stage_summary_2024_DSC_73541_1.pdf"
"https://uktenders.gov.in","CABLES","AOC","7","2023_PTCUX_65910_1","[PROVIDING, LAYING AND TERMINATION OF CONTROL AND POWER CABLES THROUGH MARSHALLING BOX AT 132 KV SUBSTATION, SRINAGAR GARHWAL][T-11/SE(OandM)S/2023-24]","MD (Power Transmisison Corporation of Uttarakhand Limited)||C.E.(O/M) Garhwal Zone Roorkee||SE (O/M) Srinagar","AOC","PROVIDING, LAYING AND TERMINATION OF CONTROL AND POWER CABLES THROUGH MARSHALLING BOX AT 132 KV SUBSTATION, SRINAGAR GARHWAL","T-11/SE(OandM)S/2023-24","downloads\uktenders.gov.in\2023_PTCUX_65910_1\stage_summary_2023_PTCUX_65910_1.pdf"
"https://uktenders.gov.in","CABLES","AOC","8","2022_PTCUX_53164_1","[Work of Repairing of trench covers, trenches carrying 415/220V, AC/DC cables and associated work at 220KV SIDCUL, Haridwar][T-26/SE OandMCR/2022-23]","MD (Power Transmisison Corporation of Uttarakhand Limited)||C.E.(O/M) Garhwal Zone Roorkee","AOC","Work of Repairing of trench covers, trenches carrying 415/220V, AC/DC cables and associated work at 220KV SIDCUL, Haridwar","T-26/SE OandMCR/2022-23","downloads\uktenders.gov.in\2022_PTCUX_53164_1\stage_summary_2022_PTCUX_53164_1.pdf"
"https://uktenders.gov.in","CABLES","AOC","9","2021_pwd_38299_1","[Supply, Installation, Testing and Commissioning of Electric Panel and Cables under C.S.R. Head of Reconstruction and Restoration of Shri Kedarnath Dham and Surrounding Areas ][3753/7CB(I)-11/2021]","PWD||11th Circle Dehradun","AOC","Supply, Installation, Testing and Commissioning of Electric Panel and Cables under C.S.R. Head of Reconstruction and Restoration of Shri Kedarnath Dham and Surrounding Areas","3753/7CB(I)-11/2021","downloads\uktenders.gov.in\2021_pwd_38299_1\stage_summary_2021_pwd_38299_1.pdf"
"https://coalindiatenders.nic.in","WIRES","AOC","1","2026_CCL_353187_1","[Re-arrangement, Dismantling and Erection of 4 wires, 440V O/H line at different locations of kedla washery under Hazaribagh Area.][PO/KW/E-Tender/25-26/80 Date 14.02.2026]","Central Coalfields Limited||Hazaribag","AOC","Re-arrangement, Dismantling and Erection of 4 wires, 440V O/H line at different locations of kedla washery under Hazaribagh Area.","PO/KW/E-Tender/25-26/80 Date 14.02.2026","downloads\coalindiatenders.nic.in\2026_CCL_353187_1\stage_summary_2026_CCL_353187_1.pdf"
"https://coalindiatenders.nic.in","WIRES","AOC","2","2025_CCL_343991_20","[Repairing, maintenance and overhauling of 55 nos 1.5 Te AC along with replacement of damaged service wires and AC boxes at various locations under CCD, GM unit, Dhori Area.][GM(D)/SO(EnM)/NIT/25-26/15]","Central Coalfields Limited||Dhori","AOC","Repairing, maintenance and overhauling of 55 nos 1.5 Te AC along with replacement of damaged service wires and AC boxes at various locations under CCD, GM unit, Dhori Area.","GM(D)/SO(EnM)/NIT/25-26/15","downloads\coalindiatenders.nic.in\2025_CCL_343991_20\stage_summary_2025_CCL_343991_20.pdf"
"https://coalindiatenders.nic.in","WIRES","AOC","3","2025_CCL_343582_1","[Day-to-day activity of replacement of deteriorated electric board switches, sockets, LED bulbs, tube light, fan regulators, plug top, ceiling rose, wires etc. in all the offices and others places excluding residential building wherever are required][PE(EnM)/TNOCP/Tender/25-26/26]","Central Coalfields Limited||Hazaribag","AOC","Day-to-day activity of replacement of deteriorated electric board switches, sockets, LED bulbs, tube light, fan regulators, plug top, ceiling rose, wires etc. in all the offices and others places excluding residential building wherever are required","PE(EnM)/TNOCP/Tender/25-26/26","downloads\coalindiatenders.nic.in\2025_CCL_343582_1\stage_summary_2025_CCL_343582_1.pdf"
"https://coalindiatenders.nic.in","WIRES","AOC","4","2025_CCL_331039_1","[Repairing and heightening poles by attaching 3 to 4 feet of GI pipes to extend their height, along with the installation of stay wires at various points along the HT feeder to ensure stability and support at different location of the JOCP under Hzb A][PO/JOCP/EnM/Tender/24-25/33]","Central Coalfields Limited||Hazaribag","AOC","Repairing and heightening poles by attaching 3 to 4 feet of GI pipes to extend their height, along with the installation of stay wires at various points along the HT feeder to ensure stability and support at different location of the JOCP under Hzb A","PO/JOCP/EnM/Tender/24-25/33","downloads\coalindiatenders.nic.in\2025_CCL_331039_1\stage_summary_2025_CCL_331039_1.pdf"
"https://coalindiatenders.nic.in","WIRES","AOC","5","2025_CCL_328490_1","[The changing of load cells along with complete steel/metal conduiting of the load cell wires from load cell till junction box and digitizer of Giridih OC Mine and also supply and fitting of jumbo displays in all three road weighbridges of Giridih.][SO(EnM)/GRD/E-NIT/24-25/40 DT 10.02.2025]","Central Coalfields Limited||Giridih Area","AOC","The changing of load cells along with complete steel/metal conduiting of the load cell wires from load cell till junction box and digitizer of Giridih OC Mine and also supply and fitting of jumbo displays in all three road weighbridges of Giridih.","SO(EnM)/GRD/E-NIT/24-25/40 DT 10.02.2025","downloads\coalindiatenders.nic.in\2025_CCL_328490_1\stage_summary_2025_CCL_328490_1.pdf"
"https://coalindiatenders.nic.in","WIRES","AOC","6","2025_CCL_325470_1","[Maintaining earth continuity by erection of earth wires and earth pits with replacement of insulators for re-strengthening of the both overall 11 KV O.H. Lines from KOCP Substation to JOCP main Substation at Jharkhand OCP, Hazaribagh Area][GM(H)/EnM/Tender/24-25/46]","Central Coalfields Limited||Hazaribag","AOC","Maintaining earth continuity by erection of earth wires and earth pits with replacement of insulators for re-strengthening of the both overall 11 KV O.H. Lines from KOCP Substation to JOCP main Substation at Jharkhand OCP, Hazaribagh Area","GM(H)/EnM/Tender/24-25/46","downloads\coalindiatenders.nic.in\2025_CCL_325470_1\stage_summary_2025_CCL_325470_1.pdf"
"https://coalindiatenders.nic.in","WIRES","AOC","7","2025_BCCL_333000_1","[ERECTION OF EARTH CONTINUITY WIRES, STAY SET, CRADLE GUARD AND OTHER MAINTENANCE WORK OF FEEDER NO 01 11 KV FROM HURRILADIH HOSPITAL TAPPING POINT 04 POLE TO BURRAGRH SUB-STATION UNDER BURRAGRH COLLIERY. ][BCCL/PBA/AM(EnM)/2024-25/155 dated-20.03.2025]","Bharat Coking Coal Limited||BCCL_PB AREA","AOC","ERECTION OF EARTH CONTINUITY WIRES, STAY SET, CRADLE GUARD AND OTHER MAINTENANCE WORK OF FEEDER NO 01 11 KV FROM HURRILADIH HOSPITAL TAPPING POINT 04 POLE TO BURRAGRH SUB-STATION UNDER BURRAGRH COLLIERY.","BCCL/PBA/AM(EnM)/2024-25/155 dated-20.03.2025","downloads\coalindiatenders.nic.in\2025_BCCL_333000_1\stage_summary_2025_BCCL_333000_1.pdf"
"https://coalindiatenders.nic.in","WIRES","AOC","8","2025_BCCL_330255_1","[Repairing of barricading entry/exit weighbridge platform SBC,KNC and concealling load cell wires using GI pipe road weighbridge SA][GM/SA/AM(EnM)-NIT/2024-25/220]","Bharat Coking Coal Limited||BCCL_SIJUA AREA","AOC","Repairing of barricading entry/exit weighbridge platform SBC,KNC and concealling load cell wires using GI pipe road weighbridge SA","GM/SA/AM(EnM)-NIT/2024-25/220","downloads\coalindiatenders.nic.in\2025_BCCL_330255_1\stage_summary_2025_BCCL_330255_1.pdf"
"https://coalindiatenders.nic.in","WIRES","AOC","9","2024_NCL_315218_1","[Removal of burnt electrical components, cables/wires, Re-wiring of complete machine, testing and commissioning work BE8/ M2, (EXC-2473) Jayant Project.][JNT/GM(Excv)/E-tender/24-25/42]","Northern Coalfields Limited||Jayant Project","AOC","Removal of burnt electrical components, cables/wires, Re-wiring of complete machine, testing and commissioning work BE8/ M2, (EXC-2473) Jayant Project.","JNT/GM(Excv)/E-tender/24-25/42","downloads\coalindiatenders.nic.in\2024_NCL_315218_1\stage_summary_2024_NCL_315218_1.pdf"
"https://coalindiatenders.nic.in","WIRES","AOC","10","2024_MCL_316847_1","[Providing and fixing of LED fountain light with SMPS unit and waterproof cables/wires at Eco Park of Mine No-4, OSA.][MCL/GM/OA/EnM/e-Ten/24-25/12 Dtd-06.09.2024]","Mahanadi Coalfields Limited||ORIENT AREA||ORIEN_E AND M||E AND M","AOC","Providing and fixing of LED fountain light with SMPS unit and waterproof cables/wires at Eco Park of Mine No-4, OSA.","MCL/GM/OA/EnM/e-Ten/24-25/12 Dtd-06.09.2024","downloads\coalindiatenders.nic.in\2024_MCL_316847_1\stage_summary_2024_MCL_316847_1.pdf"
"https://coalindiatenders.nic.in","WIRES","AOC","11","2024_CCL_320399_1","[Day to day binding of open window of rail wagon by GI wires as per direction of EIC at the time of rail wagon dispatched at Bachra siding under CHP CPP.][GM(PPR)/Civil/24-25 /2502]","Central Coalfields Limited||Piparwar","AOC","Day to day binding of open window of rail wagon by GI wires as per direction of EIC at the time of rail wagon dispatched at Bachra siding under CHP CPP.","GM(PPR)/Civil/24-25 /2502","downloads\coalindiatenders.nic.in\2024_CCL_320399_1\stage_summary_2024_CCL_320399_1.pdf"
"https://coalindiatenders.nic.in","WIRES","AOC","12","2024_CCL_311080_1","[Erection of earth wires for providing earth continuity for 11kV incoming line from KDH SS, 3.3kV face pump fdr, 3.3kV 32 No. pump fdr, 3.3kV Shovel Fdr, 3.3kV Mohan Nagar, 11kV Township Fdr, 3.3kV Crusher Fdr and 11kV Rail WB Fdr under Dakra OCP][GM (NK)/EnM/e-NIT/2024-25/ 87]","Central Coalfields Limited||NK Dakara","AOC","Erection of earth wires for providing earth continuity for 11kV incoming line from KDH SS, 3.3kV face pump fdr, 3.3kV 32 No. pump fdr, 3.3kV Shovel Fdr, 3.3kV Mohan Nagar, 11kV Township Fdr, 3.3kV Crusher Fdr and 11kV Rail WB Fdr under Dakra OCP","GM (NK)/EnM/e-NIT/2024-25/ 87","downloads\coalindiatenders.nic.in\2024_CCL_311080_1\stage_summary_2024_CCL_311080_1.pdf"
"https://coalindiatenders.nic.in","WIRES","AOC","13","2024_CCL_303360_4","[Repairing/ maintenance and complete changing of shackle and pin insulators of 440V 5 wires OH line at Lambi Centre in respect of Bokaro Colliery][CCL/BnK/Bokaro/EnM /23-24/28]","Central Coalfields Limited||B&K","AOC","Repairing/ maintenance and complete changing of shackle and pin insulators of 440V 5 wires OH line at Lambi Centre in respect of Bokaro Colliery","CCL/BnK/Bokaro/EnM /23-24/28","downloads\coalindiatenders.nic.in\2024_CCL_303360_4\stage_summary_2024_CCL_303360_4.pdf"
"https://coalindiatenders.nic.in","WIRES","AOC","14","2024_CCL_302485_1","[Repairing and maintenance work of 4 wires, 415V Overhead line][PO/KW/e-Tender/23-24/121, dated 23.02.2024]","Central Coalfields Limited||Hazaribag","AOC","Repairing and maintenance work of 4 wires, 415V Overhead line","PO/KW/e-Tender/23-24/121, dated 23.02.2024","downloads\coalindiatenders.nic.in\2024_CCL_302485_1\stage_summary_2024_CCL_302485_1.pdf"
"https://coalindiatenders.nic.in","WIRES","AOC","15","2024_CCL_298797_1","[Ensuring earth continuity through earth wires and provision of cradling guard at required spans in the 3.3 KV O.H. colony feeder at Jharkhand OCP, Hazaribagh Area.][PO/JOCP/EnM/Tender/23-24/34 ]","Central Coalfields Limited||Hazaribag","AOC","Ensuring earth continuity through earth wires and provision of cradling guard at required spans in the 3.3 KV O.H. colony feeder at Jharkhand OCP, Hazaribagh Area.","PO/JOCP/EnM/Tender/23-24/34","downloads\coalindiatenders.nic.in\2024_CCL_298797_1\stage_summary_2024_CCL_298797_1.pdf"
"https://coalindiatenders.nic.in","WIRES","AOC","16","2024_CCL_297527_1","[Ensuring earth continuity through earth wires and provision of cradling guard at required spans with re-strengthening of the overall 11 KV O.H. Line from KOCP Substation to laiyo Substation at Jharkhand OCP, Hazaribagh Area][GM(H)/EnM/Tender/23-24/60 ]","Central Coalfields Limited||Hazaribag","AOC","Ensuring earth continuity through earth wires and provision of cradling guard at required spans with re-strengthening of the overall 11 KV O.H. Line from KOCP Substation to laiyo Substation at Jharkhand OCP, Hazaribagh Area","GM(H)/EnM/Tender/23-24/60","downloads\coalindiatenders.nic.in\2024_CCL_297527_1\stage_summary_2024_CCL_297527_1.pdf"
"https://coalindiatenders.nic.in","WIRES","AOC","17","2024_BCCL_303651_1","[MAINTENANCE OF 2.2KV O/H LINE 3 WIRE AT NEAR KUTORE CLUB AND 550V, 3 WIRE AT NEAR OLD KUSTORE AREA OFFICE, 4 WIRES AT NEAR 10 PIT CISF BARACK LINE AND 3 WIRE AT NEAR R/HOSPITAL UNDER CWS KUSTORE.][BCCL/PBA/AM(EnM)/2023-24/88 dated-04.03.2024]","Bharat Coking Coal Limited||BCCL_PB AREA","AOC","MAINTENANCE OF 2.2KV O/H LINE 3 WIRE AT NEAR KUTORE CLUB AND 550V, 3 WIRE AT NEAR OLD KUSTORE AREA OFFICE, 4 WIRES AT NEAR 10 PIT CISF BARACK LINE AND 3 WIRE AT NEAR R/HOSPITAL UNDER CWS KUSTORE.","BCCL/PBA/AM(EnM)/2023-24/88 dated-04.03.2024","downloads\coalindiatenders.nic.in\2024_BCCL_303651_1\stage_summary_2024_BCCL_303651_1.pdf"
"https://coalindiatenders.nic.in","WIRES","AOC","18","2024_BCCL_303463_1","[SANCTION FOR MAINTENANCE OF 440V, AND 220V, O/H LINE 4 WIRES AND 2 WIRES UNDER CWS KUSTORE.][BCCL/PBA/AM(EnM)/2023-24/87 dated-02.03.2024]","Bharat Coking Coal Limited||BCCL_PB AREA","AOC","SANCTION FOR MAINTENANCE OF 440V, AND 220V, O/H LINE 4 WIRES AND 2 WIRES UNDER CWS KUSTORE.","BCCL/PBA/AM(EnM)/2023-24/87 dated-02.03.2024","downloads\coalindiatenders.nic.in\2024_BCCL_303463_1\stage_summary_2024_BCCL_303463_1.pdf"
"https://coalindiatenders.nic.in","WIRES","AOC","19","2023_CCL_289716_1","[Replacement of deteriorated electric board switches, sockets, LED bulbs, tube light, fan regulators, plugtop, ceiling rose, wires etc in all the offices and others places wherever are required at Tapin North OCP Hazaribagh Area][PE(EnM)/TNOCP/Tender/23-24/06]","Central Coalfields Limited||Hazaribag","AOC","Replacement of deteriorated electric board switches, sockets, LED bulbs, tube light, fan regulators, plugtop, ceiling rose, wires etc in all the offices and others places wherever are required at Tapin North OCP Hazaribagh Area","PE(EnM)/TNOCP/Tender/23-24/06","downloads\coalindiatenders.nic.in\2023_CCL_289716_1\stage_summary_2023_CCL_289716_1.pdf"
"https://coalindiatenders.nic.in","WIRES","AOC","20","2023_CCL_284803_12","[Repairing cum replacing of damaged LT switches and replacing damaged service wires at Different locations within area of IWSP, BnK Area][SO(EnM)/e-tender/23-24/09 ]","Central Coalfields Limited||B&K","AOC","Repairing cum replacing of damaged LT switches and replacing damaged service wires at Different locations within area of IWSP, BnK Area","SO(EnM)/e-tender/23-24/09","downloads\coalindiatenders.nic.in\2023_CCL_284803_12\stage_summary_2023_CCL_284803_12.pdf"
"https://coalindiatenders.nic.in","WIRES","AOC","21","2023_CCL_282889_1","[Erection of earth wires for providing earth continuity in 6.6 kV Feeders (05 and 06), 3.3 kV Feeder (09 and 12) from New Sub-station and Old Sub-station respectively to the sumps and mines of KDH OCP, NK Area][GM (NK)/EnM/e-NIT/2023-24/ 71]","Central Coalfields Limited||NK Dakara","AOC","Erection of earth wires for providing earth continuity in 6.6 kV Feeders (05 and 06), 3.3 kV Feeder (09 and 12) from New Sub-station and Old Sub-station respectively to the sumps and mines of KDH OCP, NK Area","GM (NK)/EnM/e-NIT/2023-24/ 71","downloads\coalindiatenders.nic.in\2023_CCL_282889_1\stage_summary_2023_CCL_282889_1.pdf"
"https://coalindiatenders.nic.in","WIRES","AOC","22","2023_CCL_282112_1","[Erection of earth wires for providing earth continuity in 3.3kV Fd No. 10 from Old SS to Subhash Nagar Officer club and 11kV Fd from Old SS to KD Old Colony and providing and fixing of lightening arrestor in 3.3kV and 11kV HT OH Line of KDH OCP][GM (NK)/EnM/e-NIT/2023-24/ 52]","Central Coalfields Limited||NK Dakara","AOC","Erection of earth wires for providing earth continuity in 3.3kV Fd No. 10 from Old SS to Subhash Nagar Officer club and 11kV Fd from Old SS to KD Old Colony and providing and fixing of lightening arrestor in 3.3kV and 11kV HT OH Line of KDH OCP","GM (NK)/EnM/e-NIT/2023-24/ 52","downloads\coalindiatenders.nic.in\2023_CCL_282112_1\stage_summary_2023_CCL_282112_1.pdf"
"https://coalindiatenders.nic.in","WIRES","AOC","23","2023_CCL_279861_1","[Additional copper pipes, wires, drain pipes and gas charging and other necessary arrangement for re- installation of 28 Nos. 1.5 tone split Air conditioners at proposed GM office at Amrapali OCP Under A-C Area][GM(AC)/SO(EnM)/e-NIT/23-24/09]","Central Coalfields Limited||Magadh and Amrapali","AOC","Additional copper pipes, wires, drain pipes and gas charging and other necessary arrangement for re- installation of 28 Nos. 1.5 tone split Air conditioners at proposed GM office at Amrapali OCP Under A-C Area","GM(AC)/SO(EnM)/e-NIT/23-24/09","downloads\coalindiatenders.nic.in\2023_CCL_279861_1\stage_summary_2023_CCL_279861_1.pdf"
"https://coalindiatenders.nic.in","WIRES","AOC","24","2023_CCL_269937_1","[Providing 440 V, 3 phase, 4 wires O/H line to construction site of 20 MW solar plants from Silo /RLS under CHP/CPP, PPR.][PE(Elect.)/CHP/e-NIT/22-23/83]","Central Coalfields Limited||Piparwar","AOC","Providing 440 V, 3 phase, 4 wires O/H line to construction site of 20 MW solar plants from Silo /RLS under CHP/CPP, PPR.","PE(Elect.)/CHP/e-NIT/22-23/83","downloads\coalindiatenders.nic.in\2023_CCL_269937_1\stage_summary_2023_CCL_269937_1.pdf"
"https://coalindiatenders.nic.in","WIRES","AOC","25","2023_BCCL_293985_1","[MAINTENANCE OF 11 KV, 440V O/H LINE 4 WIRES UNDER KUSTORE COLLIERY][BCCL/PBA/AM(EnM)/2023-24/68 dated-17.11.2023]","Bharat Coking Coal Limited||BCCL_PB AREA","AOC","MAINTENANCE OF 11 KV, 440V O/H LINE 4 WIRES UNDER KUSTORE COLLIERY","BCCL/PBA/AM(EnM)/2023-24/68 dated-17.11.2023","downloads\coalindiatenders.nic.in\2023_BCCL_293985_1\stage_summary_2023_BCCL_293985_1.pdf"
"https://coalindiatenders.nic.in","WIRES","AOC","26","2023_BCCL_293974_1","[MAINTENANCE OF 11 KV, 440V/550V/220V/2.2 KV O/H LINE 4 WIRES UNDER CWS KUSTORE][BCCL/PBA/AM(EnM)/2023-24/67 dated-17.11.2023]","Bharat Coking Coal Limited||BCCL_PB AREA","AOC","MAINTENANCE OF 11 KV, 440V/550V/220V/2.2 KV O/H LINE 4 WIRES UNDER CWS KUSTORE","BCCL/PBA/AM(EnM)/2023-24/67 dated-17.11.2023",""
"https://coalindiatenders.nic.in","WIRES","AOC","27","2022_WCL_265221_1","[Replacement of electrical switch boards, rewiring, replacement of MCBs, distribution boards, service wires of quarters, Manoranjan Kendra, Dispensary and providing and fitting of street lights, terminal box of Urjagram Colony, WA under Mission Sehat][wa4350-enm-0063-2022-23]","Western Coalfields Limited||Wani||Wani_E and M","AOC","Replacement of electrical switch boards, rewiring, replacement of MCBs, distribution boards, service wires of quarters, Manoranjan Kendra, Dispensary and providing and fitting of street lights, terminal box of Urjagram Colony, WA under Mission Sehat","wa4350-enm-0063-2022-23",""
"https://coalindiatenders.nic.in","WIRES","AOC","28","2022_CCL_255244_1","[Replacement of deteriorated electric board switches, sockets, LED bulbs, tube light, fan regulators ceiling rose, wires etc in all the offices and others places wherever are required at Tapin North OCP Hazaribagh Area][PE(EnM)/TNOCP/Tender/22-23/24]","Central Coalfields Limited||Hazaribag","AOC","Replacement of deteriorated electric board switches, sockets, LED bulbs, tube light, fan regulators ceiling rose, wires etc in all the offices and others places wherever are required at Tapin North OCP Hazaribagh Area","PE(EnM)/TNOCP/Tender/22-23/24",""
"https://coalindiatenders.nic.in","WIRES","AOC","29","2022_CCL_246982_1","[Maintenance of 33kV Tie Line with replacement of 01 No. damaged TP structure and earth wires of 33kV OH Tie Line in between new and old Substation of KDH OCP, NK Area][GM (NK)/EnM/e-NIT/2022-23/ 31 ]","Central Coalfields Limited||NK Dakara","AOC","Maintenance of 33kV Tie Line with replacement of 01 No. damaged TP structure and earth wires of 33kV OH Tie Line in between new and old Substation of KDH OCP, NK Area","GM (NK)/EnM/e-NIT/2022-23/ 31",""
"https://coalindiatenders.nic.in","WIRES","AOC","30","2022_CCL_238916_1","[Extension of LT OH line for providing proper illumination at Departmental and SAINIK Mining working face and the transport road near face sump area after increasing number of wires on the existing overhead line for load distribution under Ashok OCP][PO(AK)/PE(EnM)/e-NIT/21-22/281]","Central Coalfields Limited||Piparwar","AOC","Extension of LT OH line for providing proper illumination at Departmental and SAINIK Mining working face and the transport road near face sump area after increasing number of wires on the existing overhead line for load distribution under Ashok OCP","PO(AK)/PE(EnM)/e-NIT/21-22/281",""
"https://coalindiatenders.nic.in","WIRES","AOC","31","2022_BCCL_264841_1","[Maintenance of 11KV, 440V/550V/2.2 KV O/H line 4 wires under CWS Kustore][BCCL/PBA/AM(EnM)/2022-23/100 dated- 13.12.2022]","Bharat Coking Coal Limited||BCCL_PB AREA","AOC","Maintenance of 11KV, 440V/550V/2.2 KV O/H line 4 wires under CWS Kustore","BCCL/PBA/AM(EnM)/2022-23/100 dated- 13.12.2022",""
"https://coalindiatenders.nic.in","WIRES","AOC","32","2022_BCCL_256402_1","[Work of Rewiring/Restoration of Telephone, TV and Internet cables and wires in CMD Office at Level- III inside Koyla Bhawan Office building HQ.][BCCL/TCP/531]","Bharat Coking Coal Limited||BCCL-Hqrs||HQ_EnM","AOC","Work of Rewiring/Restoration of Telephone, TV and Internet cables and wires in CMD Office at Level- III inside Koyla Bhawan Office building HQ.","BCCL/TCP/531",""
"https://coalindiatenders.nic.in","WIRES","AOC","33","2022_BCCL_228622_1","[Maintenance of 11KV, 440V/550V/220V O/H line 4 wires under CWS Kustore PB Area.][ BCCL/PBA/AM(EnM)/2021-22/99, dated- 03.01.2022 ]","Bharat Coking Coal Limited||BCCL_PB AREA","AOC","Maintenance of 11KV, 440V/550V/220V O/H line 4 wires under CWS Kustore PB Area.","BCCL/PBA/AM(EnM)/2021-22/99, dated- 03.01.2022",""
"https://coalindiatenders.nic.in","WIRES","AOC","34","2021_WCL_228364_1","[Repairing of OH lines , service wires , street light replacement , painting of poles , providing of earthing and regulators for ceiling fans in quarters at Ghugus Sub Area of Wani Area. ][wa4350-enm-0075-2021-22]","Western Coalfields Limited||Wani||Wani_E and M","AOC","Repairing of OH lines , service wires , street light replacement , painting of poles , providing of earthing and regulators for ceiling fans in quarters at Ghugus Sub Area of Wani Area.","wa4350-enm-0075-2021-22",""
"https://coalindiatenders.nic.in","WIRES","AOC","35","2021_WCL_227650_1","[Repairing of OH Lines , service wires, street light replacement , painting of poles , providing of earthing and regulators for ceiling fans in quarters of Sunder Nagar colony of Neeljai Sub Area , Wani Area.][wa4350-enm-0072-2021-22]","Western Coalfields Limited||Wani||Wani_E and M","AOC","Repairing of OH Lines , service wires, street light replacement , painting of poles , providing of earthing and regulators for ceiling fans in quarters of Sunder Nagar colony of Neeljai Sub Area , Wani Area.","wa4350-enm-0072-2021-22",""
"https://coalindiatenders.nic.in","WIRES","AOC","36","2021_WCL_218735_1","[Maintenance of Over head lines like installation of lighting poles, replacement of insulators, guarding, stay wires, earthing, removal of faulty light fittings , refitting on poles, digging of drains for removal installation of cables etc For KV c][WCL-hq-admn-enm-e003/2021-22]","Western Coalfields Limited||HQ||HQ_E and M","AOC","Maintenance of Over head lines like installation of lighting poles, replacement of insulators, guarding, stay wires, earthing, removal of faulty light fittings , refitting on poles, digging of drains for removal installation of cables etc For KV c","WCL-hq-admn-enm-e003/2021-22",""
"https://coalindiatenders.nic.in","WIRES","AOC","37","2021_SECL_208093_1","[Supply of CABLES AND WIRES][SECL/GA/MMW/OPEN/G 11118/2021-22/027]","South Eastern Coalfields Limited||Gevra Area||GVR_Material Management","AOC","Supply of CABLES AND WIRES","SECL/GA/MMW/OPEN/G 11118/2021-22/027",""
"https://coalindiatenders.nic.in","WIRES","AOC","38","2021_MCL_196419_1","[SUPPLY OF SUPER ENEMELLED COPPER WIRES.][MCL/GM/CWS/IBV/MMD/OTE/F 57/20-21/30 DT.09.02.2021]","Mahanadi Coalfields Limited||CWS IBV||CWSIB_MM||MM","AOC","SUPPLY OF SUPER ENEMELLED COPPER WIRES.","MCL/GM/CWS/IBV/MMD/OTE/F 57/20-21/30 DT.09.02.2021",""
"https://coalindiatenders.nic.in","WIRES","AOC","39","2021_ECL_207021_1","[Fencing around substation and earth pit with concertina wires at 3 and 4 Incline under JPC][GM/JNR/CIVIL/e-tender/21-22/ 051 dt. 20.05.2021 ]","Eastern Coalfields Limited||ECL_Jhanjra area","AOC","Fencing around substation and earth pit with concertina wires at 3 and 4 Incline under JPC","GM/JNR/CIVIL/e-tender/21-22/ 051 dt. 20.05.2021",""
"https://coalindiatenders.nic.in","WIRES","AOC","40","2021_CCL_219146_1","[Providing and fixing of switches, socket, plug, damaged wires etc. of different quarters and offices in colony to meet day to day requirement under Ashok OCP, Piparwar Area.][PO(AK)/PE(EnM)/e-NIT/21-22/90]","Central Coalfields Limited||Piparwar","AOC","Providing and fixing of switches, socket, plug, damaged wires etc. of different quarters and offices in colony to meet day to day requirement under Ashok OCP, Piparwar Area.","PO(AK)/PE(EnM)/e-NIT/21-22/90",""
"https://coalindiatenders.nic.in","WIRES","AOC","41","2021_CCL_215852_1","[Toward Repairing replacement of deteriorated electric board, switches, sockets, LED bulbs, tube light, fan regulators, ceiling rose, wires etc. in all the officers and others places wherever are required at Tapin North OCP Hazaribagh Area.][PE(ENM)/TNOCP/Tender/21-22/08, Dt.25/08/2021]","Central Coalfields Limited||Hazaribag","AOC","Toward Repairing replacement of deteriorated electric board, switches, sockets, LED bulbs, tube light, fan regulators, ceiling rose, wires etc. in all the officers and others places wherever are required at Tapin North OCP Hazaribagh Area.","PE(ENM)/TNOCP/Tender/21-22/08, Dt.25/08/2021",""
"https://coalindiatenders.nic.in","WIRES","AOC","42","2021_CCL_201203_1","[Extension of 230 V, 3 wires, Lighting line from Coal stock No. 19 to Lower Dakra seam coal bench for providing illumination at working faces under KDH OCP, NK Area][GM(NK)/EnM/eNIT/2020-21/92]","Central Coalfields Limited||NK Dakara","AOC","Extension of 230 V, 3 wires, Lighting line from Coal stock No. 19 to Lower Dakra seam coal bench for providing illumination at working faces under KDH OCP, NK Area","GM(NK)/EnM/eNIT/2020-21/92",""
"https://coalindiatenders.nic.in","WIRES","AOC","43","2021_CCL_196770_1","[Fixing of swtches and service wires][CCL/CHR/EnM/e Tender/2020-21/209]","Central Coalfields Limited||CHN Hospital","AOC","Fixing of swtches and service wires","CCL/CHR/EnM/e Tender/2020-21/209",""
"https://coalindiatenders.nic.in","WIRES","AOC","44","2021_BCCL_196778_2","[Replacement/ repairing of damaged electrical wires and replacement of search lights (04 Nos.) of Pay Loader Model No. TWL-3036, Sl. No.2469 at Sudamdih Coal Washery][BCCL/EWZ/SCW/20-21/030]","Bharat Coking Coal Limited||BCCL_EWZ","AOC","Replacement/ repairing of damaged electrical wires and replacement of search lights (04 Nos.) of Pay Loader Model No. TWL-3036, Sl. No.2469 at Sudamdih Coal Washery","BCCL/EWZ/SCW/20-21/030",""
"https://coalindiatenders.nic.in","WIRES","AOC","45","2020_WCL_160898_1","[Replacement of service wires and erection of earth pits for][ba3651-enm-058-2019-20]","Western Coalfields Limited||BLP||BLP_E and M","AOC","Replacement of service wires and erection of earth pits for","ba3651-enm-058-2019-20",""
"https://coalindiatenders.nic.in","WIRES","AOC","46","2020_MCL_179242_1","[SUPPLY OF SUPER ENAMELLED COPPER WIRES.][MCL/GM/CWS/IBV/MMD/OTE/F 29/20-21/12, DT.03.08.20.]","Mahanadi Coalfields Limited||CWS IBV||CWSIB_MM||MM","AOC","SUPPLY OF SUPER ENAMELLED COPPER WIRES.","MCL/GM/CWS/IBV/MMD/OTE/F 29/20-21/12, DT.03.08.20.",""
"https://coalindiatenders.nic.in","WIRES","AOC","47","2020_MCL_162077_1","[Supply of Super Enamelled Copper Wires.][MCL/GM/CWS/IBV/MMD/ET/F 53/19-20/30 DT.14.01.2020]","Mahanadi Coalfields Limited||CWS IBV||CWSIB_MM||MM","AOC","Supply of Super Enamelled Copper Wires.","MCL/GM/CWS/IBV/MMD/ET/F 53/19-20/30 DT.14.01.2020",""
"https://coalindiatenders.nic.in","WIRES","AOC","48","2019_WCL_134733_1","[Maintenance of over head lines, replacement of insulators, guarding, stay wires, earthing, conductor tightening and removal of faulty street light fittings and refitting after repairing on lighting poles, at Koyala Vihar and Indora Colony of WCL HQ.][WCL/HQ/GSD/ENM/e07/2019-20]","Western Coalfields Limited||HQ||HQ_E and M","AOC","Maintenance of over head lines, replacement of insulators, guarding, stay wires, earthing, conductor tightening and removal of faulty street light fittings and refitting after repairing on lighting poles, at Koyala Vihar and Indora Colony of WCL HQ.","WCL/HQ/GSD/ENM/e07/2019-20",""
"https://coalindiatenders.nic.in","WIRES","AOC","49","2019_NCL_142198_1","[Procurement of Super Enamelled Copper Wires 16, 18 and 19 SWG][CWS/APC/OTE/1041-1177/024 dtd. 20/06/2019]","Northern Coalfields Limited||CWS , Jayant","AOC","Procurement of Super Enamelled Copper Wires 16, 18 and 19 SWG","CWS/APC/OTE/1041-1177/024 dtd. 20/06/2019",""
"https://coalindiatenders.nic.in","WIRES","AOC","50","2019_BCCL_144530_1","[Maintenance of Over head line of A) 440 O/H line 4 wires at near old Kustore Area Office, Kali Mandir to Naya Dhowra Centre and other Lighting line mentioned from A to G under CWS Kustore.][BCCL/PBA/AM(EnM)/2019-20/47 Dt - 11.07.19]","Bharat Coking Coal Limited||BCCL_PB AREA","AOC","Maintenance of Over head line of A) 440 O/H line 4 wires at near old Kustore Area Office, Kali Mandir to Naya Dhowra Centre and other Lighting line mentioned from A to G under CWS Kustore.","BCCL/PBA/AM(EnM)/2019-20/47 Dt - 11.07.19",""
"https://coalindiatenders.nic.in","WIRES","AOC","51","2018_WCL_103781_1","[Supply of Hualage wires][WCL-hq-pur-akd-RA-e010-2018-19]","Western Coalfields Limited||HQ||HQ_MM","AOC","Supply of Hualage wires","WCL-hq-pur-akd-RA-e010-2018-19",""
"https://coalindiatenders.nic.in","WIRES","AOC","52","2018_SECL_116594_1","[PROCUREMENT OF ENAMMELED COPPER WIRES OF VARIOUS SIZES AS PER NIT][SECL/BSPR/MMW/IR69/Copper Wire/OTE/18-19/67]","South Eastern Coalfields Limited||Bishrampur Area","AOC","PROCUREMENT OF ENAMMELED COPPER WIRES OF VARIOUS SIZES AS PER NIT","SECL/BSPR/MMW/IR69/Copper Wire/OTE/18-19/67",""
"https://coalindiatenders.nic.in","WIRES","AOC","53","2018_SECL_103683_1","[Supply of CABLES AND WIRES][SECL/GA/MMW/OPEN/G 11118/2018-19/039]","South Eastern Coalfields Limited||Gevra Area","AOC","Supply of CABLES AND WIRES","SECL/GA/MMW/OPEN/G 11118/2018-19/039",""
"https://coalindiatenders.nic.in","WIRES","AOC","54","2018_MCL_97192_1","[Supply of PVC Aluminium wires ][SO(MM)/HA/PVC_ALUWIRE/R-34/66 ]","Mahanadi Coalfields Limited||HINGULA AREA||HING_MM||MM","AOC","Supply of PVC Aluminium wires","SO(MM)/HA/PVC_ALUWIRE/R-34/66",""
"https://coalindiatenders.nic.in","WIRES","AOC","55","2018_MCL_112030_1","[Supply of Fuse wires for Auto Bomb Calorimeter in Coal Analysis laboratory][SO(MM)/BOMBCALcons/R-13/49 ]","Mahanadi Coalfields Limited||HINGULA AREA||HING_MM||MM","AOC","Supply of Fuse wires for Auto Bomb Calorimeter in Coal Analysis laboratory","SO(MM)/BOMBCALcons/R-13/49",""
"https://coalindiatenders.nic.in","WIRES","AOC","56","2018_MCL_111271_1","[SUPPLY OF SUPER ENAMELLED COPPER WIRES.][MCL/GM/CWS/IBV/MMD/ET/F-05/ 18-19/07, Dt.10.08.18.]","Mahanadi Coalfields Limited||CWS IBV||CWSIB_MM||MM","AOC","SUPPLY OF SUPER ENAMELLED COPPER WIRES.","MCL/GM/CWS/IBV/MMD/ET/F-05/ 18-19/07, Dt.10.08.18.",""
"https://coalindiatenders.nic.in","WIRES","AOC","57","2018_ECL_99741_1","[Supply and procurements of Super enamelled (SE) Copper Wire (BIS Marked Polysterimide Enamelled round copper wires class 180 as per IS-13730(Part-8)/IEC 60317-8(Grade-2) ][ECL/SCW/e-Tender/17-18/147 dtd. 27.03.18]","Eastern Coalfields Limited||ECL_WS_Sodepur","AOC","Supply and procurements of Super enamelled (SE) Copper Wire (BIS Marked Polysterimide Enamelled round copper wires class 180 as per IS-13730(Part-8)/IEC 60317-8(Grade-2)","ECL/SCW/e-Tender/17-18/147 dtd. 27.03.18",""
"https://coalindiatenders.nic.in","WIRES","AOC","58","2018_ECL_111104_2","[Outer Fencing of Main substation premises with concertina wires under Jhanjra Area.][GM/JNR/CIVIL/e-tender/18-19/ 606 dated-03.08.2018]","Eastern Coalfields Limited||ECL_Jhanjra area","AOC","Outer Fencing of Main substation premises with concertina wires under Jhanjra Area.","GM/JNR/CIVIL/e-tender/18-19/ 606 dated-03.08.2018",""
"https://coalindiatenders.nic.in","WIRES","AOC","59","2018_CCL_114106_1","[Procurement of SE and DPC round copper wires][CRS/MM/QTN/18-19/33]","Central Coalfields Limited||CRS Bakakhana","AOC","Procurement of SE and DPC round copper wires","CRS/MM/QTN/18-19/33",""
"https://coalindiatenders.nic.in","WIRES","AOC","60","2017_ECL_59412_1","[New installation of two wires Overhead Line from ECL Aided school to Pandaveswar colliery road including Ramnagar colliery road side up to more under Pandaveswar Colliery under Pandaveswar Area, ECL.][GM/PND/EandM/16-17/38/3099]","Eastern Coalfields Limited||ECL_Pandaveswar area","AOC","New installation of two wires Overhead Line from ECL Aided school to Pandaveswar colliery road including Ramnagar colliery road side up to more under Pandaveswar Colliery under Pandaveswar Area, ECL.","GM/PND/EandM/16-17/38/3099",""
"https://coalindiatenders.nic.in","WIRES","AOC","61","2017_CCL_86142_1","[Procurement of DPC Copper Wires in respect of Barka-Sayal Area][CCL/B-S Area/MMD/17-18/038]","Central Coalfields Limited||Barka Syal","AOC","Procurement of DPC Copper Wires in respect of Barka-Sayal Area","CCL/B-S Area/MMD/17-18/038",""
"https://coalindiatenders.nic.in","WIRES","AOC","62","2017_CCL_66813_1","[Supply of PVC Copper Wires for RWP][Dy.GM (MM)/R/e-Tender/17-18/07 ]","Central Coalfields Limited||Rajrappa","AOC","Supply of PVC Copper Wires for RWP","Dy.GM (MM)/R/e-Tender/17-18/07",""
"https://coalindiatenders.nic.in","WIRES","AOC","63","2016_SECL_46527_1","[SECL/DCC/Supply of different PVC INSULATED COPPER WIRES][SECL/DCC/07/F-015/16-17/ENQ13]","South Eastern Coalfields Limited||Dankuni Coal Complex","AOC","SECL/DCC/Supply of different PVC INSULATED COPPER WIRES","SECL/DCC/07/F-015/16-17/ENQ13",""
"https://coalindiatenders.nic.in","WIRES","AOC","64","2016_SECL_41232_1","[Erection of Approx 600 Mtr long LT Over Head line 3,5 wires for complete lighting purpose around the barrack, Dining Hall, Offices, Transformer Room, Pump House, Toilet for National Industries Security Force (NISF) in the premises of KW Colliery][SECL/GM(EM)/eT/JK/16-17/14]","South Eastern Coalfields Limited||Jamuna & Kotma Area","AOC","Erection of Approx 600 Mtr long LT Over Head line 3,5 wires for complete lighting purpose around the barrack, Dining Hall, Offices, Transformer Room, Pump House, Toilet for National Industries Security Force (NISF) in the premises of KW Colliery","SECL/GM(EM)/eT/JK/16-17/14",""
"https://coalindiatenders.nic.in","WIRES","AOC","65","2016_NEC_35996_1","[E-TENDER FOR CONCLUSION OF RATE CONTRACT FOR SUPPLY OF ISI MARKED SUPER ENAMELLED COPPER WIRES OF VARIOUS SIZES][NEC/116182002/6]","North Eastern Coalfields, Margherita","AOC","E-TENDER FOR CONCLUSION OF RATE CONTRACT FOR SUPPLY OF ISI MARKED SUPER ENAMELLED COPPER WIRES OF VARIOUS SIZES","NEC/116182002/6",""
"https://coalindiatenders.nic.in","WIRES","AOC","66","2016_ECL_52485_1","[Installation of earth spike arrangement and lightning arrestor wires around 11KV/3.3KV/550V/440V sub-station at Bankola Colliery and construction/installation of 8 nos. earth pit and rectification/renovation of 8 nos. of existing earth pit at Bankola][ECL/GM/BA/e-Tender/ EnM/16-17/287 31.10.16]","Eastern Coalfields Limited||ECL_Bankola area","AOC","Installation of earth spike arrangement and lightning arrestor wires around 11KV/3.3KV/550V/440V sub-station at Bankola Colliery and construction/installation of 8 nos. earth pit and rectification/renovation of 8 nos. of existing earth pit at Bankola","ECL/GM/BA/e-Tender/ EnM/16-17/287 31.10.16",""
"https://coalindiatenders.nic.in","WIRES","AOC","67","2015_SECL_9960_1","[Supply of PVC WIRES FOR 132KV CSS AND TA(E AND M)][SECL/GA/MMW/OPEN/G11287/14-15/390 DT. 31.03.2]","South Eastern Coalfields Limited||Gevra Area","AOC","Supply of PVC WIRES FOR 132KV CSS AND TA(E AND M)","SECL/GA/MMW/OPEN/G11287/14-15/390 DT. 31.03.2",""
"https://coalindiatenders.nic.in","WIRES","AOC","68","2015_SECL_27981_1","[Supply of PVC WIRES FOR 132KV CSS AND TA (E AND M)][MMW/OPEN/G11148/15-16/227 DT. 07.12.2015]","South Eastern Coalfields Limited||Gevra Area","AOC","Supply of PVC WIRES FOR 132KV CSS AND TA (E AND M)","MMW/OPEN/G11148/15-16/227 DT. 07.12.2015",""
"https://coalindiatenders.nic.in","WIRES","AOC","69","2015_SECL_22563_1","[G.I. WIRES][SECL/GM/BSPR/MMW/124(7)/GI WIRES/OTE/15-16/102]","South Eastern Coalfields Limited||Bishrampur Area","AOC","G.I. WIRES","SECL/GM/BSPR/MMW/124(7)/GI WIRES/OTE/15-16/102",""
"https://coalindiatenders.nic.in","WIRES","AOC","70","2014_WCL_819_1","[supply of Armoured Telephone Cables,Jelly Filled Telephone cables and Drop Wires][WCl/Hq-pur-nn-e170-2013-14]","Western Coalfields Limited||HQ","AOC","supply of Armoured Telephone Cables,Jelly Filled Telephone cables and Drop Wires","WCl/Hq-pur-nn-e170-2013-14",""
"https://coalindiatenders.nic.in","WIRES","AOC","71","2014_NCL_5337_1","[ENAMELLED COPPER WIRES ][NCL/JNT/P.CELL/14-15/14136/209]","Northern Coalfields Limited||Jayant Project","AOC","ENAMELLED COPPER WIRES","NCL/JNT/P.CELL/14-15/14136/209",""
"https://coalindiatenders.nic.in","WIRES","AOC","72","2014_CCL_4111_1","[SEC Copper Wires][CCL/MMD/CM(P-7/EM/SEC Wires/209/14-15]","Central Coalfields Limited||HQ MM","AOC","SEC Copper Wires","CCL/MMD/CM(P-7/EM/SEC Wires/209/14-15",""